# run,cmsls,prescidx,totprescval,hltpath/prescval,logic,l1bit/prescval
317527,1,2,0.00,HLT_Mu8_IP6_part0_v2/0,OR,L1_SingleMu22/1.00 L1_SingleMu25/1.00 L1_SingleMu6er1p5/0.00 L1_SingleMu7er1p5/0.00 L1_SingleMu8er1p5/0.00 L1_SingleMu9er1p5/0.00 L1_SingleMu10er1p5/0.00 L1_SingleMu12er1p5/0.00 L1_SingleMu14er1p5/0.00 L1_SingleMu18er1p5/0.00
317527,395,3,0.00,HLT_Mu8_IP6_part0_v2/0,OR,L1_SingleMu22/1.00 L1_SingleMu25/1.00 L1_SingleMu6er1p5/0.00 L1_SingleMu7er1p5/0.00 L1_SingleMu8er1p5/0.00 L1_SingleMu9er1p5/0.00 L1_SingleMu10er1p5/0.00 L1_SingleMu12er1p5/1.00 L1_SingleMu14er1p5/0.00 L1_SingleMu18er1p5/0.00
317527,609,4,0.00,HLT_Mu8_IP6_part0_v2/0,OR,L1_SingleMu22/1.00 L1_SingleMu25/1.00 L1_SingleMu6er1p5/0.00 L1_SingleMu7er1p5/0.00 L1_SingleMu8er1p5/0.00 L1_SingleMu9er1p5/0.00 L1_SingleMu10er1p5/1.00 L1_SingleMu12er1p5/1.00 L1_SingleMu14er1p5/1.00 L1_SingleMu18er1p5/1.00
317527,1043,5,0.00,HLT_Mu8_IP6_part0_v2/0,OR,L1_SingleMu22/1.00 L1_SingleMu25/1.00 L1_SingleMu6er1p5/0.00 L1_SingleMu7er1p5/0.00 L1_SingleMu8er1p5/0.00 L1_SingleMu9er1p5/1.00 L1_SingleMu10er1p5/1.00 L1_SingleMu12er1p5/1.00 L1_SingleMu14er1p5/1.00 L1_SingleMu18er1p5/1.00
317527,1453,6,0.00,HLT_Mu8_IP6_part0_v2/0,OR,L1_SingleMu22/1.00 L1_SingleMu25/1.00 L1_SingleMu6er1p5/0.00 L1_SingleMu7er1p5/0.00 L1_SingleMu8er1p5/1.00 L1_SingleMu9er1p5/1.00 L1_SingleMu10er1p5/1.00 L1_SingleMu12er1p5/1.00 L1_SingleMu14er1p5/1.00 L1_SingleMu18er1p5/1.00
317527,1,2,0.00,HLT_Mu8_IP6_part0_v2/0,OR,L1_SingleMu22/1.00 L1_SingleMu25/1.00 L1_SingleMu6er1p5/0.00 L1_SingleMu7er1p5/0.00 L1_SingleMu8er1p5/0.00 L1_SingleMu9er1p5/0.00 L1_SingleMu10er1p5/0.00 L1_SingleMu12er1p5/0.00 L1_SingleMu14er1p5/0.00 L1_SingleMu18er1p5/0.00
317527,395,3,0.00,HLT_Mu8_IP6_part0_v2/0,OR,L1_SingleMu22/1.00 L1_SingleMu25/1.00 L1_SingleMu6er1p5/0.00 L1_SingleMu7er1p5/0.00 L1_SingleMu8er1p5/0.00 L1_SingleMu9er1p5/0.00 L1_SingleMu10er1p5/0.00 L1_SingleMu12er1p5/1.00 L1_SingleMu14er1p5/0.00 L1_SingleMu18er1p5/0.00
317527,609,4,0.00,HLT_Mu8_IP6_part0_v2/0,OR,L1_SingleMu22/1.00 L1_SingleMu25/1.00 L1_SingleMu6er1p5/0.00 L1_SingleMu7er1p5/0.00 L1_SingleMu8er1p5/0.00 L1_SingleMu9er1p5/0.00 L1_SingleMu10er1p5/1.00 L1_SingleMu12er1p5/1.00 L1_SingleMu14er1p5/1.00 L1_SingleMu18er1p5/1.00
317527,1043,5,0.00,HLT_Mu8_IP6_part0_v2/0,OR,L1_SingleMu22/1.00 L1_SingleMu25/1.00 L1_SingleMu6er1p5/0.00 L1_SingleMu7er1p5/0.00 L1_SingleMu8er1p5/0.00 L1_SingleMu9er1p5/1.00 L1_SingleMu10er1p5/1.00 L1_SingleMu12er1p5/1.00 L1_SingleMu14er1p5/1.00 L1_SingleMu18er1p5/1.00
317527,1453,6,0.00,HLT_Mu8_IP6_part0_v2/0,OR,L1_SingleMu22/1.00 L1_SingleMu25/1.00 L1_SingleMu6er1p5/0.00 L1_SingleMu7er1p5/0.00 L1_SingleMu8er1p5/1.00 L1_SingleMu9er1p5/1.00 L1_SingleMu10er1p5/1.00 L1_SingleMu12er1p5/1.00 L1_SingleMu14er1p5/1.00 L1_SingleMu18er1p5/1.00
317527,1,2,0.00,HLT_Mu8_IP6_part0_v2/0,OR,L1_SingleMu22/1.00 L1_SingleMu25/1.00 L1_SingleMu6er1p5/0.00 L1_SingleMu7er1p5/0.00 L1_SingleMu8er1p5/0.00 L1_SingleMu9er1p5/0.00 L1_SingleMu10er1p5/0.00 L1_SingleMu12er1p5/0.00 L1_SingleMu14er1p5/0.00 L1_SingleMu18er1p5/0.00
317527,395,3,0.00,HLT_Mu8_IP6_part0_v2/0,OR,L1_SingleMu22/1.00 L1_SingleMu25/1.00 L1_SingleMu6er1p5/0.00 L1_SingleMu7er1p5/0.00 L1_SingleMu8er1p5/0.00 L1_SingleMu9er1p5/0.00 L1_SingleMu10er1p5/0.00 L1_SingleMu12er1p5/1.00 L1_SingleMu14er1p5/0.00 L1_SingleMu18er1p5/0.00
317527,609,4,0.00,HLT_Mu8_IP6_part0_v2/0,OR,L1_SingleMu22/1.00 L1_SingleMu25/1.00 L1_SingleMu6er1p5/0.00 L1_SingleMu7er1p5/0.00 L1_SingleMu8er1p5/0.00 L1_SingleMu9er1p5/0.00 L1_SingleMu10er1p5/1.00 L1_SingleMu12er1p5/1.00 L1_SingleMu14er1p5/1.00 L1_SingleMu18er1p5/1.00
317527,1043,5,0.00,HLT_Mu8_IP6_part0_v2/0,OR,L1_SingleMu22/1.00 L1_SingleMu25/1.00 L1_SingleMu6er1p5/0.00 L1_SingleMu7er1p5/0.00 L1_SingleMu8er1p5/0.00 L1_SingleMu9er1p5/1.00 L1_SingleMu10er1p5/1.00 L1_SingleMu12er1p5/1.00 L1_SingleMu14er1p5/1.00 L1_SingleMu18er1p5/1.00
317527,1453,6,0.00,HLT_Mu8_IP6_part0_v2/0,OR,L1_SingleMu22/1.00 L1_SingleMu25/1.00 L1_SingleMu6er1p5/0.00 L1_SingleMu7er1p5/0.00 L1_SingleMu8er1p5/1.00 L1_SingleMu9er1p5/1.00 L1_SingleMu10er1p5/1.00 L1_SingleMu12er1p5/1.00 L1_SingleMu14er1p5/1.00 L1_SingleMu18er1p5/1.00
317591,1,2,0.00,HLT_Mu8_IP6_part0_v2/0,OR,L1_SingleMu22/1.00 L1_SingleMu25/1.00 L1_SingleMu6er1p5/0.00 L1_SingleMu7er1p5/0.00 L1_SingleMu8er1p5/0.00 L1_SingleMu9er1p5/0.00 L1_SingleMu10er1p5/0.00 L1_SingleMu12er1p5/0.00 L1_SingleMu14er1p5/0.00 L1_SingleMu18er1p5/0.00
317591,298,3,0.00,HLT_Mu8_IP6_part0_v2/0,OR,L1_SingleMu22/1.00 L1_SingleMu25/1.00 L1_SingleMu6er1p5/0.00 L1_SingleMu7er1p5/0.00 L1_SingleMu8er1p5/0.00 L1_SingleMu9er1p5/0.00 L1_SingleMu10er1p5/0.00 L1_SingleMu12er1p5/1.00 L1_SingleMu14er1p5/0.00 L1_SingleMu18er1p5/0.00
317626,1,2,0.00,HLT_Mu8_IP6_part0_v2/0,OR,L1_SingleMu22/1.00 L1_SingleMu25/1.00 L1_SingleMu6er1p5/0.00 L1_SingleMu7er1p5/0.00 L1_SingleMu8er1p5/0.00 L1_SingleMu9er1p5/0.00 L1_SingleMu10er1p5/0.00 L1_SingleMu12er1p5/0.00 L1_SingleMu14er1p5/0.00 L1_SingleMu18er1p5/0.00
317626,314,3,0.00,HLT_Mu8_IP6_part0_v2/0,OR,L1_SingleMu22/1.00 L1_SingleMu25/1.00 L1_SingleMu6er1p5/0.00 L1_SingleMu7er1p5/0.00 L1_SingleMu8er1p5/0.00 L1_SingleMu9er1p5/0.00 L1_SingleMu10er1p5/0.00 L1_SingleMu12er1p5/1.00 L1_SingleMu14er1p5/0.00 L1_SingleMu18er1p5/0.00
317626,563,4,0.00,HLT_Mu8_IP6_part0_v2/0,OR,L1_SingleMu22/1.00 L1_SingleMu25/1.00 L1_SingleMu6er1p5/0.00 L1_SingleMu7er1p5/0.00 L1_SingleMu8er1p5/0.00 L1_SingleMu9er1p5/0.00 L1_SingleMu10er1p5/1.00 L1_SingleMu12er1p5/1.00 L1_SingleMu14er1p5/1.00 L1_SingleMu18er1p5/1.00
317626,846,5,0.00,HLT_Mu8_IP6_part0_v2/0,OR,L1_SingleMu22/1.00 L1_SingleMu25/1.00 L1_SingleMu6er1p5/0.00 L1_SingleMu7er1p5/0.00 L1_SingleMu8er1p5/0.00 L1_SingleMu9er1p5/1.00 L1_SingleMu10er1p5/1.00 L1_SingleMu12er1p5/1.00 L1_SingleMu14er1p5/1.00 L1_SingleMu18er1p5/1.00
317626,1132,6,0.00,HLT_Mu8_IP6_part0_v2/0,OR,L1_SingleMu22/1.00 L1_SingleMu25/1.00 L1_SingleMu6er1p5/0.00 L1_SingleMu7er1p5/0.00 L1_SingleMu8er1p5/1.00 L1_SingleMu9er1p5/1.00 L1_SingleMu10er1p5/1.00 L1_SingleMu12er1p5/1.00 L1_SingleMu14er1p5/1.00 L1_SingleMu18er1p5/1.00
317626,1650,7,0.00,HLT_Mu8_IP6_part0_v2/0,OR,L1_SingleMu22/1.00 L1_SingleMu25/1.00 L1_SingleMu6er1p5/0.00 L1_SingleMu7er1p5/1.00 L1_SingleMu8er1p5/1.00 L1_SingleMu9er1p5/1.00 L1_SingleMu10er1p5/1.00 L1_SingleMu12er1p5/1.00 L1_SingleMu14er1p5/1.00 L1_SingleMu18er1p5/1.00
317626,1,2,0.00,HLT_Mu8_IP6_part0_v2/0,OR,L1_SingleMu22/1.00 L1_SingleMu25/1.00 L1_SingleMu6er1p5/0.00 L1_SingleMu7er1p5/0.00 L1_SingleMu8er1p5/0.00 L1_SingleMu9er1p5/0.00 L1_SingleMu10er1p5/0.00 L1_SingleMu12er1p5/0.00 L1_SingleMu14er1p5/0.00 L1_SingleMu18er1p5/0.00
317626,314,3,0.00,HLT_Mu8_IP6_part0_v2/0,OR,L1_SingleMu22/1.00 L1_SingleMu25/1.00 L1_SingleMu6er1p5/0.00 L1_SingleMu7er1p5/0.00 L1_SingleMu8er1p5/0.00 L1_SingleMu9er1p5/0.00 L1_SingleMu10er1p5/0.00 L1_SingleMu12er1p5/1.00 L1_SingleMu14er1p5/0.00 L1_SingleMu18er1p5/0.00
317626,563,4,0.00,HLT_Mu8_IP6_part0_v2/0,OR,L1_SingleMu22/1.00 L1_SingleMu25/1.00 L1_SingleMu6er1p5/0.00 L1_SingleMu7er1p5/0.00 L1_SingleMu8er1p5/0.00 L1_SingleMu9er1p5/0.00 L1_SingleMu10er1p5/1.00 L1_SingleMu12er1p5/1.00 L1_SingleMu14er1p5/1.00 L1_SingleMu18er1p5/1.00
317626,846,5,0.00,HLT_Mu8_IP6_part0_v2/0,OR,L1_SingleMu22/1.00 L1_SingleMu25/1.00 L1_SingleMu6er1p5/0.00 L1_SingleMu7er1p5/0.00 L1_SingleMu8er1p5/0.00 L1_SingleMu9er1p5/1.00 L1_SingleMu10er1p5/1.00 L1_SingleMu12er1p5/1.00 L1_SingleMu14er1p5/1.00 L1_SingleMu18er1p5/1.00
317626,1132,6,0.00,HLT_Mu8_IP6_part0_v2/0,OR,L1_SingleMu22/1.00 L1_SingleMu25/1.00 L1_SingleMu6er1p5/0.00 L1_SingleMu7er1p5/0.00 L1_SingleMu8er1p5/1.00 L1_SingleMu9er1p5/1.00 L1_SingleMu10er1p5/1.00 L1_SingleMu12er1p5/1.00 L1_SingleMu14er1p5/1.00 L1_SingleMu18er1p5/1.00
317626,1650,7,0.00,HLT_Mu8_IP6_part0_v2/0,OR,L1_SingleMu22/1.00 L1_SingleMu25/1.00 L1_SingleMu6er1p5/0.00 L1_SingleMu7er1p5/1.00 L1_SingleMu8er1p5/1.00 L1_SingleMu9er1p5/1.00 L1_SingleMu10er1p5/1.00 L1_SingleMu12er1p5/1.00 L1_SingleMu14er1p5/1.00 L1_SingleMu18er1p5/1.00
317626,1,2,0.00,HLT_Mu8_IP6_part0_v2/0,OR,L1_SingleMu22/1.00 L1_SingleMu25/1.00 L1_SingleMu6er1p5/0.00 L1_SingleMu7er1p5/0.00 L1_SingleMu8er1p5/0.00 L1_SingleMu9er1p5/0.00 L1_SingleMu10er1p5/0.00 L1_SingleMu12er1p5/0.00 L1_SingleMu14er1p5/0.00 L1_SingleMu18er1p5/0.00
317626,314,3,0.00,HLT_Mu8_IP6_part0_v2/0,OR,L1_SingleMu22/1.00 L1_SingleMu25/1.00 L1_SingleMu6er1p5/0.00 L1_SingleMu7er1p5/0.00 L1_SingleMu8er1p5/0.00 L1_SingleMu9er1p5/0.00 L1_SingleMu10er1p5/0.00 L1_SingleMu12er1p5/1.00 L1_SingleMu14er1p5/0.00 L1_SingleMu18er1p5/0.00
317626,563,4,0.00,HLT_Mu8_IP6_part0_v2/0,OR,L1_SingleMu22/1.00 L1_SingleMu25/1.00 L1_SingleMu6er1p5/0.00 L1_SingleMu7er1p5/0.00 L1_SingleMu8er1p5/0.00 L1_SingleMu9er1p5/0.00 L1_SingleMu10er1p5/1.00 L1_SingleMu12er1p5/1.00 L1_SingleMu14er1p5/1.00 L1_SingleMu18er1p5/1.00
317626,846,5,0.00,HLT_Mu8_IP6_part0_v2/0,OR,L1_SingleMu22/1.00 L1_SingleMu25/1.00 L1_SingleMu6er1p5/0.00 L1_SingleMu7er1p5/0.00 L1_SingleMu8er1p5/0.00 L1_SingleMu9er1p5/1.00 L1_SingleMu10er1p5/1.00 L1_SingleMu12er1p5/1.00 L1_SingleMu14er1p5/1.00 L1_SingleMu18er1p5/1.00
317626,1132,6,0.00,HLT_Mu8_IP6_part0_v2/0,OR,L1_SingleMu22/1.00 L1_SingleMu25/1.00 L1_SingleMu6er1p5/0.00 L1_SingleMu7er1p5/0.00 L1_SingleMu8er1p5/1.00 L1_SingleMu9er1p5/1.00 L1_SingleMu10er1p5/1.00 L1_SingleMu12er1p5/1.00 L1_SingleMu14er1p5/1.00 L1_SingleMu18er1p5/1.00
317626,1650,7,0.00,HLT_Mu8_IP6_part0_v2/0,OR,L1_SingleMu22/1.00 L1_SingleMu25/1.00 L1_SingleMu6er1p5/0.00 L1_SingleMu7er1p5/1.00 L1_SingleMu8er1p5/1.00 L1_SingleMu9er1p5/1.00 L1_SingleMu10er1p5/1.00 L1_SingleMu12er1p5/1.00 L1_SingleMu14er1p5/1.00 L1_SingleMu18er1p5/1.00
317626,1,2,0.00,HLT_Mu8_IP6_part0_v2/0,OR,L1_SingleMu22/1.00 L1_SingleMu25/1.00 L1_SingleMu6er1p5/0.00 L1_SingleMu7er1p5/0.00 L1_SingleMu8er1p5/0.00 L1_SingleMu9er1p5/0.00 L1_SingleMu10er1p5/0.00 L1_SingleMu12er1p5/0.00 L1_SingleMu14er1p5/0.00 L1_SingleMu18er1p5/0.00
317626,314,3,0.00,HLT_Mu8_IP6_part0_v2/0,OR,L1_SingleMu22/1.00 L1_SingleMu25/1.00 L1_SingleMu6er1p5/0.00 L1_SingleMu7er1p5/0.00 L1_SingleMu8er1p5/0.00 L1_SingleMu9er1p5/0.00 L1_SingleMu10er1p5/0.00 L1_SingleMu12er1p5/1.00 L1_SingleMu14er1p5/0.00 L1_SingleMu18er1p5/0.00
317626,563,4,0.00,HLT_Mu8_IP6_part0_v2/0,OR,L1_SingleMu22/1.00 L1_SingleMu25/1.00 L1_SingleMu6er1p5/0.00 L1_SingleMu7er1p5/0.00 L1_SingleMu8er1p5/0.00 L1_SingleMu9er1p5/0.00 L1_SingleMu10er1p5/1.00 L1_SingleMu12er1p5/1.00 L1_SingleMu14er1p5/1.00 L1_SingleMu18er1p5/1.00
317626,846,5,0.00,HLT_Mu8_IP6_part0_v2/0,OR,L1_SingleMu22/1.00 L1_SingleMu25/1.00 L1_SingleMu6er1p5/0.00 L1_SingleMu7er1p5/0.00 L1_SingleMu8er1p5/0.00 L1_SingleMu9er1p5/1.00 L1_SingleMu10er1p5/1.00 L1_SingleMu12er1p5/1.00 L1_SingleMu14er1p5/1.00 L1_SingleMu18er1p5/1.00
317626,1132,6,0.00,HLT_Mu8_IP6_part0_v2/0,OR,L1_SingleMu22/1.00 L1_SingleMu25/1.00 L1_SingleMu6er1p5/0.00 L1_SingleMu7er1p5/0.00 L1_SingleMu8er1p5/1.00 L1_SingleMu9er1p5/1.00 L1_SingleMu10er1p5/1.00 L1_SingleMu12er1p5/1.00 L1_SingleMu14er1p5/1.00 L1_SingleMu18er1p5/1.00
317626,1650,7,0.00,HLT_Mu8_IP6_part0_v2/0,OR,L1_SingleMu22/1.00 L1_SingleMu25/1.00 L1_SingleMu6er1p5/0.00 L1_SingleMu7er1p5/1.00 L1_SingleMu8er1p5/1.00 L1_SingleMu9er1p5/1.00 L1_SingleMu10er1p5/1.00 L1_SingleMu12er1p5/1.00 L1_SingleMu14er1p5/1.00 L1_SingleMu18er1p5/1.00
317640,1,2,0.00,HLT_Mu8_IP6_part0_v2/0,OR,L1_SingleMu22/1.00 L1_SingleMu25/1.00 L1_SingleMu6er1p5/0.00 L1_SingleMu7er1p5/0.00 L1_SingleMu8er1p5/0.00 L1_SingleMu9er1p5/0.00 L1_SingleMu10er1p5/0.00 L1_SingleMu12er1p5/0.00 L1_SingleMu14er1p5/0.00 L1_SingleMu18er1p5/0.00
317640,279,3,0.00,HLT_Mu8_IP6_part0_v2/0,OR,L1_SingleMu22/1.00 L1_SingleMu25/1.00 L1_SingleMu6er1p5/0.00 L1_SingleMu7er1p5/0.00 L1_SingleMu8er1p5/0.00 L1_SingleMu9er1p5/0.00 L1_SingleMu10er1p5/0.00 L1_SingleMu12er1p5/1.00 L1_SingleMu14er1p5/0.00 L1_SingleMu18er1p5/0.00
317640,424,4,0.00,HLT_Mu8_IP6_part0_v2/0,OR,L1_SingleMu22/1.00 L1_SingleMu25/1.00 L1_SingleMu6er1p5/0.00 L1_SingleMu7er1p5/0.00 L1_SingleMu8er1p5/0.00 L1_SingleMu9er1p5/0.00 L1_SingleMu10er1p5/1.00 L1_SingleMu12er1p5/1.00 L1_SingleMu14er1p5/1.00 L1_SingleMu18er1p5/1.00
317640,718,5,0.00,HLT_Mu8_IP6_part0_v2/0,OR,L1_SingleMu22/1.00 L1_SingleMu25/1.00 L1_SingleMu6er1p5/0.00 L1_SingleMu7er1p5/0.00 L1_SingleMu8er1p5/0.00 L1_SingleMu9er1p5/1.00 L1_SingleMu10er1p5/1.00 L1_SingleMu12er1p5/1.00 L1_SingleMu14er1p5/1.00 L1_SingleMu18er1p5/1.00
317640,1,2,0.00,HLT_Mu8_IP6_part0_v2/0,OR,L1_SingleMu22/1.00 L1_SingleMu25/1.00 L1_SingleMu6er1p5/0.00 L1_SingleMu7er1p5/0.00 L1_SingleMu8er1p5/0.00 L1_SingleMu9er1p5/0.00 L1_SingleMu10er1p5/0.00 L1_SingleMu12er1p5/0.00 L1_SingleMu14er1p5/0.00 L1_SingleMu18er1p5/0.00
317640,279,3,0.00,HLT_Mu8_IP6_part0_v2/0,OR,L1_SingleMu22/1.00 L1_SingleMu25/1.00 L1_SingleMu6er1p5/0.00 L1_SingleMu7er1p5/0.00 L1_SingleMu8er1p5/0.00 L1_SingleMu9er1p5/0.00 L1_SingleMu10er1p5/0.00 L1_SingleMu12er1p5/1.00 L1_SingleMu14er1p5/0.00 L1_SingleMu18er1p5/0.00
317640,424,4,0.00,HLT_Mu8_IP6_part0_v2/0,OR,L1_SingleMu22/1.00 L1_SingleMu25/1.00 L1_SingleMu6er1p5/0.00 L1_SingleMu7er1p5/0.00 L1_SingleMu8er1p5/0.00 L1_SingleMu9er1p5/0.00 L1_SingleMu10er1p5/1.00 L1_SingleMu12er1p5/1.00 L1_SingleMu14er1p5/1.00 L1_SingleMu18er1p5/1.00
317640,718,5,0.00,HLT_Mu8_IP6_part0_v2/0,OR,L1_SingleMu22/1.00 L1_SingleMu25/1.00 L1_SingleMu6er1p5/0.00 L1_SingleMu7er1p5/0.00 L1_SingleMu8er1p5/0.00 L1_SingleMu9er1p5/1.00 L1_SingleMu10er1p5/1.00 L1_SingleMu12er1p5/1.00 L1_SingleMu14er1p5/1.00 L1_SingleMu18er1p5/1.00
317640,1,2,0.00,HLT_Mu8_IP6_part0_v2/0,OR,L1_SingleMu22/1.00 L1_SingleMu25/1.00 L1_SingleMu6er1p5/0.00 L1_SingleMu7er1p5/0.00 L1_SingleMu8er1p5/0.00 L1_SingleMu9er1p5/0.00 L1_SingleMu10er1p5/0.00 L1_SingleMu12er1p5/0.00 L1_SingleMu14er1p5/0.00 L1_SingleMu18er1p5/0.00
317640,279,3,0.00,HLT_Mu8_IP6_part0_v2/0,OR,L1_SingleMu22/1.00 L1_SingleMu25/1.00 L1_SingleMu6er1p5/0.00 L1_SingleMu7er1p5/0.00 L1_SingleMu8er1p5/0.00 L1_SingleMu9er1p5/0.00 L1_SingleMu10er1p5/0.00 L1_SingleMu12er1p5/1.00 L1_SingleMu14er1p5/0.00 L1_SingleMu18er1p5/0.00
317640,424,4,0.00,HLT_Mu8_IP6_part0_v2/0,OR,L1_SingleMu22/1.00 L1_SingleMu25/1.00 L1_SingleMu6er1p5/0.00 L1_SingleMu7er1p5/0.00 L1_SingleMu8er1p5/0.00 L1_SingleMu9er1p5/0.00 L1_SingleMu10er1p5/1.00 L1_SingleMu12er1p5/1.00 L1_SingleMu14er1p5/1.00 L1_SingleMu18er1p5/1.00
317640,718,5,0.00,HLT_Mu8_IP6_part0_v2/0,OR,L1_SingleMu22/1.00 L1_SingleMu25/1.00 L1_SingleMu6er1p5/0.00 L1_SingleMu7er1p5/0.00 L1_SingleMu8er1p5/0.00 L1_SingleMu9er1p5/1.00 L1_SingleMu10er1p5/1.00 L1_SingleMu12er1p5/1.00 L1_SingleMu14er1p5/1.00 L1_SingleMu18er1p5/1.00
317641,1,5,0.00,HLT_Mu8_IP6_part0_v2/0,OR,L1_SingleMu22/1.00 L1_SingleMu25/1.00 L1_SingleMu6er1p5/0.00 L1_SingleMu7er1p5/0.00 L1_SingleMu8er1p5/0.00 L1_SingleMu9er1p5/1.00 L1_SingleMu10er1p5/1.00 L1_SingleMu12er1p5/1.00 L1_SingleMu14er1p5/1.00 L1_SingleMu18er1p5/1.00
317641,246,6,0.00,HLT_Mu8_IP6_part0_v2/0,OR,L1_SingleMu22/1.00 L1_SingleMu25/1.00 L1_SingleMu6er1p5/0.00 L1_SingleMu7er1p5/0.00 L1_SingleMu8er1p5/1.00 L1_SingleMu9er1p5/1.00 L1_SingleMu10er1p5/1.00 L1_SingleMu12er1p5/1.00 L1_SingleMu14er1p5/1.00 L1_SingleMu18er1p5/1.00
317641,607,7,0.00,HLT_Mu8_IP6_part0_v2/0,OR,L1_SingleMu22/1.00 L1_SingleMu25/1.00 L1_SingleMu6er1p5/0.00 L1_SingleMu7er1p5/1.00 L1_SingleMu8er1p5/1.00 L1_SingleMu9er1p5/1.00 L1_SingleMu10er1p5/1.00 L1_SingleMu12er1p5/1.00 L1_SingleMu14er1p5/1.00 L1_SingleMu18er1p5/1.00
317641,686,6,0.00,HLT_Mu8_IP6_part0_v2/0,OR,L1_SingleMu22/1.00 L1_SingleMu25/1.00 L1_SingleMu6er1p5/0.00 L1_SingleMu7er1p5/0.00 L1_SingleMu8er1p5/1.00 L1_SingleMu9er1p5/1.00 L1_SingleMu10er1p5/1.00 L1_SingleMu12er1p5/1.00 L1_SingleMu14er1p5/1.00 L1_SingleMu18er1p5/1.00
317641,756,7,0.00,HLT_Mu8_IP6_part0_v2/0,OR,L1_SingleMu22/1.00 L1_SingleMu25/1.00 L1_SingleMu6er1p5/0.00 L1_SingleMu7er1p5/1.00 L1_SingleMu8er1p5/1.00 L1_SingleMu9er1p5/1.00 L1_SingleMu10er1p5/1.00 L1_SingleMu12er1p5/1.00 L1_SingleMu14er1p5/1.00 L1_SingleMu18er1p5/1.00
317641,1,5,0.00,HLT_Mu8_IP6_part0_v2/0,OR,L1_SingleMu22/1.00 L1_SingleMu25/1.00 L1_SingleMu6er1p5/0.00 L1_SingleMu7er1p5/0.00 L1_SingleMu8er1p5/0.00 L1_SingleMu9er1p5/1.00 L1_SingleMu10er1p5/1.00 L1_SingleMu12er1p5/1.00 L1_SingleMu14er1p5/1.00 L1_SingleMu18er1p5/1.00
317641,246,6,0.00,HLT_Mu8_IP6_part0_v2/0,OR,L1_SingleMu22/1.00 L1_SingleMu25/1.00 L1_SingleMu6er1p5/0.00 L1_SingleMu7er1p5/0.00 L1_SingleMu8er1p5/1.00 L1_SingleMu9er1p5/1.00 L1_SingleMu10er1p5/1.00 L1_SingleMu12er1p5/1.00 L1_SingleMu14er1p5/1.00 L1_SingleMu18er1p5/1.00
317641,607,7,0.00,HLT_Mu8_IP6_part0_v2/0,OR,L1_SingleMu22/1.00 L1_SingleMu25/1.00 L1_SingleMu6er1p5/0.00 L1_SingleMu7er1p5/1.00 L1_SingleMu8er1p5/1.00 L1_SingleMu9er1p5/1.00 L1_SingleMu10er1p5/1.00 L1_SingleMu12er1p5/1.00 L1_SingleMu14er1p5/1.00 L1_SingleMu18er1p5/1.00
317641,686,6,0.00,HLT_Mu8_IP6_part0_v2/0,OR,L1_SingleMu22/1.00 L1_SingleMu25/1.00 L1_SingleMu6er1p5/0.00 L1_SingleMu7er1p5/0.00 L1_SingleMu8er1p5/1.00 L1_SingleMu9er1p5/1.00 L1_SingleMu10er1p5/1.00 L1_SingleMu12er1p5/1.00 L1_SingleMu14er1p5/1.00 L1_SingleMu18er1p5/1.00
317641,756,7,0.00,HLT_Mu8_IP6_part0_v2/0,OR,L1_SingleMu22/1.00 L1_SingleMu25/1.00 L1_SingleMu6er1p5/0.00 L1_SingleMu7er1p5/1.00 L1_SingleMu8er1p5/1.00 L1_SingleMu9er1p5/1.00 L1_SingleMu10er1p5/1.00 L1_SingleMu12er1p5/1.00 L1_SingleMu14er1p5/1.00 L1_SingleMu18er1p5/1.00
317649,1,2,0.00,HLT_Mu8_IP6_part0_v2/0,OR,L1_SingleMu22/1.00 L1_SingleMu25/1.00 L1_SingleMu6er1p5/0.00 L1_SingleMu7er1p5/0.00 L1_SingleMu8er1p5/0.00 L1_SingleMu9er1p5/0.00 L1_SingleMu10er1p5/0.00 L1_SingleMu12er1p5/0.00 L1_SingleMu14er1p5/0.00 L1_SingleMu18er1p5/0.00
317649,41,3,0.00,HLT_Mu8_IP6_part0_v2/0,OR,L1_SingleMu22/1.00 L1_SingleMu25/1.00 L1_SingleMu6er1p5/0.00 L1_SingleMu7er1p5/0.00 L1_SingleMu8er1p5/0.00 L1_SingleMu9er1p5/0.00 L1_SingleMu10er1p5/0.00 L1_SingleMu12er1p5/1.00 L1_SingleMu14er1p5/0.00 L1_SingleMu18er1p5/0.00
317649,239,4,0.00,HLT_Mu8_IP6_part0_v2/0,OR,L1_SingleMu22/1.00 L1_SingleMu25/1.00 L1_SingleMu6er1p5/0.00 L1_SingleMu7er1p5/0.00 L1_SingleMu8er1p5/0.00 L1_SingleMu9er1p5/0.00 L1_SingleMu10er1p5/1.00 L1_SingleMu12er1p5/1.00 L1_SingleMu14er1p5/1.00 L1_SingleMu18er1p5/1.00
317649,541,5,0.00,HLT_Mu8_IP6_part0_v2/0,OR,L1_SingleMu22/1.00 L1_SingleMu25/1.00 L1_SingleMu6er1p5/0.00 L1_SingleMu7er1p5/0.00 L1_SingleMu8er1p5/0.00 L1_SingleMu9er1p5/1.00 L1_SingleMu10er1p5/1.00 L1_SingleMu12er1p5/1.00 L1_SingleMu14er1p5/1.00 L1_SingleMu18er1p5/1.00
317649,1,2,0.00,HLT_Mu8_IP6_part0_v2/0,OR,L1_SingleMu22/1.00 L1_SingleMu25/1.00 L1_SingleMu6er1p5/0.00 L1_SingleMu7er1p5/0.00 L1_SingleMu8er1p5/0.00 L1_SingleMu9er1p5/0.00 L1_SingleMu10er1p5/0.00 L1_SingleMu12er1p5/0.00 L1_SingleMu14er1p5/0.00 L1_SingleMu18er1p5/0.00
317649,41,3,0.00,HLT_Mu8_IP6_part0_v2/0,OR,L1_SingleMu22/1.00 L1_SingleMu25/1.00 L1_SingleMu6er1p5/0.00 L1_SingleMu7er1p5/0.00 L1_SingleMu8er1p5/0.00 L1_SingleMu9er1p5/0.00 L1_SingleMu10er1p5/0.00 L1_SingleMu12er1p5/1.00 L1_SingleMu14er1p5/0.00 L1_SingleMu18er1p5/0.00
317649,239,4,0.00,HLT_Mu8_IP6_part0_v2/0,OR,L1_SingleMu22/1.00 L1_SingleMu25/1.00 L1_SingleMu6er1p5/0.00 L1_SingleMu7er1p5/0.00 L1_SingleMu8er1p5/0.00 L1_SingleMu9er1p5/0.00 L1_SingleMu10er1p5/1.00 L1_SingleMu12er1p5/1.00 L1_SingleMu14er1p5/1.00 L1_SingleMu18er1p5/1.00
317649,541,5,0.00,HLT_Mu8_IP6_part0_v2/0,OR,L1_SingleMu22/1.00 L1_SingleMu25/1.00 L1_SingleMu6er1p5/0.00 L1_SingleMu7er1p5/0.00 L1_SingleMu8er1p5/0.00 L1_SingleMu9er1p5/1.00 L1_SingleMu10er1p5/1.00 L1_SingleMu12er1p5/1.00 L1_SingleMu14er1p5/1.00 L1_SingleMu18er1p5/1.00
317649,1,2,0.00,HLT_Mu8_IP6_part0_v2/0,OR,L1_SingleMu22/1.00 L1_SingleMu25/1.00 L1_SingleMu6er1p5/0.00 L1_SingleMu7er1p5/0.00 L1_SingleMu8er1p5/0.00 L1_SingleMu9er1p5/0.00 L1_SingleMu10er1p5/0.00 L1_SingleMu12er1p5/0.00 L1_SingleMu14er1p5/0.00 L1_SingleMu18er1p5/0.00
317649,41,3,0.00,HLT_Mu8_IP6_part0_v2/0,OR,L1_SingleMu22/1.00 L1_SingleMu25/1.00 L1_SingleMu6er1p5/0.00 L1_SingleMu7er1p5/0.00 L1_SingleMu8er1p5/0.00 L1_SingleMu9er1p5/0.00 L1_SingleMu10er1p5/0.00 L1_SingleMu12er1p5/1.00 L1_SingleMu14er1p5/0.00 L1_SingleMu18er1p5/0.00
317649,239,4,0.00,HLT_Mu8_IP6_part0_v2/0,OR,L1_SingleMu22/1.00 L1_SingleMu25/1.00 L1_SingleMu6er1p5/0.00 L1_SingleMu7er1p5/0.00 L1_SingleMu8er1p5/0.00 L1_SingleMu9er1p5/0.00 L1_SingleMu10er1p5/1.00 L1_SingleMu12er1p5/1.00 L1_SingleMu14er1p5/1.00 L1_SingleMu18er1p5/1.00
317649,541,5,0.00,HLT_Mu8_IP6_part0_v2/0,OR,L1_SingleMu22/1.00 L1_SingleMu25/1.00 L1_SingleMu6er1p5/0.00 L1_SingleMu7er1p5/0.00 L1_SingleMu8er1p5/0.00 L1_SingleMu9er1p5/1.00 L1_SingleMu10er1p5/1.00 L1_SingleMu12er1p5/1.00 L1_SingleMu14er1p5/1.00 L1_SingleMu18er1p5/1.00
317650,1,5,0.00,HLT_Mu8_IP6_part0_v2/0,OR,L1_SingleMu22/1.00 L1_SingleMu25/1.00 L1_SingleMu6er1p5/0.00 L1_SingleMu7er1p5/0.00 L1_SingleMu8er1p5/0.00 L1_SingleMu9er1p5/1.00 L1_SingleMu10er1p5/1.00 L1_SingleMu12er1p5/1.00 L1_SingleMu14er1p5/1.00 L1_SingleMu18er1p5/1.00
317650,197,6,0.00,HLT_Mu8_IP6_part0_v2/0,OR,L1_SingleMu22/1.00 L1_SingleMu25/1.00 L1_SingleMu6er1p5/0.00 L1_SingleMu7er1p5/0.00 L1_SingleMu8er1p5/1.00 L1_SingleMu9er1p5/1.00 L1_SingleMu10er1p5/1.00 L1_SingleMu12er1p5/1.00 L1_SingleMu14er1p5/1.00 L1_SingleMu18er1p5/1.00
317650,751,7,0.00,HLT_Mu8_IP6_part0_v2/0,OR,L1_SingleMu22/1.00 L1_SingleMu25/1.00 L1_SingleMu6er1p5/0.00 L1_SingleMu7er1p5/1.00 L1_SingleMu8er1p5/1.00 L1_SingleMu9er1p5/1.00 L1_SingleMu10er1p5/1.00 L1_SingleMu12er1p5/1.00 L1_SingleMu14er1p5/1.00 L1_SingleMu18er1p5/1.00
317650,1,5,0.00,HLT_Mu8_IP6_part0_v2/0,OR,L1_SingleMu22/1.00 L1_SingleMu25/1.00 L1_SingleMu6er1p5/0.00 L1_SingleMu7er1p5/0.00 L1_SingleMu8er1p5/0.00 L1_SingleMu9er1p5/1.00 L1_SingleMu10er1p5/1.00 L1_SingleMu12er1p5/1.00 L1_SingleMu14er1p5/1.00 L1_SingleMu18er1p5/1.00
317650,197,6,0.00,HLT_Mu8_IP6_part0_v2/0,OR,L1_SingleMu22/1.00 L1_SingleMu25/1.00 L1_SingleMu6er1p5/0.00 L1_SingleMu7er1p5/0.00 L1_SingleMu8er1p5/1.00 L1_SingleMu9er1p5/1.00 L1_SingleMu10er1p5/1.00 L1_SingleMu12er1p5/1.00 L1_SingleMu14er1p5/1.00 L1_SingleMu18er1p5/1.00
317650,751,7,0.00,HLT_Mu8_IP6_part0_v2/0,OR,L1_SingleMu22/1.00 L1_SingleMu25/1.00 L1_SingleMu6er1p5/0.00 L1_SingleMu7er1p5/1.00 L1_SingleMu8er1p5/1.00 L1_SingleMu9er1p5/1.00 L1_SingleMu10er1p5/1.00 L1_SingleMu12er1p5/1.00 L1_SingleMu14er1p5/1.00 L1_SingleMu18er1p5/1.00
317661,1,2,0.00,HLT_Mu8_IP6_part0_v2/0,OR,L1_SingleMu22/1.00 L1_SingleMu25/1.00 L1_SingleMu6er1p5/0.00 L1_SingleMu7er1p5/0.00 L1_SingleMu8er1p5/0.00 L1_SingleMu9er1p5/0.00 L1_SingleMu10er1p5/0.00 L1_SingleMu12er1p5/0.00 L1_SingleMu14er1p5/0.00 L1_SingleMu18er1p5/0.00
317661,254,3,0.00,HLT_Mu8_IP6_part0_v2/0,OR,L1_SingleMu22/1.00 L1_SingleMu25/1.00 L1_SingleMu6er1p5/0.00 L1_SingleMu7er1p5/0.00 L1_SingleMu8er1p5/0.00 L1_SingleMu9er1p5/0.00 L1_SingleMu10er1p5/0.00 L1_SingleMu12er1p5/1.00 L1_SingleMu14er1p5/0.00 L1_SingleMu18er1p5/0.00
317661,503,4,0.00,HLT_Mu8_IP6_part0_v2/0,OR,L1_SingleMu22/1.00 L1_SingleMu25/1.00 L1_SingleMu6er1p5/0.00 L1_SingleMu7er1p5/0.00 L1_SingleMu8er1p5/0.00 L1_SingleMu9er1p5/0.00 L1_SingleMu10er1p5/1.00 L1_SingleMu12er1p5/1.00 L1_SingleMu14er1p5/1.00 L1_SingleMu18er1p5/1.00
317661,797,5,0.00,HLT_Mu8_IP6_part0_v2/0,OR,L1_SingleMu22/1.00 L1_SingleMu25/1.00 L1_SingleMu6er1p5/0.00 L1_SingleMu7er1p5/0.00 L1_SingleMu8er1p5/0.00 L1_SingleMu9er1p5/1.00 L1_SingleMu10er1p5/1.00 L1_SingleMu12er1p5/1.00 L1_SingleMu14er1p5/1.00 L1_SingleMu18er1p5/1.00
317661,1113,6,0.00,HLT_Mu8_IP6_part0_v2/0,OR,L1_SingleMu22/1.00 L1_SingleMu25/1.00 L1_SingleMu6er1p5/0.00 L1_SingleMu7er1p5/0.00 L1_SingleMu8er1p5/1.00 L1_SingleMu9er1p5/1.00 L1_SingleMu10er1p5/1.00 L1_SingleMu12er1p5/1.00 L1_SingleMu14er1p5/1.00 L1_SingleMu18er1p5/1.00
317661,1,2,0.00,HLT_Mu8_IP6_part0_v2/0,OR,L1_SingleMu22/1.00 L1_SingleMu25/1.00 L1_SingleMu6er1p5/0.00 L1_SingleMu7er1p5/0.00 L1_SingleMu8er1p5/0.00 L1_SingleMu9er1p5/0.00 L1_SingleMu10er1p5/0.00 L1_SingleMu12er1p5/0.00 L1_SingleMu14er1p5/0.00 L1_SingleMu18er1p5/0.00
317661,254,3,0.00,HLT_Mu8_IP6_part0_v2/0,OR,L1_SingleMu22/1.00 L1_SingleMu25/1.00 L1_SingleMu6er1p5/0.00 L1_SingleMu7er1p5/0.00 L1_SingleMu8er1p5/0.00 L1_SingleMu9er1p5/0.00 L1_SingleMu10er1p5/0.00 L1_SingleMu12er1p5/1.00 L1_SingleMu14er1p5/0.00 L1_SingleMu18er1p5/0.00
317661,503,4,0.00,HLT_Mu8_IP6_part0_v2/0,OR,L1_SingleMu22/1.00 L1_SingleMu25/1.00 L1_SingleMu6er1p5/0.00 L1_SingleMu7er1p5/0.00 L1_SingleMu8er1p5/0.00 L1_SingleMu9er1p5/0.00 L1_SingleMu10er1p5/1.00 L1_SingleMu12er1p5/1.00 L1_SingleMu14er1p5/1.00 L1_SingleMu18er1p5/1.00
317661,797,5,0.00,HLT_Mu8_IP6_part0_v2/0,OR,L1_SingleMu22/1.00 L1_SingleMu25/1.00 L1_SingleMu6er1p5/0.00 L1_SingleMu7er1p5/0.00 L1_SingleMu8er1p5/0.00 L1_SingleMu9er1p5/1.00 L1_SingleMu10er1p5/1.00 L1_SingleMu12er1p5/1.00 L1_SingleMu14er1p5/1.00 L1_SingleMu18er1p5/1.00
317661,1113,6,0.00,HLT_Mu8_IP6_part0_v2/0,OR,L1_SingleMu22/1.00 L1_SingleMu25/1.00 L1_SingleMu6er1p5/0.00 L1_SingleMu7er1p5/0.00 L1_SingleMu8er1p5/1.00 L1_SingleMu9er1p5/1.00 L1_SingleMu10er1p5/1.00 L1_SingleMu12er1p5/1.00 L1_SingleMu14er1p5/1.00 L1_SingleMu18er1p5/1.00
317661,1,2,0.00,HLT_Mu8_IP6_part0_v2/0,OR,L1_SingleMu22/1.00 L1_SingleMu25/1.00 L1_SingleMu6er1p5/0.00 L1_SingleMu7er1p5/0.00 L1_SingleMu8er1p5/0.00 L1_SingleMu9er1p5/0.00 L1_SingleMu10er1p5/0.00 L1_SingleMu12er1p5/0.00 L1_SingleMu14er1p5/0.00 L1_SingleMu18er1p5/0.00
317661,254,3,0.00,HLT_Mu8_IP6_part0_v2/0,OR,L1_SingleMu22/1.00 L1_SingleMu25/1.00 L1_SingleMu6er1p5/0.00 L1_SingleMu7er1p5/0.00 L1_SingleMu8er1p5/0.00 L1_SingleMu9er1p5/0.00 L1_SingleMu10er1p5/0.00 L1_SingleMu12er1p5/1.00 L1_SingleMu14er1p5/0.00 L1_SingleMu18er1p5/0.00
317661,503,4,0.00,HLT_Mu8_IP6_part0_v2/0,OR,L1_SingleMu22/1.00 L1_SingleMu25/1.00 L1_SingleMu6er1p5/0.00 L1_SingleMu7er1p5/0.00 L1_SingleMu8er1p5/0.00 L1_SingleMu9er1p5/0.00 L1_SingleMu10er1p5/1.00 L1_SingleMu12er1p5/1.00 L1_SingleMu14er1p5/1.00 L1_SingleMu18er1p5/1.00
317661,797,5,0.00,HLT_Mu8_IP6_part0_v2/0,OR,L1_SingleMu22/1.00 L1_SingleMu25/1.00 L1_SingleMu6er1p5/0.00 L1_SingleMu7er1p5/0.00 L1_SingleMu8er1p5/0.00 L1_SingleMu9er1p5/1.00 L1_SingleMu10er1p5/1.00 L1_SingleMu12er1p5/1.00 L1_SingleMu14er1p5/1.00 L1_SingleMu18er1p5/1.00
317661,1113,6,0.00,HLT_Mu8_IP6_part0_v2/0,OR,L1_SingleMu22/1.00 L1_SingleMu25/1.00 L1_SingleMu6er1p5/0.00 L1_SingleMu7er1p5/0.00 L1_SingleMu8er1p5/1.00 L1_SingleMu9er1p5/1.00 L1_SingleMu10er1p5/1.00 L1_SingleMu12er1p5/1.00 L1_SingleMu14er1p5/1.00 L1_SingleMu18er1p5/1.00
317663,1,2,0.00,HLT_Mu8_IP6_part0_v2/0,OR,L1_SingleMu22/1.00 L1_SingleMu25/1.00 L1_SingleMu6er1p5/0.00 L1_SingleMu7er1p5/0.00 L1_SingleMu8er1p5/0.00 L1_SingleMu9er1p5/0.00 L1_SingleMu10er1p5/0.00 L1_SingleMu12er1p5/0.00 L1_SingleMu14er1p5/0.00 L1_SingleMu18er1p5/0.00
317663,5,6,0.00,HLT_Mu8_IP6_part0_v2/0,OR,L1_SingleMu22/1.00 L1_SingleMu25/1.00 L1_SingleMu6er1p5/0.00 L1_SingleMu7er1p5/0.00 L1_SingleMu8er1p5/1.00 L1_SingleMu9er1p5/1.00 L1_SingleMu10er1p5/1.00 L1_SingleMu12er1p5/1.00 L1_SingleMu14er1p5/1.00 L1_SingleMu18er1p5/1.00
317663,210,7,0.00,HLT_Mu8_IP6_part0_v2/0,OR,L1_SingleMu22/1.00 L1_SingleMu25/1.00 L1_SingleMu6er1p5/0.00 L1_SingleMu7er1p5/1.00 L1_SingleMu8er1p5/1.00 L1_SingleMu9er1p5/1.00 L1_SingleMu10er1p5/1.00 L1_SingleMu12er1p5/1.00 L1_SingleMu14er1p5/1.00 L1_SingleMu18er1p5/1.00
317663,242,6,0.00,HLT_Mu8_IP6_part0_v2/0,OR,L1_SingleMu22/1.00 L1_SingleMu25/1.00 L1_SingleMu6er1p5/0.00 L1_SingleMu7er1p5/0.00 L1_SingleMu8er1p5/1.00 L1_SingleMu9er1p5/1.00 L1_SingleMu10er1p5/1.00 L1_SingleMu12er1p5/1.00 L1_SingleMu14er1p5/1.00 L1_SingleMu18er1p5/1.00
317663,340,7,0.00,HLT_Mu8_IP6_part0_v2/0,OR,L1_SingleMu22/1.00 L1_SingleMu25/1.00 L1_SingleMu6er1p5/0.00 L1_SingleMu7er1p5/1.00 L1_SingleMu8er1p5/1.00 L1_SingleMu9er1p5/1.00 L1_SingleMu10er1p5/1.00 L1_SingleMu12er1p5/1.00 L1_SingleMu14er1p5/1.00 L1_SingleMu18er1p5/1.00
317663,1,2,0.00,HLT_Mu8_IP6_part0_v2/0,OR,L1_SingleMu22/1.00 L1_SingleMu25/1.00 L1_SingleMu6er1p5/0.00 L1_SingleMu7er1p5/0.00 L1_SingleMu8er1p5/0.00 L1_SingleMu9er1p5/0.00 L1_SingleMu10er1p5/0.00 L1_SingleMu12er1p5/0.00 L1_SingleMu14er1p5/0.00 L1_SingleMu18er1p5/0.00
317663,5,6,0.00,HLT_Mu8_IP6_part0_v2/0,OR,L1_SingleMu22/1.00 L1_SingleMu25/1.00 L1_SingleMu6er1p5/0.00 L1_SingleMu7er1p5/0.00 L1_SingleMu8er1p5/1.00 L1_SingleMu9er1p5/1.00 L1_SingleMu10er1p5/1.00 L1_SingleMu12er1p5/1.00 L1_SingleMu14er1p5/1.00 L1_SingleMu18er1p5/1.00
317663,210,7,0.00,HLT_Mu8_IP6_part0_v2/0,OR,L1_SingleMu22/1.00 L1_SingleMu25/1.00 L1_SingleMu6er1p5/0.00 L1_SingleMu7er1p5/1.00 L1_SingleMu8er1p5/1.00 L1_SingleMu9er1p5/1.00 L1_SingleMu10er1p5/1.00 L1_SingleMu12er1p5/1.00 L1_SingleMu14er1p5/1.00 L1_SingleMu18er1p5/1.00
317663,242,6,0.00,HLT_Mu8_IP6_part0_v2/0,OR,L1_SingleMu22/1.00 L1_SingleMu25/1.00 L1_SingleMu6er1p5/0.00 L1_SingleMu7er1p5/0.00 L1_SingleMu8er1p5/1.00 L1_SingleMu9er1p5/1.00 L1_SingleMu10er1p5/1.00 L1_SingleMu12er1p5/1.00 L1_SingleMu14er1p5/1.00 L1_SingleMu18er1p5/1.00
317663,340,7,0.00,HLT_Mu8_IP6_part0_v2/0,OR,L1_SingleMu22/1.00 L1_SingleMu25/1.00 L1_SingleMu6er1p5/0.00 L1_SingleMu7er1p5/1.00 L1_SingleMu8er1p5/1.00 L1_SingleMu9er1p5/1.00 L1_SingleMu10er1p5/1.00 L1_SingleMu12er1p5/1.00 L1_SingleMu14er1p5/1.00 L1_SingleMu18er1p5/1.00
317683,1,2,0.00,HLT_Mu8_IP6_part0_v2/0,OR,L1_SingleMu22/1.00 L1_SingleMu25/1.00 L1_SingleMu6er1p5/0.00 L1_SingleMu7er1p5/0.00 L1_SingleMu8er1p5/0.00 L1_SingleMu9er1p5/0.00 L1_SingleMu10er1p5/0.00 L1_SingleMu12er1p5/0.00 L1_SingleMu14er1p5/0.00 L1_SingleMu18er1p5/0.00
317683,269,3,0.00,HLT_Mu8_IP6_part0_v2/0,OR,L1_SingleMu22/1.00 L1_SingleMu25/1.00 L1_SingleMu6er1p5/0.00 L1_SingleMu7er1p5/0.00 L1_SingleMu8er1p5/0.00 L1_SingleMu9er1p5/0.00 L1_SingleMu10er1p5/0.00 L1_SingleMu12er1p5/1.00 L1_SingleMu14er1p5/0.00 L1_SingleMu18er1p5/0.00
317696,1,2,0.00,HLT_Mu8_IP6_part0_v2/0,OR,L1_SingleMu22/1.00 L1_SingleMu25/1.00 L1_SingleMu6er1p5/0.00 L1_SingleMu7er1p5/0.00 L1_SingleMu8er1p5/0.00 L1_SingleMu9er1p5/0.00 L1_SingleMu10er1p5/0.00 L1_SingleMu12er1p5/0.00 L1_SingleMu14er1p5/0.00 L1_SingleMu18er1p5/0.00
317696,251,3,0.00,HLT_Mu8_IP6_part0_v2/0,OR,L1_SingleMu22/1.00 L1_SingleMu25/1.00 L1_SingleMu6er1p5/0.00 L1_SingleMu7er1p5/0.00 L1_SingleMu8er1p5/0.00 L1_SingleMu9er1p5/0.00 L1_SingleMu10er1p5/0.00 L1_SingleMu12er1p5/1.00 L1_SingleMu14er1p5/0.00 L1_SingleMu18er1p5/0.00
317696,543,4,0.00,HLT_Mu8_IP6_part0_v2/0,OR,L1_SingleMu22/1.00 L1_SingleMu25/1.00 L1_SingleMu6er1p5/0.00 L1_SingleMu7er1p5/0.00 L1_SingleMu8er1p5/0.00 L1_SingleMu9er1p5/0.00 L1_SingleMu10er1p5/1.00 L1_SingleMu12er1p5/1.00 L1_SingleMu14er1p5/1.00 L1_SingleMu18er1p5/1.00
317696,1,2,0.00,HLT_Mu8_IP6_part0_v2/0,OR,L1_SingleMu22/1.00 L1_SingleMu25/1.00 L1_SingleMu6er1p5/0.00 L1_SingleMu7er1p5/0.00 L1_SingleMu8er1p5/0.00 L1_SingleMu9er1p5/0.00 L1_SingleMu10er1p5/0.00 L1_SingleMu12er1p5/0.00 L1_SingleMu14er1p5/0.00 L1_SingleMu18er1p5/0.00
317696,251,3,0.00,HLT_Mu8_IP6_part0_v2/0,OR,L1_SingleMu22/1.00 L1_SingleMu25/1.00 L1_SingleMu6er1p5/0.00 L1_SingleMu7er1p5/0.00 L1_SingleMu8er1p5/0.00 L1_SingleMu9er1p5/0.00 L1_SingleMu10er1p5/0.00 L1_SingleMu12er1p5/1.00 L1_SingleMu14er1p5/0.00 L1_SingleMu18er1p5/0.00
317696,543,4,0.00,HLT_Mu8_IP6_part0_v2/0,OR,L1_SingleMu22/1.00 L1_SingleMu25/1.00 L1_SingleMu6er1p5/0.00 L1_SingleMu7er1p5/0.00 L1_SingleMu8er1p5/0.00 L1_SingleMu9er1p5/0.00 L1_SingleMu10er1p5/1.00 L1_SingleMu12er1p5/1.00 L1_SingleMu14er1p5/1.00 L1_SingleMu18er1p5/1.00
318733,1,2,0.00,HLT_Mu8_IP6_part0_v2/0,OR,L1_SingleMu22/1.00 L1_SingleMu25/1.00 L1_SingleMu6er1p5/0.00 L1_SingleMu7er1p5/0.00 L1_SingleMu8er1p5/0.00 L1_SingleMu9er1p5/0.00 L1_SingleMu10er1p5/0.00 L1_SingleMu12er1p5/0.00 L1_SingleMu14er1p5/0.00 L1_SingleMu18er1p5/0.00
318733,3,10,0.00,HLT_Mu8_IP6_part0_v2/0,OR,L1_SingleMu22/1.00 L1_SingleMu25/1.00 L1_SingleMu6er1p5/0.00 L1_SingleMu7er1p5/0.00 L1_SingleMu8er1p5/1.00 L1_SingleMu9er1p5/1.00 L1_SingleMu10er1p5/1.00 L1_SingleMu12er1p5/1.00 L1_SingleMu14er1p5/1.00 L1_SingleMu18er1p5/1.00
318828,1,2,0.00,HLT_Mu8_IP6_part0_v2/0,OR,L1_SingleMu22/1.00 L1_SingleMu25/1.00 L1_SingleMu6er1p5/0.00 L1_SingleMu7er1p5/0.00 L1_SingleMu8er1p5/0.00 L1_SingleMu9er1p5/0.00 L1_SingleMu10er1p5/0.00 L1_SingleMu12er1p5/0.00 L1_SingleMu14er1p5/0.00 L1_SingleMu18er1p5/0.00
318828,62,10,0.00,HLT_Mu8_IP6_part0_v2/0,OR,L1_SingleMu22/1.00 L1_SingleMu25/1.00 L1_SingleMu6er1p5/0.00 L1_SingleMu7er1p5/0.00 L1_SingleMu8er1p5/1.00 L1_SingleMu9er1p5/1.00 L1_SingleMu10er1p5/1.00 L1_SingleMu12er1p5/1.00 L1_SingleMu14er1p5/1.00 L1_SingleMu18er1p5/1.00
318872,1,2,0.00,HLT_Mu8_IP6_part0_v2/0,OR,L1_SingleMu22/1.00 L1_SingleMu25/1.00 L1_SingleMu6er1p5/0.00 L1_SingleMu7er1p5/0.00 L1_SingleMu8er1p5/0.00 L1_SingleMu9er1p5/0.00 L1_SingleMu10er1p5/0.00 L1_SingleMu12er1p5/0.00 L1_SingleMu14er1p5/0.00 L1_SingleMu18er1p5/0.00
318872,31,3,0.00,HLT_Mu8_IP6_part0_v2/0,OR,L1_SingleMu22/1.00 L1_SingleMu25/1.00 L1_SingleMu6er1p5/0.00 L1_SingleMu7er1p5/0.00 L1_SingleMu8er1p5/0.00 L1_SingleMu9er1p5/0.00 L1_SingleMu10er1p5/0.00 L1_SingleMu12er1p5/1.00 L1_SingleMu14er1p5/0.00 L1_SingleMu18er1p5/0.00
318872,266,4,0.00,HLT_Mu8_IP6_part0_v2/0,OR,L1_SingleMu22/1.00 L1_SingleMu25/1.00 L1_SingleMu6er1p5/0.00 L1_SingleMu7er1p5/0.00 L1_SingleMu8er1p5/0.00 L1_SingleMu9er1p5/0.00 L1_SingleMu10er1p5/1.00 L1_SingleMu12er1p5/1.00 L1_SingleMu14er1p5/1.00 L1_SingleMu18er1p5/1.00
318872,1,2,0.00,HLT_Mu8_IP6_part0_v2/0,OR,L1_SingleMu22/1.00 L1_SingleMu25/1.00 L1_SingleMu6er1p5/0.00 L1_SingleMu7er1p5/0.00 L1_SingleMu8er1p5/0.00 L1_SingleMu9er1p5/0.00 L1_SingleMu10er1p5/0.00 L1_SingleMu12er1p5/0.00 L1_SingleMu14er1p5/0.00 L1_SingleMu18er1p5/0.00
318872,31,3,0.00,HLT_Mu8_IP6_part0_v2/0,OR,L1_SingleMu22/1.00 L1_SingleMu25/1.00 L1_SingleMu6er1p5/0.00 L1_SingleMu7er1p5/0.00 L1_SingleMu8er1p5/0.00 L1_SingleMu9er1p5/0.00 L1_SingleMu10er1p5/0.00 L1_SingleMu12er1p5/1.00 L1_SingleMu14er1p5/0.00 L1_SingleMu18er1p5/0.00
318872,266,4,0.00,HLT_Mu8_IP6_part0_v2/0,OR,L1_SingleMu22/1.00 L1_SingleMu25/1.00 L1_SingleMu6er1p5/0.00 L1_SingleMu7er1p5/0.00 L1_SingleMu8er1p5/0.00 L1_SingleMu9er1p5/0.00 L1_SingleMu10er1p5/1.00 L1_SingleMu12er1p5/1.00 L1_SingleMu14er1p5/1.00 L1_SingleMu18er1p5/1.00
318874,1,4,0.00,HLT_Mu8_IP6_part0_v2/0,OR,L1_SingleMu22/1.00 L1_SingleMu25/1.00 L1_SingleMu6er1p5/0.00 L1_SingleMu7er1p5/0.00 L1_SingleMu8er1p5/0.00 L1_SingleMu9er1p5/0.00 L1_SingleMu10er1p5/1.00 L1_SingleMu12er1p5/1.00 L1_SingleMu14er1p5/1.00 L1_SingleMu18er1p5/1.00
318876,1,4,0.00,HLT_Mu8_IP6_part0_v2/0,OR,L1_SingleMu22/1.00 L1_SingleMu25/1.00 L1_SingleMu6er1p5/0.00 L1_SingleMu7er1p5/0.00 L1_SingleMu8er1p5/0.00 L1_SingleMu9er1p5/0.00 L1_SingleMu10er1p5/1.00 L1_SingleMu12er1p5/1.00 L1_SingleMu14er1p5/1.00 L1_SingleMu18er1p5/1.00
318877,1,4,0.00,HLT_Mu8_IP6_part0_v2/0,OR,L1_SingleMu22/1.00 L1_SingleMu25/1.00 L1_SingleMu6er1p5/0.00 L1_SingleMu7er1p5/0.00 L1_SingleMu8er1p5/0.00 L1_SingleMu9er1p5/0.00 L1_SingleMu10er1p5/1.00 L1_SingleMu12er1p5/1.00 L1_SingleMu14er1p5/1.00 L1_SingleMu18er1p5/1.00
318877,49,5,0.00,HLT_Mu8_IP6_part0_v2/0,OR,L1_SingleMu22/1.00 L1_SingleMu25/1.00 L1_SingleMu6er1p5/0.00 L1_SingleMu7er1p5/0.00 L1_SingleMu8er1p5/0.00 L1_SingleMu9er1p5/1.00 L1_SingleMu10er1p5/1.00 L1_SingleMu12er1p5/1.00 L1_SingleMu14er1p5/1.00 L1_SingleMu18er1p5/1.00
318877,1,4,0.00,HLT_Mu8_IP6_part0_v2/0,OR,L1_SingleMu22/1.00 L1_SingleMu25/1.00 L1_SingleMu6er1p5/0.00 L1_SingleMu7er1p5/0.00 L1_SingleMu8er1p5/0.00 L1_SingleMu9er1p5/0.00 L1_SingleMu10er1p5/1.00 L1_SingleMu12er1p5/1.00 L1_SingleMu14er1p5/1.00 L1_SingleMu18er1p5/1.00
318877,49,5,0.00,HLT_Mu8_IP6_part0_v2/0,OR,L1_SingleMu22/1.00 L1_SingleMu25/1.00 L1_SingleMu6er1p5/0.00 L1_SingleMu7er1p5/0.00 L1_SingleMu8er1p5/0.00 L1_SingleMu9er1p5/1.00 L1_SingleMu10er1p5/1.00 L1_SingleMu12er1p5/1.00 L1_SingleMu14er1p5/1.00 L1_SingleMu18er1p5/1.00
319337,1,2,0.00,HLT_Mu8_IP6_part0_v2/0,OR,L1_SingleMu22/1.00 L1_SingleMu25/1.00 L1_SingleMu6er1p5/0.00 L1_SingleMu7er1p5/0.00 L1_SingleMu8er1p5/0.00 L1_SingleMu9er1p5/0.00 L1_SingleMu10er1p5/0.00 L1_SingleMu12er1p5/0.00 L1_SingleMu14er1p5/0.00 L1_SingleMu18er1p5/0.00
319337,47,8,0.00,HLT_Mu8_IP6_part0_v2/0,OR,L1_SingleMu22/1.00 L1_SingleMu25/1.00 L1_SingleMu6er1p5/0.00 L1_SingleMu7er1p5/1.00 L1_SingleMu8er1p5/1.00 L1_SingleMu9er1p5/1.00 L1_SingleMu10er1p5/1.00 L1_SingleMu12er1p5/1.00 L1_SingleMu14er1p5/1.00 L1_SingleMu18er1p5/1.00
319337,92,9,0.00,HLT_Mu8_IP6_part0_v2/0,OR,L1_SingleMu22/1.00 L1_SingleMu25/1.00 L1_SingleMu6er1p5/0.00 L1_SingleMu7er1p5/0.00 L1_SingleMu8er1p5/0.00 L1_SingleMu9er1p5/0.00 L1_SingleMu10er1p5/0.00 L1_SingleMu12er1p5/0.00 L1_SingleMu14er1p5/0.00 L1_SingleMu18er1p5/0.00
319337,694,10,0.00,HLT_Mu8_IP6_part0_v2/0,OR,L1_SingleMu22/1.00 L1_SingleMu25/1.00 L1_SingleMu6er1p5/0.00 L1_SingleMu7er1p5/0.00 L1_SingleMu8er1p5/1.00 L1_SingleMu9er1p5/1.00 L1_SingleMu10er1p5/1.00 L1_SingleMu12er1p5/1.00 L1_SingleMu14er1p5/1.00 L1_SingleMu18er1p5/1.00
319337,1,2,0.00,HLT_Mu8_IP6_part0_v2/0,OR,L1_SingleMu22/1.00 L1_SingleMu25/1.00 L1_SingleMu6er1p5/0.00 L1_SingleMu7er1p5/0.00 L1_SingleMu8er1p5/0.00 L1_SingleMu9er1p5/0.00 L1_SingleMu10er1p5/0.00 L1_SingleMu12er1p5/0.00 L1_SingleMu14er1p5/0.00 L1_SingleMu18er1p5/0.00
319337,47,8,0.00,HLT_Mu8_IP6_part0_v2/0,OR,L1_SingleMu22/1.00 L1_SingleMu25/1.00 L1_SingleMu6er1p5/0.00 L1_SingleMu7er1p5/1.00 L1_SingleMu8er1p5/1.00 L1_SingleMu9er1p5/1.00 L1_SingleMu10er1p5/1.00 L1_SingleMu12er1p5/1.00 L1_SingleMu14er1p5/1.00 L1_SingleMu18er1p5/1.00
319337,92,9,0.00,HLT_Mu8_IP6_part0_v2/0,OR,L1_SingleMu22/1.00 L1_SingleMu25/1.00 L1_SingleMu6er1p5/0.00 L1_SingleMu7er1p5/0.00 L1_SingleMu8er1p5/0.00 L1_SingleMu9er1p5/0.00 L1_SingleMu10er1p5/0.00 L1_SingleMu12er1p5/0.00 L1_SingleMu14er1p5/0.00 L1_SingleMu18er1p5/0.00
319337,694,10,0.00,HLT_Mu8_IP6_part0_v2/0,OR,L1_SingleMu22/1.00 L1_SingleMu25/1.00 L1_SingleMu6er1p5/0.00 L1_SingleMu7er1p5/0.00 L1_SingleMu8er1p5/1.00 L1_SingleMu9er1p5/1.00 L1_SingleMu10er1p5/1.00 L1_SingleMu12er1p5/1.00 L1_SingleMu14er1p5/1.00 L1_SingleMu18er1p5/1.00
319347,1,2,0.00,HLT_Mu8_IP6_part0_v2/0,OR,L1_SingleMu22/1.00 L1_SingleMu25/1.00 L1_SingleMu6er1p5/0.00 L1_SingleMu7er1p5/0.00 L1_SingleMu8er1p5/0.00 L1_SingleMu9er1p5/0.00 L1_SingleMu10er1p5/0.00 L1_SingleMu12er1p5/0.00 L1_SingleMu14er1p5/0.00 L1_SingleMu18er1p5/0.00
319347,114,3,0.00,HLT_Mu8_IP6_part0_v2/0,OR,L1_SingleMu22/1.00 L1_SingleMu25/1.00 L1_SingleMu6er1p5/0.00 L1_SingleMu7er1p5/0.00 L1_SingleMu8er1p5/0.00 L1_SingleMu9er1p5/0.00 L1_SingleMu10er1p5/0.00 L1_SingleMu12er1p5/1.00 L1_SingleMu14er1p5/0.00 L1_SingleMu18er1p5/0.00
319347,274,2,0.00,HLT_Mu8_IP6_part0_v2/0,OR,L1_SingleMu22/1.00 L1_SingleMu25/1.00 L1_SingleMu6er1p5/0.00 L1_SingleMu7er1p5/0.00 L1_SingleMu8er1p5/0.00 L1_SingleMu9er1p5/0.00 L1_SingleMu10er1p5/0.00 L1_SingleMu12er1p5/0.00 L1_SingleMu14er1p5/0.00 L1_SingleMu18er1p5/0.00
319347,487,3,0.00,HLT_Mu8_IP6_part0_v2/0,OR,L1_SingleMu22/1.00 L1_SingleMu25/1.00 L1_SingleMu6er1p5/0.00 L1_SingleMu7er1p5/0.00 L1_SingleMu8er1p5/0.00 L1_SingleMu9er1p5/0.00 L1_SingleMu10er1p5/0.00 L1_SingleMu12er1p5/1.00 L1_SingleMu14er1p5/0.00 L1_SingleMu18er1p5/0.00
319348,1,3,0.00,HLT_Mu8_IP6_part0_v2/0,OR,L1_SingleMu22/1.00 L1_SingleMu25/1.00 L1_SingleMu6er1p5/0.00 L1_SingleMu7er1p5/0.00 L1_SingleMu8er1p5/0.00 L1_SingleMu9er1p5/0.00 L1_SingleMu10er1p5/0.00 L1_SingleMu12er1p5/1.00 L1_SingleMu14er1p5/0.00 L1_SingleMu18er1p5/0.00
319349,1,3,0.00,HLT_Mu8_IP6_part0_v2/0,OR,L1_SingleMu22/1.00 L1_SingleMu25/1.00 L1_SingleMu6er1p5/0.00 L1_SingleMu7er1p5/0.00 L1_SingleMu8er1p5/0.00 L1_SingleMu9er1p5/0.00 L1_SingleMu10er1p5/0.00 L1_SingleMu12er1p5/1.00 L1_SingleMu14er1p5/0.00 L1_SingleMu18er1p5/0.00
319349,21,4,0.00,HLT_Mu8_IP6_part0_v2/0,OR,L1_SingleMu22/1.00 L1_SingleMu25/1.00 L1_SingleMu6er1p5/0.00 L1_SingleMu7er1p5/0.00 L1_SingleMu8er1p5/0.00 L1_SingleMu9er1p5/0.00 L1_SingleMu10er1p5/1.00 L1_SingleMu12er1p5/1.00 L1_SingleMu14er1p5/1.00 L1_SingleMu18er1p5/1.00
319349,44,5,0.00,HLT_Mu8_IP6_part0_v2/0,OR,L1_SingleMu22/1.00 L1_SingleMu25/1.00 L1_SingleMu6er1p5/0.00 L1_SingleMu7er1p5/0.00 L1_SingleMu8er1p5/0.00 L1_SingleMu9er1p5/1.00 L1_SingleMu10er1p5/1.00 L1_SingleMu12er1p5/1.00 L1_SingleMu14er1p5/1.00 L1_SingleMu18er1p5/1.00
319349,1,3,0.00,HLT_Mu8_IP6_part0_v2/0,OR,L1_SingleMu22/1.00 L1_SingleMu25/1.00 L1_SingleMu6er1p5/0.00 L1_SingleMu7er1p5/0.00 L1_SingleMu8er1p5/0.00 L1_SingleMu9er1p5/0.00 L1_SingleMu10er1p5/0.00 L1_SingleMu12er1p5/1.00 L1_SingleMu14er1p5/0.00 L1_SingleMu18er1p5/0.00
319349,21,4,0.00,HLT_Mu8_IP6_part0_v2/0,OR,L1_SingleMu22/1.00 L1_SingleMu25/1.00 L1_SingleMu6er1p5/0.00 L1_SingleMu7er1p5/0.00 L1_SingleMu8er1p5/0.00 L1_SingleMu9er1p5/0.00 L1_SingleMu10er1p5/1.00 L1_SingleMu12er1p5/1.00 L1_SingleMu14er1p5/1.00 L1_SingleMu18er1p5/1.00
319349,44,5,0.00,HLT_Mu8_IP6_part0_v2/0,OR,L1_SingleMu22/1.00 L1_SingleMu25/1.00 L1_SingleMu6er1p5/0.00 L1_SingleMu7er1p5/0.00 L1_SingleMu8er1p5/0.00 L1_SingleMu9er1p5/1.00 L1_SingleMu10er1p5/1.00 L1_SingleMu12er1p5/1.00 L1_SingleMu14er1p5/1.00 L1_SingleMu18er1p5/1.00
319349,1,3,0.00,HLT_Mu8_IP6_part0_v2/0,OR,L1_SingleMu22/1.00 L1_SingleMu25/1.00 L1_SingleMu6er1p5/0.00 L1_SingleMu7er1p5/0.00 L1_SingleMu8er1p5/0.00 L1_SingleMu9er1p5/0.00 L1_SingleMu10er1p5/0.00 L1_SingleMu12er1p5/1.00 L1_SingleMu14er1p5/0.00 L1_SingleMu18er1p5/0.00
319349,21,4,0.00,HLT_Mu8_IP6_part0_v2/0,OR,L1_SingleMu22/1.00 L1_SingleMu25/1.00 L1_SingleMu6er1p5/0.00 L1_SingleMu7er1p5/0.00 L1_SingleMu8er1p5/0.00 L1_SingleMu9er1p5/0.00 L1_SingleMu10er1p5/1.00 L1_SingleMu12er1p5/1.00 L1_SingleMu14er1p5/1.00 L1_SingleMu18er1p5/1.00
319349,44,5,0.00,HLT_Mu8_IP6_part0_v2/0,OR,L1_SingleMu22/1.00 L1_SingleMu25/1.00 L1_SingleMu6er1p5/0.00 L1_SingleMu7er1p5/0.00 L1_SingleMu8er1p5/0.00 L1_SingleMu9er1p5/1.00 L1_SingleMu10er1p5/1.00 L1_SingleMu12er1p5/1.00 L1_SingleMu14er1p5/1.00 L1_SingleMu18er1p5/1.00
319449,1,2,0.00,HLT_Mu8_IP6_part0_v2/0,OR,L1_SingleMu22/1.00 L1_SingleMu25/1.00 L1_SingleMu6er1p5/0.00 L1_SingleMu7er1p5/0.00 L1_SingleMu8er1p5/0.00 L1_SingleMu9er1p5/0.00 L1_SingleMu10er1p5/0.00 L1_SingleMu12er1p5/0.00 L1_SingleMu14er1p5/0.00 L1_SingleMu18er1p5/0.00
319449,176,3,0.00,HLT_Mu8_IP6_part0_v2/0,OR,L1_SingleMu22/1.00 L1_SingleMu25/1.00 L1_SingleMu6er1p5/0.00 L1_SingleMu7er1p5/0.00 L1_SingleMu8er1p5/0.00 L1_SingleMu9er1p5/0.00 L1_SingleMu10er1p5/0.00 L1_SingleMu12er1p5/1.00 L1_SingleMu14er1p5/0.00 L1_SingleMu18er1p5/0.00
319450,1,3,0.00,HLT_Mu8_IP6_part0_v2/0,OR,L1_SingleMu22/1.00 L1_SingleMu25/1.00 L1_SingleMu6er1p5/0.00 L1_SingleMu7er1p5/0.00 L1_SingleMu8er1p5/0.00 L1_SingleMu9er1p5/0.00 L1_SingleMu10er1p5/0.00 L1_SingleMu12er1p5/1.00 L1_SingleMu14er1p5/0.00 L1_SingleMu18er1p5/0.00
319450,100,4,0.00,HLT_Mu8_IP6_part0_v2/0,OR,L1_SingleMu22/1.00 L1_SingleMu25/1.00 L1_SingleMu6er1p5/0.00 L1_SingleMu7er1p5/0.00 L1_SingleMu8er1p5/0.00 L1_SingleMu9er1p5/0.00 L1_SingleMu10er1p5/1.00 L1_SingleMu12er1p5/1.00 L1_SingleMu14er1p5/1.00 L1_SingleMu18er1p5/1.00
319450,593,5,0.00,HLT_Mu8_IP6_part0_v2/0,OR,L1_SingleMu22/1.00 L1_SingleMu25/1.00 L1_SingleMu6er1p5/0.00 L1_SingleMu7er1p5/0.00 L1_SingleMu8er1p5/0.00 L1_SingleMu9er1p5/1.00 L1_SingleMu10er1p5/1.00 L1_SingleMu12er1p5/1.00 L1_SingleMu14er1p5/1.00 L1_SingleMu18er1p5/1.00
319450,1,3,0.00,HLT_Mu8_IP6_part0_v2/0,OR,L1_SingleMu22/1.00 L1_SingleMu25/1.00 L1_SingleMu6er1p5/0.00 L1_SingleMu7er1p5/0.00 L1_SingleMu8er1p5/0.00 L1_SingleMu9er1p5/0.00 L1_SingleMu10er1p5/0.00 L1_SingleMu12er1p5/1.00 L1_SingleMu14er1p5/0.00 L1_SingleMu18er1p5/0.00
319450,100,4,0.00,HLT_Mu8_IP6_part0_v2/0,OR,L1_SingleMu22/1.00 L1_SingleMu25/1.00 L1_SingleMu6er1p5/0.00 L1_SingleMu7er1p5/0.00 L1_SingleMu8er1p5/0.00 L1_SingleMu9er1p5/0.00 L1_SingleMu10er1p5/1.00 L1_SingleMu12er1p5/1.00 L1_SingleMu14er1p5/1.00 L1_SingleMu18er1p5/1.00
319450,593,5,0.00,HLT_Mu8_IP6_part0_v2/0,OR,L1_SingleMu22/1.00 L1_SingleMu25/1.00 L1_SingleMu6er1p5/0.00 L1_SingleMu7er1p5/0.00 L1_SingleMu8er1p5/0.00 L1_SingleMu9er1p5/1.00 L1_SingleMu10er1p5/1.00 L1_SingleMu12er1p5/1.00 L1_SingleMu14er1p5/1.00 L1_SingleMu18er1p5/1.00
319450,1,3,0.00,HLT_Mu8_IP6_part0_v2/0,OR,L1_SingleMu22/1.00 L1_SingleMu25/1.00 L1_SingleMu6er1p5/0.00 L1_SingleMu7er1p5/0.00 L1_SingleMu8er1p5/0.00 L1_SingleMu9er1p5/0.00 L1_SingleMu10er1p5/0.00 L1_SingleMu12er1p5/1.00 L1_SingleMu14er1p5/0.00 L1_SingleMu18er1p5/0.00
319450,100,4,0.00,HLT_Mu8_IP6_part0_v2/0,OR,L1_SingleMu22/1.00 L1_SingleMu25/1.00 L1_SingleMu6er1p5/0.00 L1_SingleMu7er1p5/0.00 L1_SingleMu8er1p5/0.00 L1_SingleMu9er1p5/0.00 L1_SingleMu10er1p5/1.00 L1_SingleMu12er1p5/1.00 L1_SingleMu14er1p5/1.00 L1_SingleMu18er1p5/1.00
319450,593,5,0.00,HLT_Mu8_IP6_part0_v2/0,OR,L1_SingleMu22/1.00 L1_SingleMu25/1.00 L1_SingleMu6er1p5/0.00 L1_SingleMu7er1p5/0.00 L1_SingleMu8er1p5/0.00 L1_SingleMu9er1p5/1.00 L1_SingleMu10er1p5/1.00 L1_SingleMu12er1p5/1.00 L1_SingleMu14er1p5/1.00 L1_SingleMu18er1p5/1.00
319456,1,5,0.00,HLT_Mu8_IP6_part0_v2/0,OR,L1_SingleMu22/1.00 L1_SingleMu25/1.00 L1_SingleMu6er1p5/0.00 L1_SingleMu7er1p5/0.00 L1_SingleMu8er1p5/0.00 L1_SingleMu9er1p5/1.00 L1_SingleMu10er1p5/1.00 L1_SingleMu12er1p5/1.00 L1_SingleMu14er1p5/1.00 L1_SingleMu18er1p5/1.00
319456,184,6,0.00,HLT_Mu8_IP6_part0_v2/0,OR,L1_SingleMu22/1.00 L1_SingleMu25/1.00 L1_SingleMu6er1p5/0.00 L1_SingleMu7er1p5/0.00 L1_SingleMu8er1p5/1.00 L1_SingleMu9er1p5/1.00 L1_SingleMu10er1p5/1.00 L1_SingleMu12er1p5/1.00 L1_SingleMu14er1p5/1.00 L1_SingleMu18er1p5/1.00
319459,1,6,0.00,HLT_Mu8_IP6_part0_v2/0,OR,L1_SingleMu22/1.00 L1_SingleMu25/1.00 L1_SingleMu6er1p5/0.00 L1_SingleMu7er1p5/0.00 L1_SingleMu8er1p5/1.00 L1_SingleMu9er1p5/1.00 L1_SingleMu10er1p5/1.00 L1_SingleMu12er1p5/1.00 L1_SingleMu14er1p5/1.00 L1_SingleMu18er1p5/1.00
319503,1,2,0.00,HLT_Mu8_IP6_part0_v2/0,OR,L1_SingleMu22/1.00 L1_SingleMu25/1.00 L1_SingleMu6er1p5/0.00 L1_SingleMu7er1p5/0.00 L1_SingleMu8er1p5/0.00 L1_SingleMu9er1p5/0.00 L1_SingleMu10er1p5/0.00 L1_SingleMu12er1p5/0.00 L1_SingleMu14er1p5/0.00 L1_SingleMu18er1p5/0.00
319503,10,4,0.00,HLT_Mu8_IP6_part0_v2/0,OR,L1_SingleMu22/1.00 L1_SingleMu25/1.00 L1_SingleMu6er1p5/0.00 L1_SingleMu7er1p5/0.00 L1_SingleMu8er1p5/0.00 L1_SingleMu9er1p5/0.00 L1_SingleMu10er1p5/1.00 L1_SingleMu12er1p5/1.00 L1_SingleMu14er1p5/1.00 L1_SingleMu18er1p5/1.00
319503,261,5,0.00,HLT_Mu8_IP6_part0_v2/0,OR,L1_SingleMu22/1.00 L1_SingleMu25/1.00 L1_SingleMu6er1p5/0.00 L1_SingleMu7er1p5/0.00 L1_SingleMu8er1p5/0.00 L1_SingleMu9er1p5/1.00 L1_SingleMu10er1p5/1.00 L1_SingleMu12er1p5/1.00 L1_SingleMu14er1p5/1.00 L1_SingleMu18er1p5/1.00
319503,1,2,0.00,HLT_Mu8_IP6_part0_v2/0,OR,L1_SingleMu22/1.00 L1_SingleMu25/1.00 L1_SingleMu6er1p5/0.00 L1_SingleMu7er1p5/0.00 L1_SingleMu8er1p5/0.00 L1_SingleMu9er1p5/0.00 L1_SingleMu10er1p5/0.00 L1_SingleMu12er1p5/0.00 L1_SingleMu14er1p5/0.00 L1_SingleMu18er1p5/0.00
319503,10,4,0.00,HLT_Mu8_IP6_part0_v2/0,OR,L1_SingleMu22/1.00 L1_SingleMu25/1.00 L1_SingleMu6er1p5/0.00 L1_SingleMu7er1p5/0.00 L1_SingleMu8er1p5/0.00 L1_SingleMu9er1p5/0.00 L1_SingleMu10er1p5/1.00 L1_SingleMu12er1p5/1.00 L1_SingleMu14er1p5/1.00 L1_SingleMu18er1p5/1.00
319503,261,5,0.00,HLT_Mu8_IP6_part0_v2/0,OR,L1_SingleMu22/1.00 L1_SingleMu25/1.00 L1_SingleMu6er1p5/0.00 L1_SingleMu7er1p5/0.00 L1_SingleMu8er1p5/0.00 L1_SingleMu9er1p5/1.00 L1_SingleMu10er1p5/1.00 L1_SingleMu12er1p5/1.00 L1_SingleMu14er1p5/1.00 L1_SingleMu18er1p5/1.00
319524,1,2,0.00,HLT_Mu8_IP6_part0_v2/0,OR,L1_SingleMu22/1.00 L1_SingleMu25/1.00 L1_SingleMu6er1p5/0.00 L1_SingleMu7er1p5/0.00 L1_SingleMu8er1p5/0.00 L1_SingleMu9er1p5/0.00 L1_SingleMu10er1p5/0.00 L1_SingleMu12er1p5/0.00 L1_SingleMu14er1p5/0.00 L1_SingleMu18er1p5/0.00
319524,264,3,0.00,HLT_Mu8_IP6_part0_v2/0,OR,L1_SingleMu22/1.00 L1_SingleMu25/1.00 L1_SingleMu6er1p5/0.00 L1_SingleMu7er1p5/0.00 L1_SingleMu8er1p5/0.00 L1_SingleMu9er1p5/0.00 L1_SingleMu10er1p5/0.00 L1_SingleMu12er1p5/1.00 L1_SingleMu14er1p5/0.00 L1_SingleMu18er1p5/0.00
319524,703,4,0.00,HLT_Mu8_IP6_part0_v2/0,OR,L1_SingleMu22/1.00 L1_SingleMu25/1.00 L1_SingleMu6er1p5/0.00 L1_SingleMu7er1p5/0.00 L1_SingleMu8er1p5/0.00 L1_SingleMu9er1p5/0.00 L1_SingleMu10er1p5/1.00 L1_SingleMu12er1p5/1.00 L1_SingleMu14er1p5/1.00 L1_SingleMu18er1p5/1.00
319524,1248,5,0.00,HLT_Mu8_IP6_part0_v2/0,OR,L1_SingleMu22/1.00 L1_SingleMu25/1.00 L1_SingleMu6er1p5/0.00 L1_SingleMu7er1p5/0.00 L1_SingleMu8er1p5/0.00 L1_SingleMu9er1p5/1.00 L1_SingleMu10er1p5/1.00 L1_SingleMu12er1p5/1.00 L1_SingleMu14er1p5/1.00 L1_SingleMu18er1p5/1.00
319524,1,2,0.00,HLT_Mu8_IP6_part0_v2/0,OR,L1_SingleMu22/1.00 L1_SingleMu25/1.00 L1_SingleMu6er1p5/0.00 L1_SingleMu7er1p5/0.00 L1_SingleMu8er1p5/0.00 L1_SingleMu9er1p5/0.00 L1_SingleMu10er1p5/0.00 L1_SingleMu12er1p5/0.00 L1_SingleMu14er1p5/0.00 L1_SingleMu18er1p5/0.00
319524,264,3,0.00,HLT_Mu8_IP6_part0_v2/0,OR,L1_SingleMu22/1.00 L1_SingleMu25/1.00 L1_SingleMu6er1p5/0.00 L1_SingleMu7er1p5/0.00 L1_SingleMu8er1p5/0.00 L1_SingleMu9er1p5/0.00 L1_SingleMu10er1p5/0.00 L1_SingleMu12er1p5/1.00 L1_SingleMu14er1p5/0.00 L1_SingleMu18er1p5/0.00
319524,703,4,0.00,HLT_Mu8_IP6_part0_v2/0,OR,L1_SingleMu22/1.00 L1_SingleMu25/1.00 L1_SingleMu6er1p5/0.00 L1_SingleMu7er1p5/0.00 L1_SingleMu8er1p5/0.00 L1_SingleMu9er1p5/0.00 L1_SingleMu10er1p5/1.00 L1_SingleMu12er1p5/1.00 L1_SingleMu14er1p5/1.00 L1_SingleMu18er1p5/1.00
319524,1248,5,0.00,HLT_Mu8_IP6_part0_v2/0,OR,L1_SingleMu22/1.00 L1_SingleMu25/1.00 L1_SingleMu6er1p5/0.00 L1_SingleMu7er1p5/0.00 L1_SingleMu8er1p5/0.00 L1_SingleMu9er1p5/1.00 L1_SingleMu10er1p5/1.00 L1_SingleMu12er1p5/1.00 L1_SingleMu14er1p5/1.00 L1_SingleMu18er1p5/1.00
319524,1,2,0.00,HLT_Mu8_IP6_part0_v2/0,OR,L1_SingleMu22/1.00 L1_SingleMu25/1.00 L1_SingleMu6er1p5/0.00 L1_SingleMu7er1p5/0.00 L1_SingleMu8er1p5/0.00 L1_SingleMu9er1p5/0.00 L1_SingleMu10er1p5/0.00 L1_SingleMu12er1p5/0.00 L1_SingleMu14er1p5/0.00 L1_SingleMu18er1p5/0.00
319524,264,3,0.00,HLT_Mu8_IP6_part0_v2/0,OR,L1_SingleMu22/1.00 L1_SingleMu25/1.00 L1_SingleMu6er1p5/0.00 L1_SingleMu7er1p5/0.00 L1_SingleMu8er1p5/0.00 L1_SingleMu9er1p5/0.00 L1_SingleMu10er1p5/0.00 L1_SingleMu12er1p5/1.00 L1_SingleMu14er1p5/0.00 L1_SingleMu18er1p5/0.00
319524,703,4,0.00,HLT_Mu8_IP6_part0_v2/0,OR,L1_SingleMu22/1.00 L1_SingleMu25/1.00 L1_SingleMu6er1p5/0.00 L1_SingleMu7er1p5/0.00 L1_SingleMu8er1p5/0.00 L1_SingleMu9er1p5/0.00 L1_SingleMu10er1p5/1.00 L1_SingleMu12er1p5/1.00 L1_SingleMu14er1p5/1.00 L1_SingleMu18er1p5/1.00
319524,1248,5,0.00,HLT_Mu8_IP6_part0_v2/0,OR,L1_SingleMu22/1.00 L1_SingleMu25/1.00 L1_SingleMu6er1p5/0.00 L1_SingleMu7er1p5/0.00 L1_SingleMu8er1p5/0.00 L1_SingleMu9er1p5/1.00 L1_SingleMu10er1p5/1.00 L1_SingleMu12er1p5/1.00 L1_SingleMu14er1p5/1.00 L1_SingleMu18er1p5/1.00
319526,1,5,0.00,HLT_Mu8_IP6_part0_v2/0,OR,L1_SingleMu22/1.00 L1_SingleMu25/1.00 L1_SingleMu6er1p5/0.00 L1_SingleMu7er1p5/0.00 L1_SingleMu8er1p5/0.00 L1_SingleMu9er1p5/1.00 L1_SingleMu10er1p5/1.00 L1_SingleMu12er1p5/1.00 L1_SingleMu14er1p5/1.00 L1_SingleMu18er1p5/1.00
319526,184,6,0.00,HLT_Mu8_IP6_part0_v2/0,OR,L1_SingleMu22/1.00 L1_SingleMu25/1.00 L1_SingleMu6er1p5/0.00 L1_SingleMu7er1p5/0.00 L1_SingleMu8er1p5/1.00 L1_SingleMu9er1p5/1.00 L1_SingleMu10er1p5/1.00 L1_SingleMu12er1p5/1.00 L1_SingleMu14er1p5/1.00 L1_SingleMu18er1p5/1.00
319526,193,7,0.00,HLT_Mu8_IP6_part0_v2/0,OR,L1_SingleMu22/1.00 L1_SingleMu25/1.00 L1_SingleMu6er1p5/0.00 L1_SingleMu7er1p5/1.00 L1_SingleMu8er1p5/1.00 L1_SingleMu9er1p5/1.00 L1_SingleMu10er1p5/1.00 L1_SingleMu12er1p5/1.00 L1_SingleMu14er1p5/1.00 L1_SingleMu18er1p5/1.00
319526,195,6,0.00,HLT_Mu8_IP6_part0_v2/0,OR,L1_SingleMu22/1.00 L1_SingleMu25/1.00 L1_SingleMu6er1p5/0.00 L1_SingleMu7er1p5/0.00 L1_SingleMu8er1p5/1.00 L1_SingleMu9er1p5/1.00 L1_SingleMu10er1p5/1.00 L1_SingleMu12er1p5/1.00 L1_SingleMu14er1p5/1.00 L1_SingleMu18er1p5/1.00
319526,275,5,0.00,HLT_Mu8_IP6_part0_v2/0,OR,L1_SingleMu22/1.00 L1_SingleMu25/1.00 L1_SingleMu6er1p5/0.00 L1_SingleMu7er1p5/0.00 L1_SingleMu8er1p5/0.00 L1_SingleMu9er1p5/1.00 L1_SingleMu10er1p5/1.00 L1_SingleMu12er1p5/1.00 L1_SingleMu14er1p5/1.00 L1_SingleMu18er1p5/1.00
319526,1,5,0.00,HLT_Mu8_IP6_part0_v2/0,OR,L1_SingleMu22/1.00 L1_SingleMu25/1.00 L1_SingleMu6er1p5/0.00 L1_SingleMu7er1p5/0.00 L1_SingleMu8er1p5/0.00 L1_SingleMu9er1p5/1.00 L1_SingleMu10er1p5/1.00 L1_SingleMu12er1p5/1.00 L1_SingleMu14er1p5/1.00 L1_SingleMu18er1p5/1.00
319526,184,6,0.00,HLT_Mu8_IP6_part0_v2/0,OR,L1_SingleMu22/1.00 L1_SingleMu25/1.00 L1_SingleMu6er1p5/0.00 L1_SingleMu7er1p5/0.00 L1_SingleMu8er1p5/1.00 L1_SingleMu9er1p5/1.00 L1_SingleMu10er1p5/1.00 L1_SingleMu12er1p5/1.00 L1_SingleMu14er1p5/1.00 L1_SingleMu18er1p5/1.00
319526,193,7,0.00,HLT_Mu8_IP6_part0_v2/0,OR,L1_SingleMu22/1.00 L1_SingleMu25/1.00 L1_SingleMu6er1p5/0.00 L1_SingleMu7er1p5/1.00 L1_SingleMu8er1p5/1.00 L1_SingleMu9er1p5/1.00 L1_SingleMu10er1p5/1.00 L1_SingleMu12er1p5/1.00 L1_SingleMu14er1p5/1.00 L1_SingleMu18er1p5/1.00
319526,195,6,0.00,HLT_Mu8_IP6_part0_v2/0,OR,L1_SingleMu22/1.00 L1_SingleMu25/1.00 L1_SingleMu6er1p5/0.00 L1_SingleMu7er1p5/0.00 L1_SingleMu8er1p5/1.00 L1_SingleMu9er1p5/1.00 L1_SingleMu10er1p5/1.00 L1_SingleMu12er1p5/1.00 L1_SingleMu14er1p5/1.00 L1_SingleMu18er1p5/1.00
319526,275,5,0.00,HLT_Mu8_IP6_part0_v2/0,OR,L1_SingleMu22/1.00 L1_SingleMu25/1.00 L1_SingleMu6er1p5/0.00 L1_SingleMu7er1p5/0.00 L1_SingleMu8er1p5/0.00 L1_SingleMu9er1p5/1.00 L1_SingleMu10er1p5/1.00 L1_SingleMu12er1p5/1.00 L1_SingleMu14er1p5/1.00 L1_SingleMu18er1p5/1.00
319528,1,0,0.00,HLT_Mu8_IP6_part0_v2/0,OR,L1_SingleMu22/0.00 L1_SingleMu25/0.00 L1_SingleMu6er1p5/0.00 L1_SingleMu7er1p5/0.00 L1_SingleMu8er1p5/0.00 L1_SingleMu9er1p5/0.00 L1_SingleMu10er1p5/0.00 L1_SingleMu12er1p5/0.00 L1_SingleMu14er1p5/0.00 L1_SingleMu18er1p5/0.00
319528,6,5,0.00,HLT_Mu8_IP6_part0_v2/0,OR,L1_SingleMu22/1.00 L1_SingleMu25/1.00 L1_SingleMu6er1p5/0.00 L1_SingleMu7er1p5/0.00 L1_SingleMu8er1p5/0.00 L1_SingleMu9er1p5/1.00 L1_SingleMu10er1p5/1.00 L1_SingleMu12er1p5/1.00 L1_SingleMu14er1p5/1.00 L1_SingleMu18er1p5/1.00
319528,111,10,0.00,HLT_Mu8_IP6_part0_v2/0,OR,L1_SingleMu22/1.00 L1_SingleMu25/1.00 L1_SingleMu6er1p5/0.00 L1_SingleMu7er1p5/0.00 L1_SingleMu8er1p5/0.00 L1_SingleMu9er1p5/0.00 L1_SingleMu10er1p5/0.00 L1_SingleMu12er1p5/0.00 L1_SingleMu14er1p5/0.00 L1_SingleMu18er1p5/0.00
319579,1,2,0.00,HLT_Mu8_IP6_part0_v2/0,OR,L1_SingleMu22/1.00 L1_SingleMu25/1.00 L1_SingleMu6er1p5/0.00 L1_SingleMu7er1p5/0.00 L1_SingleMu8er1p5/0.00 L1_SingleMu9er1p5/0.00 L1_SingleMu10er1p5/0.00 L1_SingleMu12er1p5/0.00 L1_SingleMu14er1p5/0.00 L1_SingleMu18er1p5/0.00
319579,277,3,0.00,HLT_Mu8_IP6_part0_v2/0,OR,L1_SingleMu22/1.00 L1_SingleMu25/1.00 L1_SingleMu6er1p5/0.00 L1_SingleMu7er1p5/0.00 L1_SingleMu8er1p5/0.00 L1_SingleMu9er1p5/0.00 L1_SingleMu10er1p5/0.00 L1_SingleMu12er1p5/1.00 L1_SingleMu14er1p5/0.00 L1_SingleMu18er1p5/0.00
319579,758,4,0.00,HLT_Mu8_IP6_part0_v2/0,OR,L1_SingleMu22/1.00 L1_SingleMu25/1.00 L1_SingleMu6er1p5/0.00 L1_SingleMu7er1p5/0.00 L1_SingleMu8er1p5/0.00 L1_SingleMu9er1p5/0.00 L1_SingleMu10er1p5/1.00 L1_SingleMu12er1p5/1.00 L1_SingleMu14er1p5/1.00 L1_SingleMu18er1p5/1.00
319579,1173,5,0.00,HLT_Mu8_IP6_part0_v2/0,OR,L1_SingleMu22/1.00 L1_SingleMu25/1.00 L1_SingleMu6er1p5/0.00 L1_SingleMu7er1p5/0.00 L1_SingleMu8er1p5/0.00 L1_SingleMu9er1p5/1.00 L1_SingleMu10er1p5/1.00 L1_SingleMu12er1p5/1.00 L1_SingleMu14er1p5/1.00 L1_SingleMu18er1p5/1.00
319579,1401,6,0.00,HLT_Mu8_IP6_part0_v2/0,OR,L1_SingleMu22/1.00 L1_SingleMu25/1.00 L1_SingleMu6er1p5/0.00 L1_SingleMu7er1p5/0.00 L1_SingleMu8er1p5/1.00 L1_SingleMu9er1p5/1.00 L1_SingleMu10er1p5/1.00 L1_SingleMu12er1p5/1.00 L1_SingleMu14er1p5/1.00 L1_SingleMu18er1p5/1.00
319579,1979,7,0.00,HLT_Mu8_IP6_part0_v2/0,OR,L1_SingleMu22/1.00 L1_SingleMu25/1.00 L1_SingleMu6er1p5/0.00 L1_SingleMu7er1p5/1.00 L1_SingleMu8er1p5/1.00 L1_SingleMu9er1p5/1.00 L1_SingleMu10er1p5/1.00 L1_SingleMu12er1p5/1.00 L1_SingleMu14er1p5/1.00 L1_SingleMu18er1p5/1.00
319579,1987,6,0.00,HLT_Mu8_IP6_part0_v2/0,OR,L1_SingleMu22/1.00 L1_SingleMu25/1.00 L1_SingleMu6er1p5/0.00 L1_SingleMu7er1p5/0.00 L1_SingleMu8er1p5/1.00 L1_SingleMu9er1p5/1.00 L1_SingleMu10er1p5/1.00 L1_SingleMu12er1p5/1.00 L1_SingleMu14er1p5/1.00 L1_SingleMu18er1p5/1.00
319579,2273,7,0.00,HLT_Mu8_IP6_part0_v2/0,OR,L1_SingleMu22/1.00 L1_SingleMu25/1.00 L1_SingleMu6er1p5/0.00 L1_SingleMu7er1p5/1.00 L1_SingleMu8er1p5/1.00 L1_SingleMu9er1p5/1.00 L1_SingleMu10er1p5/1.00 L1_SingleMu12er1p5/1.00 L1_SingleMu14er1p5/1.00 L1_SingleMu18er1p5/1.00
319579,2278,6,0.00,HLT_Mu8_IP6_part0_v2/0,OR,L1_SingleMu22/1.00 L1_SingleMu25/1.00 L1_SingleMu6er1p5/0.00 L1_SingleMu7er1p5/0.00 L1_SingleMu8er1p5/1.00 L1_SingleMu9er1p5/1.00 L1_SingleMu10er1p5/1.00 L1_SingleMu12er1p5/1.00 L1_SingleMu14er1p5/1.00 L1_SingleMu18er1p5/1.00
319579,2511,7,0.00,HLT_Mu8_IP6_part0_v2/0,OR,L1_SingleMu22/1.00 L1_SingleMu25/1.00 L1_SingleMu6er1p5/0.00 L1_SingleMu7er1p5/1.00 L1_SingleMu8er1p5/1.00 L1_SingleMu9er1p5/1.00 L1_SingleMu10er1p5/1.00 L1_SingleMu12er1p5/1.00 L1_SingleMu14er1p5/1.00 L1_SingleMu18er1p5/1.00
319579,2516,6,0.00,HLT_Mu8_IP6_part0_v2/0,OR,L1_SingleMu22/1.00 L1_SingleMu25/1.00 L1_SingleMu6er1p5/0.00 L1_SingleMu7er1p5/0.00 L1_SingleMu8er1p5/1.00 L1_SingleMu9er1p5/1.00 L1_SingleMu10er1p5/1.00 L1_SingleMu12er1p5/1.00 L1_SingleMu14er1p5/1.00 L1_SingleMu18er1p5/1.00
319579,1,2,0.00,HLT_Mu8_IP6_part0_v2/0,OR,L1_SingleMu22/1.00 L1_SingleMu25/1.00 L1_SingleMu6er1p5/0.00 L1_SingleMu7er1p5/0.00 L1_SingleMu8er1p5/0.00 L1_SingleMu9er1p5/0.00 L1_SingleMu10er1p5/0.00 L1_SingleMu12er1p5/0.00 L1_SingleMu14er1p5/0.00 L1_SingleMu18er1p5/0.00
319579,277,3,0.00,HLT_Mu8_IP6_part0_v2/0,OR,L1_SingleMu22/1.00 L1_SingleMu25/1.00 L1_SingleMu6er1p5/0.00 L1_SingleMu7er1p5/0.00 L1_SingleMu8er1p5/0.00 L1_SingleMu9er1p5/0.00 L1_SingleMu10er1p5/0.00 L1_SingleMu12er1p5/1.00 L1_SingleMu14er1p5/0.00 L1_SingleMu18er1p5/0.00
319579,758,4,0.00,HLT_Mu8_IP6_part0_v2/0,OR,L1_SingleMu22/1.00 L1_SingleMu25/1.00 L1_SingleMu6er1p5/0.00 L1_SingleMu7er1p5/0.00 L1_SingleMu8er1p5/0.00 L1_SingleMu9er1p5/0.00 L1_SingleMu10er1p5/1.00 L1_SingleMu12er1p5/1.00 L1_SingleMu14er1p5/1.00 L1_SingleMu18er1p5/1.00
319579,1173,5,0.00,HLT_Mu8_IP6_part0_v2/0,OR,L1_SingleMu22/1.00 L1_SingleMu25/1.00 L1_SingleMu6er1p5/0.00 L1_SingleMu7er1p5/0.00 L1_SingleMu8er1p5/0.00 L1_SingleMu9er1p5/1.00 L1_SingleMu10er1p5/1.00 L1_SingleMu12er1p5/1.00 L1_SingleMu14er1p5/1.00 L1_SingleMu18er1p5/1.00
319579,1401,6,0.00,HLT_Mu8_IP6_part0_v2/0,OR,L1_SingleMu22/1.00 L1_SingleMu25/1.00 L1_SingleMu6er1p5/0.00 L1_SingleMu7er1p5/0.00 L1_SingleMu8er1p5/1.00 L1_SingleMu9er1p5/1.00 L1_SingleMu10er1p5/1.00 L1_SingleMu12er1p5/1.00 L1_SingleMu14er1p5/1.00 L1_SingleMu18er1p5/1.00
319579,1979,7,0.00,HLT_Mu8_IP6_part0_v2/0,OR,L1_SingleMu22/1.00 L1_SingleMu25/1.00 L1_SingleMu6er1p5/0.00 L1_SingleMu7er1p5/1.00 L1_SingleMu8er1p5/1.00 L1_SingleMu9er1p5/1.00 L1_SingleMu10er1p5/1.00 L1_SingleMu12er1p5/1.00 L1_SingleMu14er1p5/1.00 L1_SingleMu18er1p5/1.00
319579,1987,6,0.00,HLT_Mu8_IP6_part0_v2/0,OR,L1_SingleMu22/1.00 L1_SingleMu25/1.00 L1_SingleMu6er1p5/0.00 L1_SingleMu7er1p5/0.00 L1_SingleMu8er1p5/1.00 L1_SingleMu9er1p5/1.00 L1_SingleMu10er1p5/1.00 L1_SingleMu12er1p5/1.00 L1_SingleMu14er1p5/1.00 L1_SingleMu18er1p5/1.00
319579,2273,7,0.00,HLT_Mu8_IP6_part0_v2/0,OR,L1_SingleMu22/1.00 L1_SingleMu25/1.00 L1_SingleMu6er1p5/0.00 L1_SingleMu7er1p5/1.00 L1_SingleMu8er1p5/1.00 L1_SingleMu9er1p5/1.00 L1_SingleMu10er1p5/1.00 L1_SingleMu12er1p5/1.00 L1_SingleMu14er1p5/1.00 L1_SingleMu18er1p5/1.00
319579,2278,6,0.00,HLT_Mu8_IP6_part0_v2/0,OR,L1_SingleMu22/1.00 L1_SingleMu25/1.00 L1_SingleMu6er1p5/0.00 L1_SingleMu7er1p5/0.00 L1_SingleMu8er1p5/1.00 L1_SingleMu9er1p5/1.00 L1_SingleMu10er1p5/1.00 L1_SingleMu12er1p5/1.00 L1_SingleMu14er1p5/1.00 L1_SingleMu18er1p5/1.00
319579,2511,7,0.00,HLT_Mu8_IP6_part0_v2/0,OR,L1_SingleMu22/1.00 L1_SingleMu25/1.00 L1_SingleMu6er1p5/0.00 L1_SingleMu7er1p5/1.00 L1_SingleMu8er1p5/1.00 L1_SingleMu9er1p5/1.00 L1_SingleMu10er1p5/1.00 L1_SingleMu12er1p5/1.00 L1_SingleMu14er1p5/1.00 L1_SingleMu18er1p5/1.00
319579,2516,6,0.00,HLT_Mu8_IP6_part0_v2/0,OR,L1_SingleMu22/1.00 L1_SingleMu25/1.00 L1_SingleMu6er1p5/0.00 L1_SingleMu7er1p5/0.00 L1_SingleMu8er1p5/1.00 L1_SingleMu9er1p5/1.00 L1_SingleMu10er1p5/1.00 L1_SingleMu12er1p5/1.00 L1_SingleMu14er1p5/1.00 L1_SingleMu18er1p5/1.00
319579,1,2,0.00,HLT_Mu8_IP6_part0_v2/0,OR,L1_SingleMu22/1.00 L1_SingleMu25/1.00 L1_SingleMu6er1p5/0.00 L1_SingleMu7er1p5/0.00 L1_SingleMu8er1p5/0.00 L1_SingleMu9er1p5/0.00 L1_SingleMu10er1p5/0.00 L1_SingleMu12er1p5/0.00 L1_SingleMu14er1p5/0.00 L1_SingleMu18er1p5/0.00
319579,277,3,0.00,HLT_Mu8_IP6_part0_v2/0,OR,L1_SingleMu22/1.00 L1_SingleMu25/1.00 L1_SingleMu6er1p5/0.00 L1_SingleMu7er1p5/0.00 L1_SingleMu8er1p5/0.00 L1_SingleMu9er1p5/0.00 L1_SingleMu10er1p5/0.00 L1_SingleMu12er1p5/1.00 L1_SingleMu14er1p5/0.00 L1_SingleMu18er1p5/0.00
319579,758,4,0.00,HLT_Mu8_IP6_part0_v2/0,OR,L1_SingleMu22/1.00 L1_SingleMu25/1.00 L1_SingleMu6er1p5/0.00 L1_SingleMu7er1p5/0.00 L1_SingleMu8er1p5/0.00 L1_SingleMu9er1p5/0.00 L1_SingleMu10er1p5/1.00 L1_SingleMu12er1p5/1.00 L1_SingleMu14er1p5/1.00 L1_SingleMu18er1p5/1.00
319579,1173,5,0.00,HLT_Mu8_IP6_part0_v2/0,OR,L1_SingleMu22/1.00 L1_SingleMu25/1.00 L1_SingleMu6er1p5/0.00 L1_SingleMu7er1p5/0.00 L1_SingleMu8er1p5/0.00 L1_SingleMu9er1p5/1.00 L1_SingleMu10er1p5/1.00 L1_SingleMu12er1p5/1.00 L1_SingleMu14er1p5/1.00 L1_SingleMu18er1p5/1.00
319579,1401,6,0.00,HLT_Mu8_IP6_part0_v2/0,OR,L1_SingleMu22/1.00 L1_SingleMu25/1.00 L1_SingleMu6er1p5/0.00 L1_SingleMu7er1p5/0.00 L1_SingleMu8er1p5/1.00 L1_SingleMu9er1p5/1.00 L1_SingleMu10er1p5/1.00 L1_SingleMu12er1p5/1.00 L1_SingleMu14er1p5/1.00 L1_SingleMu18er1p5/1.00
319579,1979,7,0.00,HLT_Mu8_IP6_part0_v2/0,OR,L1_SingleMu22/1.00 L1_SingleMu25/1.00 L1_SingleMu6er1p5/0.00 L1_SingleMu7er1p5/1.00 L1_SingleMu8er1p5/1.00 L1_SingleMu9er1p5/1.00 L1_SingleMu10er1p5/1.00 L1_SingleMu12er1p5/1.00 L1_SingleMu14er1p5/1.00 L1_SingleMu18er1p5/1.00
319579,1987,6,0.00,HLT_Mu8_IP6_part0_v2/0,OR,L1_SingleMu22/1.00 L1_SingleMu25/1.00 L1_SingleMu6er1p5/0.00 L1_SingleMu7er1p5/0.00 L1_SingleMu8er1p5/1.00 L1_SingleMu9er1p5/1.00 L1_SingleMu10er1p5/1.00 L1_SingleMu12er1p5/1.00 L1_SingleMu14er1p5/1.00 L1_SingleMu18er1p5/1.00
319579,2273,7,0.00,HLT_Mu8_IP6_part0_v2/0,OR,L1_SingleMu22/1.00 L1_SingleMu25/1.00 L1_SingleMu6er1p5/0.00 L1_SingleMu7er1p5/1.00 L1_SingleMu8er1p5/1.00 L1_SingleMu9er1p5/1.00 L1_SingleMu10er1p5/1.00 L1_SingleMu12er1p5/1.00 L1_SingleMu14er1p5/1.00 L1_SingleMu18er1p5/1.00
319579,2278,6,0.00,HLT_Mu8_IP6_part0_v2/0,OR,L1_SingleMu22/1.00 L1_SingleMu25/1.00 L1_SingleMu6er1p5/0.00 L1_SingleMu7er1p5/0.00 L1_SingleMu8er1p5/1.00 L1_SingleMu9er1p5/1.00 L1_SingleMu10er1p5/1.00 L1_SingleMu12er1p5/1.00 L1_SingleMu14er1p5/1.00 L1_SingleMu18er1p5/1.00
319579,2511,7,0.00,HLT_Mu8_IP6_part0_v2/0,OR,L1_SingleMu22/1.00 L1_SingleMu25/1.00 L1_SingleMu6er1p5/0.00 L1_SingleMu7er1p5/1.00 L1_SingleMu8er1p5/1.00 L1_SingleMu9er1p5/1.00 L1_SingleMu10er1p5/1.00 L1_SingleMu12er1p5/1.00 L1_SingleMu14er1p5/1.00 L1_SingleMu18er1p5/1.00
319579,2516,6,0.00,HLT_Mu8_IP6_part0_v2/0,OR,L1_SingleMu22/1.00 L1_SingleMu25/1.00 L1_SingleMu6er1p5/0.00 L1_SingleMu7er1p5/0.00 L1_SingleMu8er1p5/1.00 L1_SingleMu9er1p5/1.00 L1_SingleMu10er1p5/1.00 L1_SingleMu12er1p5/1.00 L1_SingleMu14er1p5/1.00 L1_SingleMu18er1p5/1.00
319579,1,2,0.00,HLT_Mu8_IP6_part0_v2/0,OR,L1_SingleMu22/1.00 L1_SingleMu25/1.00 L1_SingleMu6er1p5/0.00 L1_SingleMu7er1p5/0.00 L1_SingleMu8er1p5/0.00 L1_SingleMu9er1p5/0.00 L1_SingleMu10er1p5/0.00 L1_SingleMu12er1p5/0.00 L1_SingleMu14er1p5/0.00 L1_SingleMu18er1p5/0.00
319579,277,3,0.00,HLT_Mu8_IP6_part0_v2/0,OR,L1_SingleMu22/1.00 L1_SingleMu25/1.00 L1_SingleMu6er1p5/0.00 L1_SingleMu7er1p5/0.00 L1_SingleMu8er1p5/0.00 L1_SingleMu9er1p5/0.00 L1_SingleMu10er1p5/0.00 L1_SingleMu12er1p5/1.00 L1_SingleMu14er1p5/0.00 L1_SingleMu18er1p5/0.00
319579,758,4,0.00,HLT_Mu8_IP6_part0_v2/0,OR,L1_SingleMu22/1.00 L1_SingleMu25/1.00 L1_SingleMu6er1p5/0.00 L1_SingleMu7er1p5/0.00 L1_SingleMu8er1p5/0.00 L1_SingleMu9er1p5/0.00 L1_SingleMu10er1p5/1.00 L1_SingleMu12er1p5/1.00 L1_SingleMu14er1p5/1.00 L1_SingleMu18er1p5/1.00
319579,1173,5,0.00,HLT_Mu8_IP6_part0_v2/0,OR,L1_SingleMu22/1.00 L1_SingleMu25/1.00 L1_SingleMu6er1p5/0.00 L1_SingleMu7er1p5/0.00 L1_SingleMu8er1p5/0.00 L1_SingleMu9er1p5/1.00 L1_SingleMu10er1p5/1.00 L1_SingleMu12er1p5/1.00 L1_SingleMu14er1p5/1.00 L1_SingleMu18er1p5/1.00
319579,1401,6,0.00,HLT_Mu8_IP6_part0_v2/0,OR,L1_SingleMu22/1.00 L1_SingleMu25/1.00 L1_SingleMu6er1p5/0.00 L1_SingleMu7er1p5/0.00 L1_SingleMu8er1p5/1.00 L1_SingleMu9er1p5/1.00 L1_SingleMu10er1p5/1.00 L1_SingleMu12er1p5/1.00 L1_SingleMu14er1p5/1.00 L1_SingleMu18er1p5/1.00
319579,1979,7,0.00,HLT_Mu8_IP6_part0_v2/0,OR,L1_SingleMu22/1.00 L1_SingleMu25/1.00 L1_SingleMu6er1p5/0.00 L1_SingleMu7er1p5/1.00 L1_SingleMu8er1p5/1.00 L1_SingleMu9er1p5/1.00 L1_SingleMu10er1p5/1.00 L1_SingleMu12er1p5/1.00 L1_SingleMu14er1p5/1.00 L1_SingleMu18er1p5/1.00
319579,1987,6,0.00,HLT_Mu8_IP6_part0_v2/0,OR,L1_SingleMu22/1.00 L1_SingleMu25/1.00 L1_SingleMu6er1p5/0.00 L1_SingleMu7er1p5/0.00 L1_SingleMu8er1p5/1.00 L1_SingleMu9er1p5/1.00 L1_SingleMu10er1p5/1.00 L1_SingleMu12er1p5/1.00 L1_SingleMu14er1p5/1.00 L1_SingleMu18er1p5/1.00
319579,2273,7,0.00,HLT_Mu8_IP6_part0_v2/0,OR,L1_SingleMu22/1.00 L1_SingleMu25/1.00 L1_SingleMu6er1p5/0.00 L1_SingleMu7er1p5/1.00 L1_SingleMu8er1p5/1.00 L1_SingleMu9er1p5/1.00 L1_SingleMu10er1p5/1.00 L1_SingleMu12er1p5/1.00 L1_SingleMu14er1p5/1.00 L1_SingleMu18er1p5/1.00
319579,2278,6,0.00,HLT_Mu8_IP6_part0_v2/0,OR,L1_SingleMu22/1.00 L1_SingleMu25/1.00 L1_SingleMu6er1p5/0.00 L1_SingleMu7er1p5/0.00 L1_SingleMu8er1p5/1.00 L1_SingleMu9er1p5/1.00 L1_SingleMu10er1p5/1.00 L1_SingleMu12er1p5/1.00 L1_SingleMu14er1p5/1.00 L1_SingleMu18er1p5/1.00
319579,2511,7,0.00,HLT_Mu8_IP6_part0_v2/0,OR,L1_SingleMu22/1.00 L1_SingleMu25/1.00 L1_SingleMu6er1p5/0.00 L1_SingleMu7er1p5/1.00 L1_SingleMu8er1p5/1.00 L1_SingleMu9er1p5/1.00 L1_SingleMu10er1p5/1.00 L1_SingleMu12er1p5/1.00 L1_SingleMu14er1p5/1.00 L1_SingleMu18er1p5/1.00
319579,2516,6,0.00,HLT_Mu8_IP6_part0_v2/0,OR,L1_SingleMu22/1.00 L1_SingleMu25/1.00 L1_SingleMu6er1p5/0.00 L1_SingleMu7er1p5/0.00 L1_SingleMu8er1p5/1.00 L1_SingleMu9er1p5/1.00 L1_SingleMu10er1p5/1.00 L1_SingleMu12er1p5/1.00 L1_SingleMu14er1p5/1.00 L1_SingleMu18er1p5/1.00
319639,1,0,0.00,HLT_Mu8_IP6_part0_v2/0,OR,L1_SingleMu22/0.00 L1_SingleMu25/0.00 L1_SingleMu6er1p5/0.00 L1_SingleMu7er1p5/0.00 L1_SingleMu8er1p5/0.00 L1_SingleMu9er1p5/0.00 L1_SingleMu10er1p5/0.00 L1_SingleMu12er1p5/0.00 L1_SingleMu14er1p5/0.00 L1_SingleMu18er1p5/0.00
319639,9,2,0.00,HLT_Mu8_IP6_part0_v2/0,OR,L1_SingleMu22/1.00 L1_SingleMu25/1.00 L1_SingleMu6er1p5/0.00 L1_SingleMu7er1p5/0.00 L1_SingleMu8er1p5/0.00 L1_SingleMu9er1p5/0.00 L1_SingleMu10er1p5/0.00 L1_SingleMu12er1p5/0.00 L1_SingleMu14er1p5/0.00 L1_SingleMu18er1p5/0.00
319639,162,3,0.00,HLT_Mu8_IP6_part0_v2/0,OR,L1_SingleMu22/1.00 L1_SingleMu25/1.00 L1_SingleMu6er1p5/0.00 L1_SingleMu7er1p5/0.00 L1_SingleMu8er1p5/0.00 L1_SingleMu9er1p5/0.00 L1_SingleMu10er1p5/0.00 L1_SingleMu12er1p5/1.00 L1_SingleMu14er1p5/0.00 L1_SingleMu18er1p5/0.00
319639,1061,6,0.00,HLT_Mu8_IP6_part0_v2/0,OR,L1_SingleMu22/1.00 L1_SingleMu25/1.00 L1_SingleMu6er1p5/0.00 L1_SingleMu7er1p5/0.00 L1_SingleMu8er1p5/1.00 L1_SingleMu9er1p5/1.00 L1_SingleMu10er1p5/1.00 L1_SingleMu12er1p5/1.00 L1_SingleMu14er1p5/1.00 L1_SingleMu18er1p5/1.00
319639,1,0,0.00,HLT_Mu8_IP6_part0_v2/0,OR,L1_SingleMu22/0.00 L1_SingleMu25/0.00 L1_SingleMu6er1p5/0.00 L1_SingleMu7er1p5/0.00 L1_SingleMu8er1p5/0.00 L1_SingleMu9er1p5/0.00 L1_SingleMu10er1p5/0.00 L1_SingleMu12er1p5/0.00 L1_SingleMu14er1p5/0.00 L1_SingleMu18er1p5/0.00
319639,9,2,0.00,HLT_Mu8_IP6_part0_v2/0,OR,L1_SingleMu22/1.00 L1_SingleMu25/1.00 L1_SingleMu6er1p5/0.00 L1_SingleMu7er1p5/0.00 L1_SingleMu8er1p5/0.00 L1_SingleMu9er1p5/0.00 L1_SingleMu10er1p5/0.00 L1_SingleMu12er1p5/0.00 L1_SingleMu14er1p5/0.00 L1_SingleMu18er1p5/0.00
319639,162,3,0.00,HLT_Mu8_IP6_part0_v2/0,OR,L1_SingleMu22/1.00 L1_SingleMu25/1.00 L1_SingleMu6er1p5/0.00 L1_SingleMu7er1p5/0.00 L1_SingleMu8er1p5/0.00 L1_SingleMu9er1p5/0.00 L1_SingleMu10er1p5/0.00 L1_SingleMu12er1p5/1.00 L1_SingleMu14er1p5/0.00 L1_SingleMu18er1p5/0.00
319639,1061,6,0.00,HLT_Mu8_IP6_part0_v2/0,OR,L1_SingleMu22/1.00 L1_SingleMu25/1.00 L1_SingleMu6er1p5/0.00 L1_SingleMu7er1p5/0.00 L1_SingleMu8er1p5/1.00 L1_SingleMu9er1p5/1.00 L1_SingleMu10er1p5/1.00 L1_SingleMu12er1p5/1.00 L1_SingleMu14er1p5/1.00 L1_SingleMu18er1p5/1.00
319656,1,0,0.00,HLT_Mu8_IP6_part0_v2/0,OR,L1_SingleMu22/0.00 L1_SingleMu25/0.00 L1_SingleMu6er1p5/0.00 L1_SingleMu7er1p5/0.00 L1_SingleMu8er1p5/0.00 L1_SingleMu9er1p5/0.00 L1_SingleMu10er1p5/0.00 L1_SingleMu12er1p5/0.00 L1_SingleMu14er1p5/0.00 L1_SingleMu18er1p5/0.00
319656,55,2,0.00,HLT_Mu8_IP6_part0_v2/0,OR,L1_SingleMu22/1.00 L1_SingleMu25/1.00 L1_SingleMu6er1p5/0.00 L1_SingleMu7er1p5/0.00 L1_SingleMu8er1p5/0.00 L1_SingleMu9er1p5/0.00 L1_SingleMu10er1p5/0.00 L1_SingleMu12er1p5/0.00 L1_SingleMu14er1p5/0.00 L1_SingleMu18er1p5/0.00
319656,136,3,0.00,HLT_Mu8_IP6_part0_v2/0,OR,L1_SingleMu22/1.00 L1_SingleMu25/1.00 L1_SingleMu6er1p5/0.00 L1_SingleMu7er1p5/0.00 L1_SingleMu8er1p5/0.00 L1_SingleMu9er1p5/0.00 L1_SingleMu10er1p5/0.00 L1_SingleMu12er1p5/1.00 L1_SingleMu14er1p5/0.00 L1_SingleMu18er1p5/0.00
319657,1,3,0.00,HLT_Mu8_IP6_part0_v2/0,OR,L1_SingleMu22/1.00 L1_SingleMu25/1.00 L1_SingleMu6er1p5/0.00 L1_SingleMu7er1p5/0.00 L1_SingleMu8er1p5/0.00 L1_SingleMu9er1p5/0.00 L1_SingleMu10er1p5/0.00 L1_SingleMu12er1p5/1.00 L1_SingleMu14er1p5/0.00 L1_SingleMu18er1p5/0.00
319657,68,4,0.00,HLT_Mu8_IP6_part0_v2/0,OR,L1_SingleMu22/1.00 L1_SingleMu25/1.00 L1_SingleMu6er1p5/0.00 L1_SingleMu7er1p5/0.00 L1_SingleMu8er1p5/0.00 L1_SingleMu9er1p5/0.00 L1_SingleMu10er1p5/1.00 L1_SingleMu12er1p5/1.00 L1_SingleMu14er1p5/1.00 L1_SingleMu18er1p5/1.00
319657,1,3,0.00,HLT_Mu8_IP6_part0_v2/0,OR,L1_SingleMu22/1.00 L1_SingleMu25/1.00 L1_SingleMu6er1p5/0.00 L1_SingleMu7er1p5/0.00 L1_SingleMu8er1p5/0.00 L1_SingleMu9er1p5/0.00 L1_SingleMu10er1p5/0.00 L1_SingleMu12er1p5/1.00 L1_SingleMu14er1p5/0.00 L1_SingleMu18er1p5/0.00
319657,68,4,0.00,HLT_Mu8_IP6_part0_v2/0,OR,L1_SingleMu22/1.00 L1_SingleMu25/1.00 L1_SingleMu6er1p5/0.00 L1_SingleMu7er1p5/0.00 L1_SingleMu8er1p5/0.00 L1_SingleMu9er1p5/0.00 L1_SingleMu10er1p5/1.00 L1_SingleMu12er1p5/1.00 L1_SingleMu14er1p5/1.00 L1_SingleMu18er1p5/1.00
319658,1,0,0.00,HLT_Mu8_IP6_part0_v2/0,OR,L1_SingleMu22/0.00 L1_SingleMu25/0.00 L1_SingleMu6er1p5/0.00 L1_SingleMu7er1p5/0.00 L1_SingleMu8er1p5/0.00 L1_SingleMu9er1p5/0.00 L1_SingleMu10er1p5/0.00 L1_SingleMu12er1p5/0.00 L1_SingleMu14er1p5/0.00 L1_SingleMu18er1p5/0.00
319658,4,4,0.00,HLT_Mu8_IP6_part0_v2/0,OR,L1_SingleMu22/1.00 L1_SingleMu25/1.00 L1_SingleMu6er1p5/0.00 L1_SingleMu7er1p5/0.00 L1_SingleMu8er1p5/0.00 L1_SingleMu9er1p5/0.00 L1_SingleMu10er1p5/1.00 L1_SingleMu12er1p5/1.00 L1_SingleMu14er1p5/1.00 L1_SingleMu18er1p5/1.00
319658,93,5,0.00,HLT_Mu8_IP6_part0_v2/0,OR,L1_SingleMu22/1.00 L1_SingleMu25/1.00 L1_SingleMu6er1p5/0.00 L1_SingleMu7er1p5/0.00 L1_SingleMu8er1p5/0.00 L1_SingleMu9er1p5/1.00 L1_SingleMu10er1p5/1.00 L1_SingleMu12er1p5/1.00 L1_SingleMu14er1p5/1.00 L1_SingleMu18er1p5/1.00
319658,1,0,0.00,HLT_Mu8_IP6_part0_v2/0,OR,L1_SingleMu22/0.00 L1_SingleMu25/0.00 L1_SingleMu6er1p5/0.00 L1_SingleMu7er1p5/0.00 L1_SingleMu8er1p5/0.00 L1_SingleMu9er1p5/0.00 L1_SingleMu10er1p5/0.00 L1_SingleMu12er1p5/0.00 L1_SingleMu14er1p5/0.00 L1_SingleMu18er1p5/0.00
319658,4,4,0.00,HLT_Mu8_IP6_part0_v2/0,OR,L1_SingleMu22/1.00 L1_SingleMu25/1.00 L1_SingleMu6er1p5/0.00 L1_SingleMu7er1p5/0.00 L1_SingleMu8er1p5/0.00 L1_SingleMu9er1p5/0.00 L1_SingleMu10er1p5/1.00 L1_SingleMu12er1p5/1.00 L1_SingleMu14er1p5/1.00 L1_SingleMu18er1p5/1.00
319658,93,5,0.00,HLT_Mu8_IP6_part0_v2/0,OR,L1_SingleMu22/1.00 L1_SingleMu25/1.00 L1_SingleMu6er1p5/0.00 L1_SingleMu7er1p5/0.00 L1_SingleMu8er1p5/0.00 L1_SingleMu9er1p5/1.00 L1_SingleMu10er1p5/1.00 L1_SingleMu12er1p5/1.00 L1_SingleMu14er1p5/1.00 L1_SingleMu18er1p5/1.00
319659,1,5,0.00,HLT_Mu8_IP6_part0_v2/0,OR,L1_SingleMu22/1.00 L1_SingleMu25/1.00 L1_SingleMu6er1p5/0.00 L1_SingleMu7er1p5/0.00 L1_SingleMu8er1p5/0.00 L1_SingleMu9er1p5/1.00 L1_SingleMu10er1p5/1.00 L1_SingleMu12er1p5/1.00 L1_SingleMu14er1p5/1.00 L1_SingleMu18er1p5/1.00
319678,1,0,0.00,HLT_Mu8_IP6_part0_v2/0,OR,L1_SingleMu22/0.00 L1_SingleMu25/0.00 L1_SingleMu6er1p5/0.00 L1_SingleMu7er1p5/0.00 L1_SingleMu8er1p5/0.00 L1_SingleMu9er1p5/0.00 L1_SingleMu10er1p5/0.00 L1_SingleMu12er1p5/0.00 L1_SingleMu14er1p5/0.00 L1_SingleMu18er1p5/0.00
319678,17,2,0.00,HLT_Mu8_IP6_part0_v2/0,OR,L1_SingleMu22/1.00 L1_SingleMu25/1.00 L1_SingleMu6er1p5/0.00 L1_SingleMu7er1p5/0.00 L1_SingleMu8er1p5/0.00 L1_SingleMu9er1p5/0.00 L1_SingleMu10er1p5/0.00 L1_SingleMu12er1p5/0.00 L1_SingleMu14er1p5/0.00 L1_SingleMu18er1p5/0.00
319678,181,3,0.00,HLT_Mu8_IP6_part0_v2/0,OR,L1_SingleMu22/1.00 L1_SingleMu25/1.00 L1_SingleMu6er1p5/0.00 L1_SingleMu7er1p5/0.00 L1_SingleMu8er1p5/0.00 L1_SingleMu9er1p5/0.00 L1_SingleMu10er1p5/0.00 L1_SingleMu12er1p5/1.00 L1_SingleMu14er1p5/0.00 L1_SingleMu18er1p5/0.00
319697,1,2,0.00,HLT_Mu8_IP6_part0_v2/0,OR,L1_SingleMu22/1.00 L1_SingleMu25/1.00 L1_SingleMu6er1p5/0.00 L1_SingleMu7er1p5/0.00 L1_SingleMu8er1p5/0.00 L1_SingleMu9er1p5/0.00 L1_SingleMu10er1p5/0.00 L1_SingleMu12er1p5/0.00 L1_SingleMu14er1p5/0.00 L1_SingleMu18er1p5/0.00
319697,28,12,0.00,HLT_Mu8_IP6_part0_v2/0,OR,L1_SingleMu22/1.00 L1_SingleMu25/1.00 L1_SingleMu6er1p5/0.00 L1_SingleMu7er1p5/0.00 L1_SingleMu8er1p5/1.00 L1_SingleMu9er1p5/1.00 L1_SingleMu10er1p5/1.00 L1_SingleMu12er1p5/1.00 L1_SingleMu14er1p5/1.00 L1_SingleMu18er1p5/1.00
319698,1,12,0.00,HLT_Mu8_IP6_part0_v2/0,OR,L1_SingleMu22/1.00 L1_SingleMu25/1.00 L1_SingleMu6er1p5/0.00 L1_SingleMu7er1p5/0.00 L1_SingleMu8er1p5/1.00 L1_SingleMu9er1p5/1.00 L1_SingleMu10er1p5/1.00 L1_SingleMu12er1p5/1.00 L1_SingleMu14er1p5/1.00 L1_SingleMu18er1p5/1.00
319756,1,0,0.00,HLT_Mu8_IP6_part0_v2/0,OR,L1_SingleMu22/0.00 L1_SingleMu25/0.00 L1_SingleMu6er1p5/0.00 L1_SingleMu7er1p5/0.00 L1_SingleMu8er1p5/0.00 L1_SingleMu9er1p5/0.00 L1_SingleMu10er1p5/0.00 L1_SingleMu12er1p5/0.00 L1_SingleMu14er1p5/0.00 L1_SingleMu18er1p5/0.00
319756,5,2,0.00,HLT_Mu8_IP6_part0_v2/0,OR,L1_SingleMu22/1.00 L1_SingleMu25/1.00 L1_SingleMu6er1p5/0.00 L1_SingleMu7er1p5/0.00 L1_SingleMu8er1p5/0.00 L1_SingleMu9er1p5/0.00 L1_SingleMu10er1p5/0.00 L1_SingleMu12er1p5/0.00 L1_SingleMu14er1p5/0.00 L1_SingleMu18er1p5/0.00
319756,176,3,0.00,HLT_Mu8_IP6_part0_v2/0,OR,L1_SingleMu22/1.00 L1_SingleMu25/1.00 L1_SingleMu6er1p5/0.00 L1_SingleMu7er1p5/0.00 L1_SingleMu8er1p5/0.00 L1_SingleMu9er1p5/0.00 L1_SingleMu10er1p5/0.00 L1_SingleMu12er1p5/1.00 L1_SingleMu14er1p5/0.00 L1_SingleMu18er1p5/0.00
319756,412,4,0.00,HLT_Mu8_IP6_part0_v2/0,OR,L1_SingleMu22/1.00 L1_SingleMu25/1.00 L1_SingleMu6er1p5/0.00 L1_SingleMu7er1p5/0.00 L1_SingleMu8er1p5/0.00 L1_SingleMu9er1p5/0.00 L1_SingleMu10er1p5/1.00 L1_SingleMu12er1p5/1.00 L1_SingleMu14er1p5/1.00 L1_SingleMu18er1p5/1.00
319756,702,5,0.00,HLT_Mu8_IP6_part0_v2/0,OR,L1_SingleMu22/1.00 L1_SingleMu25/1.00 L1_SingleMu6er1p5/0.00 L1_SingleMu7er1p5/0.00 L1_SingleMu8er1p5/0.00 L1_SingleMu9er1p5/1.00 L1_SingleMu10er1p5/1.00 L1_SingleMu12er1p5/1.00 L1_SingleMu14er1p5/1.00 L1_SingleMu18er1p5/1.00
319756,1056,6,0.00,HLT_Mu8_IP6_part0_v2/0,OR,L1_SingleMu22/1.00 L1_SingleMu25/1.00 L1_SingleMu6er1p5/0.00 L1_SingleMu7er1p5/0.00 L1_SingleMu8er1p5/1.00 L1_SingleMu9er1p5/1.00 L1_SingleMu10er1p5/1.00 L1_SingleMu12er1p5/1.00 L1_SingleMu14er1p5/1.00 L1_SingleMu18er1p5/1.00
319756,1672,7,0.00,HLT_Mu8_IP6_part0_v2/0,OR,L1_SingleMu22/1.00 L1_SingleMu25/1.00 L1_SingleMu6er1p5/0.00 L1_SingleMu7er1p5/1.00 L1_SingleMu8er1p5/1.00 L1_SingleMu9er1p5/1.00 L1_SingleMu10er1p5/1.00 L1_SingleMu12er1p5/1.00 L1_SingleMu14er1p5/1.00 L1_SingleMu18er1p5/1.00
319756,1,0,0.00,HLT_Mu8_IP6_part0_v2/0,OR,L1_SingleMu22/0.00 L1_SingleMu25/0.00 L1_SingleMu6er1p5/0.00 L1_SingleMu7er1p5/0.00 L1_SingleMu8er1p5/0.00 L1_SingleMu9er1p5/0.00 L1_SingleMu10er1p5/0.00 L1_SingleMu12er1p5/0.00 L1_SingleMu14er1p5/0.00 L1_SingleMu18er1p5/0.00
319756,5,2,0.00,HLT_Mu8_IP6_part0_v2/0,OR,L1_SingleMu22/1.00 L1_SingleMu25/1.00 L1_SingleMu6er1p5/0.00 L1_SingleMu7er1p5/0.00 L1_SingleMu8er1p5/0.00 L1_SingleMu9er1p5/0.00 L1_SingleMu10er1p5/0.00 L1_SingleMu12er1p5/0.00 L1_SingleMu14er1p5/0.00 L1_SingleMu18er1p5/0.00
319756,176,3,0.00,HLT_Mu8_IP6_part0_v2/0,OR,L1_SingleMu22/1.00 L1_SingleMu25/1.00 L1_SingleMu6er1p5/0.00 L1_SingleMu7er1p5/0.00 L1_SingleMu8er1p5/0.00 L1_SingleMu9er1p5/0.00 L1_SingleMu10er1p5/0.00 L1_SingleMu12er1p5/1.00 L1_SingleMu14er1p5/0.00 L1_SingleMu18er1p5/0.00
319756,412,4,0.00,HLT_Mu8_IP6_part0_v2/0,OR,L1_SingleMu22/1.00 L1_SingleMu25/1.00 L1_SingleMu6er1p5/0.00 L1_SingleMu7er1p5/0.00 L1_SingleMu8er1p5/0.00 L1_SingleMu9er1p5/0.00 L1_SingleMu10er1p5/1.00 L1_SingleMu12er1p5/1.00 L1_SingleMu14er1p5/1.00 L1_SingleMu18er1p5/1.00
319756,702,5,0.00,HLT_Mu8_IP6_part0_v2/0,OR,L1_SingleMu22/1.00 L1_SingleMu25/1.00 L1_SingleMu6er1p5/0.00 L1_SingleMu7er1p5/0.00 L1_SingleMu8er1p5/0.00 L1_SingleMu9er1p5/1.00 L1_SingleMu10er1p5/1.00 L1_SingleMu12er1p5/1.00 L1_SingleMu14er1p5/1.00 L1_SingleMu18er1p5/1.00
319756,1056,6,0.00,HLT_Mu8_IP6_part0_v2/0,OR,L1_SingleMu22/1.00 L1_SingleMu25/1.00 L1_SingleMu6er1p5/0.00 L1_SingleMu7er1p5/0.00 L1_SingleMu8er1p5/1.00 L1_SingleMu9er1p5/1.00 L1_SingleMu10er1p5/1.00 L1_SingleMu12er1p5/1.00 L1_SingleMu14er1p5/1.00 L1_SingleMu18er1p5/1.00
319756,1672,7,0.00,HLT_Mu8_IP6_part0_v2/0,OR,L1_SingleMu22/1.00 L1_SingleMu25/1.00 L1_SingleMu6er1p5/0.00 L1_SingleMu7er1p5/1.00 L1_SingleMu8er1p5/1.00 L1_SingleMu9er1p5/1.00 L1_SingleMu10er1p5/1.00 L1_SingleMu12er1p5/1.00 L1_SingleMu14er1p5/1.00 L1_SingleMu18er1p5/1.00
319756,1,0,0.00,HLT_Mu8_IP6_part0_v2/0,OR,L1_SingleMu22/0.00 L1_SingleMu25/0.00 L1_SingleMu6er1p5/0.00 L1_SingleMu7er1p5/0.00 L1_SingleMu8er1p5/0.00 L1_SingleMu9er1p5/0.00 L1_SingleMu10er1p5/0.00 L1_SingleMu12er1p5/0.00 L1_SingleMu14er1p5/0.00 L1_SingleMu18er1p5/0.00
319756,5,2,0.00,HLT_Mu8_IP6_part0_v2/0,OR,L1_SingleMu22/1.00 L1_SingleMu25/1.00 L1_SingleMu6er1p5/0.00 L1_SingleMu7er1p5/0.00 L1_SingleMu8er1p5/0.00 L1_SingleMu9er1p5/0.00 L1_SingleMu10er1p5/0.00 L1_SingleMu12er1p5/0.00 L1_SingleMu14er1p5/0.00 L1_SingleMu18er1p5/0.00
319756,176,3,0.00,HLT_Mu8_IP6_part0_v2/0,OR,L1_SingleMu22/1.00 L1_SingleMu25/1.00 L1_SingleMu6er1p5/0.00 L1_SingleMu7er1p5/0.00 L1_SingleMu8er1p5/0.00 L1_SingleMu9er1p5/0.00 L1_SingleMu10er1p5/0.00 L1_SingleMu12er1p5/1.00 L1_SingleMu14er1p5/0.00 L1_SingleMu18er1p5/0.00
319756,412,4,0.00,HLT_Mu8_IP6_part0_v2/0,OR,L1_SingleMu22/1.00 L1_SingleMu25/1.00 L1_SingleMu6er1p5/0.00 L1_SingleMu7er1p5/0.00 L1_SingleMu8er1p5/0.00 L1_SingleMu9er1p5/0.00 L1_SingleMu10er1p5/1.00 L1_SingleMu12er1p5/1.00 L1_SingleMu14er1p5/1.00 L1_SingleMu18er1p5/1.00
319756,702,5,0.00,HLT_Mu8_IP6_part0_v2/0,OR,L1_SingleMu22/1.00 L1_SingleMu25/1.00 L1_SingleMu6er1p5/0.00 L1_SingleMu7er1p5/0.00 L1_SingleMu8er1p5/0.00 L1_SingleMu9er1p5/1.00 L1_SingleMu10er1p5/1.00 L1_SingleMu12er1p5/1.00 L1_SingleMu14er1p5/1.00 L1_SingleMu18er1p5/1.00
319756,1056,6,0.00,HLT_Mu8_IP6_part0_v2/0,OR,L1_SingleMu22/1.00 L1_SingleMu25/1.00 L1_SingleMu6er1p5/0.00 L1_SingleMu7er1p5/0.00 L1_SingleMu8er1p5/1.00 L1_SingleMu9er1p5/1.00 L1_SingleMu10er1p5/1.00 L1_SingleMu12er1p5/1.00 L1_SingleMu14er1p5/1.00 L1_SingleMu18er1p5/1.00
319756,1672,7,0.00,HLT_Mu8_IP6_part0_v2/0,OR,L1_SingleMu22/1.00 L1_SingleMu25/1.00 L1_SingleMu6er1p5/0.00 L1_SingleMu7er1p5/1.00 L1_SingleMu8er1p5/1.00 L1_SingleMu9er1p5/1.00 L1_SingleMu10er1p5/1.00 L1_SingleMu12er1p5/1.00 L1_SingleMu14er1p5/1.00 L1_SingleMu18er1p5/1.00
319756,1,0,0.00,HLT_Mu8_IP6_part0_v2/0,OR,L1_SingleMu22/0.00 L1_SingleMu25/0.00 L1_SingleMu6er1p5/0.00 L1_SingleMu7er1p5/0.00 L1_SingleMu8er1p5/0.00 L1_SingleMu9er1p5/0.00 L1_SingleMu10er1p5/0.00 L1_SingleMu12er1p5/0.00 L1_SingleMu14er1p5/0.00 L1_SingleMu18er1p5/0.00
319756,5,2,0.00,HLT_Mu8_IP6_part0_v2/0,OR,L1_SingleMu22/1.00 L1_SingleMu25/1.00 L1_SingleMu6er1p5/0.00 L1_SingleMu7er1p5/0.00 L1_SingleMu8er1p5/0.00 L1_SingleMu9er1p5/0.00 L1_SingleMu10er1p5/0.00 L1_SingleMu12er1p5/0.00 L1_SingleMu14er1p5/0.00 L1_SingleMu18er1p5/0.00
319756,176,3,0.00,HLT_Mu8_IP6_part0_v2/0,OR,L1_SingleMu22/1.00 L1_SingleMu25/1.00 L1_SingleMu6er1p5/0.00 L1_SingleMu7er1p5/0.00 L1_SingleMu8er1p5/0.00 L1_SingleMu9er1p5/0.00 L1_SingleMu10er1p5/0.00 L1_SingleMu12er1p5/1.00 L1_SingleMu14er1p5/0.00 L1_SingleMu18er1p5/0.00
319756,412,4,0.00,HLT_Mu8_IP6_part0_v2/0,OR,L1_SingleMu22/1.00 L1_SingleMu25/1.00 L1_SingleMu6er1p5/0.00 L1_SingleMu7er1p5/0.00 L1_SingleMu8er1p5/0.00 L1_SingleMu9er1p5/0.00 L1_SingleMu10er1p5/1.00 L1_SingleMu12er1p5/1.00 L1_SingleMu14er1p5/1.00 L1_SingleMu18er1p5/1.00
319756,702,5,0.00,HLT_Mu8_IP6_part0_v2/0,OR,L1_SingleMu22/1.00 L1_SingleMu25/1.00 L1_SingleMu6er1p5/0.00 L1_SingleMu7er1p5/0.00 L1_SingleMu8er1p5/0.00 L1_SingleMu9er1p5/1.00 L1_SingleMu10er1p5/1.00 L1_SingleMu12er1p5/1.00 L1_SingleMu14er1p5/1.00 L1_SingleMu18er1p5/1.00
319756,1056,6,0.00,HLT_Mu8_IP6_part0_v2/0,OR,L1_SingleMu22/1.00 L1_SingleMu25/1.00 L1_SingleMu6er1p5/0.00 L1_SingleMu7er1p5/0.00 L1_SingleMu8er1p5/1.00 L1_SingleMu9er1p5/1.00 L1_SingleMu10er1p5/1.00 L1_SingleMu12er1p5/1.00 L1_SingleMu14er1p5/1.00 L1_SingleMu18er1p5/1.00
319756,1672,7,0.00,HLT_Mu8_IP6_part0_v2/0,OR,L1_SingleMu22/1.00 L1_SingleMu25/1.00 L1_SingleMu6er1p5/0.00 L1_SingleMu7er1p5/1.00 L1_SingleMu8er1p5/1.00 L1_SingleMu9er1p5/1.00 L1_SingleMu10er1p5/1.00 L1_SingleMu12er1p5/1.00 L1_SingleMu14er1p5/1.00 L1_SingleMu18er1p5/1.00
319840,1,12,0.00,HLT_Mu8_IP6_part0_v2/0,OR,L1_SingleMu22/1.00 L1_SingleMu25/1.00 L1_SingleMu6er1p5/0.00 L1_SingleMu7er1p5/0.00 L1_SingleMu8er1p5/1.00 L1_SingleMu9er1p5/1.00 L1_SingleMu10er1p5/1.00 L1_SingleMu12er1p5/1.00 L1_SingleMu14er1p5/1.00 L1_SingleMu18er1p5/1.00
319841,1,12,0.00,HLT_Mu8_IP6_part0_v2/0,OR,L1_SingleMu22/1.00 L1_SingleMu25/1.00 L1_SingleMu6er1p5/0.00 L1_SingleMu7er1p5/0.00 L1_SingleMu8er1p5/1.00 L1_SingleMu9er1p5/1.00 L1_SingleMu10er1p5/1.00 L1_SingleMu12er1p5/1.00 L1_SingleMu14er1p5/1.00 L1_SingleMu18er1p5/1.00
319849,1,2,0.00,HLT_Mu8_IP6_part0_v2/0,OR,L1_SingleMu22/1.00 L1_SingleMu25/1.00 L1_SingleMu6er1p5/0.00 L1_SingleMu7er1p5/0.00 L1_SingleMu8er1p5/0.00 L1_SingleMu9er1p5/0.00 L1_SingleMu10er1p5/0.00 L1_SingleMu12er1p5/0.00 L1_SingleMu14er1p5/0.00 L1_SingleMu18er1p5/0.00
319849,140,3,0.00,HLT_Mu8_IP6_part0_v2/0,OR,L1_SingleMu22/1.00 L1_SingleMu25/1.00 L1_SingleMu6er1p5/0.00 L1_SingleMu7er1p5/0.00 L1_SingleMu8er1p5/0.00 L1_SingleMu9er1p5/0.00 L1_SingleMu10er1p5/0.00 L1_SingleMu12er1p5/1.00 L1_SingleMu14er1p5/0.00 L1_SingleMu18er1p5/0.00
319849,381,4,0.00,HLT_Mu8_IP6_part0_v2/0,OR,L1_SingleMu22/1.00 L1_SingleMu25/1.00 L1_SingleMu6er1p5/0.00 L1_SingleMu7er1p5/0.00 L1_SingleMu8er1p5/0.00 L1_SingleMu9er1p5/0.00 L1_SingleMu10er1p5/1.00 L1_SingleMu12er1p5/1.00 L1_SingleMu14er1p5/1.00 L1_SingleMu18er1p5/1.00
319849,1,2,0.00,HLT_Mu8_IP6_part0_v2/0,OR,L1_SingleMu22/1.00 L1_SingleMu25/1.00 L1_SingleMu6er1p5/0.00 L1_SingleMu7er1p5/0.00 L1_SingleMu8er1p5/0.00 L1_SingleMu9er1p5/0.00 L1_SingleMu10er1p5/0.00 L1_SingleMu12er1p5/0.00 L1_SingleMu14er1p5/0.00 L1_SingleMu18er1p5/0.00
319849,140,3,0.00,HLT_Mu8_IP6_part0_v2/0,OR,L1_SingleMu22/1.00 L1_SingleMu25/1.00 L1_SingleMu6er1p5/0.00 L1_SingleMu7er1p5/0.00 L1_SingleMu8er1p5/0.00 L1_SingleMu9er1p5/0.00 L1_SingleMu10er1p5/0.00 L1_SingleMu12er1p5/1.00 L1_SingleMu14er1p5/0.00 L1_SingleMu18er1p5/0.00
319849,381,4,0.00,HLT_Mu8_IP6_part0_v2/0,OR,L1_SingleMu22/1.00 L1_SingleMu25/1.00 L1_SingleMu6er1p5/0.00 L1_SingleMu7er1p5/0.00 L1_SingleMu8er1p5/0.00 L1_SingleMu9er1p5/0.00 L1_SingleMu10er1p5/1.00 L1_SingleMu12er1p5/1.00 L1_SingleMu14er1p5/1.00 L1_SingleMu18er1p5/1.00
319851,1,4,0.00,HLT_Mu8_IP6_part0_v2/0,OR,L1_SingleMu22/1.00 L1_SingleMu25/1.00 L1_SingleMu6er1p5/0.00 L1_SingleMu7er1p5/0.00 L1_SingleMu8er1p5/0.00 L1_SingleMu9er1p5/0.00 L1_SingleMu10er1p5/1.00 L1_SingleMu12er1p5/1.00 L1_SingleMu14er1p5/1.00 L1_SingleMu18er1p5/1.00
319853,1,4,0.00,HLT_Mu8_IP6_part0_v2/0,OR,L1_SingleMu22/1.00 L1_SingleMu25/1.00 L1_SingleMu6er1p5/0.00 L1_SingleMu7er1p5/0.00 L1_SingleMu8er1p5/0.00 L1_SingleMu9er1p5/0.00 L1_SingleMu10er1p5/1.00 L1_SingleMu12er1p5/1.00 L1_SingleMu14er1p5/1.00 L1_SingleMu18er1p5/1.00
319853,110,5,0.00,HLT_Mu8_IP6_part0_v2/0,OR,L1_SingleMu22/1.00 L1_SingleMu25/1.00 L1_SingleMu6er1p5/0.00 L1_SingleMu7er1p5/0.00 L1_SingleMu8er1p5/0.00 L1_SingleMu9er1p5/1.00 L1_SingleMu10er1p5/1.00 L1_SingleMu12er1p5/1.00 L1_SingleMu14er1p5/1.00 L1_SingleMu18er1p5/1.00
319853,1,4,0.00,HLT_Mu8_IP6_part0_v2/0,OR,L1_SingleMu22/1.00 L1_SingleMu25/1.00 L1_SingleMu6er1p5/0.00 L1_SingleMu7er1p5/0.00 L1_SingleMu8er1p5/0.00 L1_SingleMu9er1p5/0.00 L1_SingleMu10er1p5/1.00 L1_SingleMu12er1p5/1.00 L1_SingleMu14er1p5/1.00 L1_SingleMu18er1p5/1.00
319853,110,5,0.00,HLT_Mu8_IP6_part0_v2/0,OR,L1_SingleMu22/1.00 L1_SingleMu25/1.00 L1_SingleMu6er1p5/0.00 L1_SingleMu7er1p5/0.00 L1_SingleMu8er1p5/0.00 L1_SingleMu9er1p5/1.00 L1_SingleMu10er1p5/1.00 L1_SingleMu12er1p5/1.00 L1_SingleMu14er1p5/1.00 L1_SingleMu18er1p5/1.00
319854,1,5,0.00,HLT_Mu8_IP6_part0_v2/0,OR,L1_SingleMu22/1.00 L1_SingleMu25/1.00 L1_SingleMu6er1p5/0.00 L1_SingleMu7er1p5/0.00 L1_SingleMu8er1p5/0.00 L1_SingleMu9er1p5/1.00 L1_SingleMu10er1p5/1.00 L1_SingleMu12er1p5/1.00 L1_SingleMu14er1p5/1.00 L1_SingleMu18er1p5/1.00
319854,167,6,0.00,HLT_Mu8_IP6_part0_v2/0,OR,L1_SingleMu22/1.00 L1_SingleMu25/1.00 L1_SingleMu6er1p5/0.00 L1_SingleMu7er1p5/0.00 L1_SingleMu8er1p5/1.00 L1_SingleMu9er1p5/1.00 L1_SingleMu10er1p5/1.00 L1_SingleMu12er1p5/1.00 L1_SingleMu14er1p5/1.00 L1_SingleMu18er1p5/1.00
319910,1,2,0.00,HLT_Mu8_IP6_part0_v2/0,OR,L1_SingleMu22/1.00 L1_SingleMu25/1.00 L1_SingleMu6er1p5/0.00 L1_SingleMu7er1p5/0.00 L1_SingleMu8er1p5/0.00 L1_SingleMu9er1p5/0.00 L1_SingleMu10er1p5/0.00 L1_SingleMu12er1p5/0.00 L1_SingleMu14er1p5/0.00 L1_SingleMu18er1p5/0.00
319910,106,3,0.00,HLT_Mu8_IP6_part0_v2/0,OR,L1_SingleMu22/1.00 L1_SingleMu25/1.00 L1_SingleMu6er1p5/0.00 L1_SingleMu7er1p5/0.00 L1_SingleMu8er1p5/0.00 L1_SingleMu9er1p5/0.00 L1_SingleMu10er1p5/0.00 L1_SingleMu12er1p5/1.00 L1_SingleMu14er1p5/0.00 L1_SingleMu18er1p5/0.00
319910,248,4,0.00,HLT_Mu8_IP6_part0_v2/0,OR,L1_SingleMu22/1.00 L1_SingleMu25/1.00 L1_SingleMu6er1p5/0.00 L1_SingleMu7er1p5/0.00 L1_SingleMu8er1p5/0.00 L1_SingleMu9er1p5/0.00 L1_SingleMu10er1p5/1.00 L1_SingleMu12er1p5/1.00 L1_SingleMu14er1p5/1.00 L1_SingleMu18er1p5/1.00
319910,358,5,0.00,HLT_Mu8_IP6_part0_v2/0,OR,L1_SingleMu22/1.00 L1_SingleMu25/1.00 L1_SingleMu6er1p5/0.00 L1_SingleMu7er1p5/0.00 L1_SingleMu8er1p5/0.00 L1_SingleMu9er1p5/1.00 L1_SingleMu10er1p5/1.00 L1_SingleMu12er1p5/1.00 L1_SingleMu14er1p5/1.00 L1_SingleMu18er1p5/1.00
319910,642,6,0.00,HLT_Mu8_IP6_part0_v2/0,OR,L1_SingleMu22/1.00 L1_SingleMu25/1.00 L1_SingleMu6er1p5/0.00 L1_SingleMu7er1p5/0.00 L1_SingleMu8er1p5/1.00 L1_SingleMu9er1p5/1.00 L1_SingleMu10er1p5/1.00 L1_SingleMu12er1p5/1.00 L1_SingleMu14er1p5/1.00 L1_SingleMu18er1p5/1.00
319910,1,2,0.00,HLT_Mu8_IP6_part0_v2/0,OR,L1_SingleMu22/1.00 L1_SingleMu25/1.00 L1_SingleMu6er1p5/0.00 L1_SingleMu7er1p5/0.00 L1_SingleMu8er1p5/0.00 L1_SingleMu9er1p5/0.00 L1_SingleMu10er1p5/0.00 L1_SingleMu12er1p5/0.00 L1_SingleMu14er1p5/0.00 L1_SingleMu18er1p5/0.00
319910,106,3,0.00,HLT_Mu8_IP6_part0_v2/0,OR,L1_SingleMu22/1.00 L1_SingleMu25/1.00 L1_SingleMu6er1p5/0.00 L1_SingleMu7er1p5/0.00 L1_SingleMu8er1p5/0.00 L1_SingleMu9er1p5/0.00 L1_SingleMu10er1p5/0.00 L1_SingleMu12er1p5/1.00 L1_SingleMu14er1p5/0.00 L1_SingleMu18er1p5/0.00
319910,248,4,0.00,HLT_Mu8_IP6_part0_v2/0,OR,L1_SingleMu22/1.00 L1_SingleMu25/1.00 L1_SingleMu6er1p5/0.00 L1_SingleMu7er1p5/0.00 L1_SingleMu8er1p5/0.00 L1_SingleMu9er1p5/0.00 L1_SingleMu10er1p5/1.00 L1_SingleMu12er1p5/1.00 L1_SingleMu14er1p5/1.00 L1_SingleMu18er1p5/1.00
319910,358,5,0.00,HLT_Mu8_IP6_part0_v2/0,OR,L1_SingleMu22/1.00 L1_SingleMu25/1.00 L1_SingleMu6er1p5/0.00 L1_SingleMu7er1p5/0.00 L1_SingleMu8er1p5/0.00 L1_SingleMu9er1p5/1.00 L1_SingleMu10er1p5/1.00 L1_SingleMu12er1p5/1.00 L1_SingleMu14er1p5/1.00 L1_SingleMu18er1p5/1.00
319910,642,6,0.00,HLT_Mu8_IP6_part0_v2/0,OR,L1_SingleMu22/1.00 L1_SingleMu25/1.00 L1_SingleMu6er1p5/0.00 L1_SingleMu7er1p5/0.00 L1_SingleMu8er1p5/1.00 L1_SingleMu9er1p5/1.00 L1_SingleMu10er1p5/1.00 L1_SingleMu12er1p5/1.00 L1_SingleMu14er1p5/1.00 L1_SingleMu18er1p5/1.00
319910,1,2,0.00,HLT_Mu8_IP6_part0_v2/0,OR,L1_SingleMu22/1.00 L1_SingleMu25/1.00 L1_SingleMu6er1p5/0.00 L1_SingleMu7er1p5/0.00 L1_SingleMu8er1p5/0.00 L1_SingleMu9er1p5/0.00 L1_SingleMu10er1p5/0.00 L1_SingleMu12er1p5/0.00 L1_SingleMu14er1p5/0.00 L1_SingleMu18er1p5/0.00
319910,106,3,0.00,HLT_Mu8_IP6_part0_v2/0,OR,L1_SingleMu22/1.00 L1_SingleMu25/1.00 L1_SingleMu6er1p5/0.00 L1_SingleMu7er1p5/0.00 L1_SingleMu8er1p5/0.00 L1_SingleMu9er1p5/0.00 L1_SingleMu10er1p5/0.00 L1_SingleMu12er1p5/1.00 L1_SingleMu14er1p5/0.00 L1_SingleMu18er1p5/0.00
319910,248,4,0.00,HLT_Mu8_IP6_part0_v2/0,OR,L1_SingleMu22/1.00 L1_SingleMu25/1.00 L1_SingleMu6er1p5/0.00 L1_SingleMu7er1p5/0.00 L1_SingleMu8er1p5/0.00 L1_SingleMu9er1p5/0.00 L1_SingleMu10er1p5/1.00 L1_SingleMu12er1p5/1.00 L1_SingleMu14er1p5/1.00 L1_SingleMu18er1p5/1.00
319910,358,5,0.00,HLT_Mu8_IP6_part0_v2/0,OR,L1_SingleMu22/1.00 L1_SingleMu25/1.00 L1_SingleMu6er1p5/0.00 L1_SingleMu7er1p5/0.00 L1_SingleMu8er1p5/0.00 L1_SingleMu9er1p5/1.00 L1_SingleMu10er1p5/1.00 L1_SingleMu12er1p5/1.00 L1_SingleMu14er1p5/1.00 L1_SingleMu18er1p5/1.00
319910,642,6,0.00,HLT_Mu8_IP6_part0_v2/0,OR,L1_SingleMu22/1.00 L1_SingleMu25/1.00 L1_SingleMu6er1p5/0.00 L1_SingleMu7er1p5/0.00 L1_SingleMu8er1p5/1.00 L1_SingleMu9er1p5/1.00 L1_SingleMu10er1p5/1.00 L1_SingleMu12er1p5/1.00 L1_SingleMu14er1p5/1.00 L1_SingleMu18er1p5/1.00
319912,1,2,0.00,HLT_Mu8_IP6_part0_v2/0,OR,L1_SingleMu22/1.00 L1_SingleMu25/1.00 L1_SingleMu6er1p5/0.00 L1_SingleMu7er1p5/0.00 L1_SingleMu8er1p5/0.00 L1_SingleMu9er1p5/0.00 L1_SingleMu10er1p5/0.00 L1_SingleMu12er1p5/0.00 L1_SingleMu14er1p5/0.00 L1_SingleMu18er1p5/0.00
319912,2,7,0.00,HLT_Mu8_IP6_part0_v2/0,OR,L1_SingleMu22/1.00 L1_SingleMu25/1.00 L1_SingleMu6er1p5/0.00 L1_SingleMu7er1p5/1.00 L1_SingleMu8er1p5/1.00 L1_SingleMu9er1p5/1.00 L1_SingleMu10er1p5/1.00 L1_SingleMu12er1p5/1.00 L1_SingleMu14er1p5/1.00 L1_SingleMu18er1p5/1.00
319913,1,2,0.00,HLT_Mu8_IP6_part0_v2/0,OR,L1_SingleMu22/1.00 L1_SingleMu25/1.00 L1_SingleMu6er1p5/0.00 L1_SingleMu7er1p5/0.00 L1_SingleMu8er1p5/0.00 L1_SingleMu9er1p5/0.00 L1_SingleMu10er1p5/0.00 L1_SingleMu12er1p5/0.00 L1_SingleMu14er1p5/0.00 L1_SingleMu18er1p5/0.00
319913,3,6,0.00,HLT_Mu8_IP6_part0_v2/0,OR,L1_SingleMu22/1.00 L1_SingleMu25/1.00 L1_SingleMu6er1p5/0.00 L1_SingleMu7er1p5/0.00 L1_SingleMu8er1p5/1.00 L1_SingleMu9er1p5/1.00 L1_SingleMu10er1p5/1.00 L1_SingleMu12er1p5/1.00 L1_SingleMu14er1p5/1.00 L1_SingleMu18er1p5/1.00
319914,1,2,0.00,HLT_Mu8_IP6_part0_v2/0,OR,L1_SingleMu22/1.00 L1_SingleMu25/1.00 L1_SingleMu6er1p5/0.00 L1_SingleMu7er1p5/0.00 L1_SingleMu8er1p5/0.00 L1_SingleMu9er1p5/0.00 L1_SingleMu10er1p5/0.00 L1_SingleMu12er1p5/0.00 L1_SingleMu14er1p5/0.00 L1_SingleMu18er1p5/0.00
319914,4,6,0.00,HLT_Mu8_IP6_part0_v2/0,OR,L1_SingleMu22/1.00 L1_SingleMu25/1.00 L1_SingleMu6er1p5/0.00 L1_SingleMu7er1p5/0.00 L1_SingleMu8er1p5/1.00 L1_SingleMu9er1p5/1.00 L1_SingleMu10er1p5/1.00 L1_SingleMu12er1p5/1.00 L1_SingleMu14er1p5/1.00 L1_SingleMu18er1p5/1.00
319915,1,6,0.00,HLT_Mu8_IP6_part0_v2/0,OR,L1_SingleMu22/1.00 L1_SingleMu25/1.00 L1_SingleMu6er1p5/0.00 L1_SingleMu7er1p5/0.00 L1_SingleMu8er1p5/1.00 L1_SingleMu9er1p5/1.00 L1_SingleMu10er1p5/1.00 L1_SingleMu12er1p5/1.00 L1_SingleMu14er1p5/1.00 L1_SingleMu18er1p5/1.00
319941,1,2,0.00,HLT_Mu8_IP6_part0_v2/0,OR,L1_SingleMu22/1.00 L1_SingleMu25/1.00 L1_SingleMu6er1p5/0.00 L1_SingleMu7er1p5/0.00 L1_SingleMu8er1p5/0.00 L1_SingleMu9er1p5/0.00 L1_SingleMu10er1p5/0.00 L1_SingleMu12er1p5/0.00 L1_SingleMu14er1p5/0.00 L1_SingleMu18er1p5/0.00
319941,63,10,0.00,HLT_Mu8_IP6_part0_v2/0,OR,L1_SingleMu22/1.00 L1_SingleMu25/1.00 L1_SingleMu6er1p5/0.00 L1_SingleMu7er1p5/0.00 L1_SingleMu8er1p5/0.00 L1_SingleMu9er1p5/0.00 L1_SingleMu10er1p5/0.00 L1_SingleMu12er1p5/0.00 L1_SingleMu14er1p5/0.00 L1_SingleMu18er1p5/0.00
319941,272,3,0.00,HLT_Mu8_IP6_part0_v2/0,OR,L1_SingleMu22/1.00 L1_SingleMu25/1.00 L1_SingleMu6er1p5/0.00 L1_SingleMu7er1p5/0.00 L1_SingleMu8er1p5/0.00 L1_SingleMu9er1p5/0.00 L1_SingleMu10er1p5/0.00 L1_SingleMu12er1p5/1.00 L1_SingleMu14er1p5/0.00 L1_SingleMu18er1p5/0.00
319942,1,3,0.00,HLT_Mu8_IP6_part0_v2/0,OR,L1_SingleMu22/1.00 L1_SingleMu25/1.00 L1_SingleMu6er1p5/0.00 L1_SingleMu7er1p5/0.00 L1_SingleMu8er1p5/0.00 L1_SingleMu9er1p5/0.00 L1_SingleMu10er1p5/0.00 L1_SingleMu12er1p5/1.00 L1_SingleMu14er1p5/0.00 L1_SingleMu18er1p5/0.00
319942,47,4,0.00,HLT_Mu8_IP6_part0_v2/0,OR,L1_SingleMu22/1.00 L1_SingleMu25/1.00 L1_SingleMu6er1p5/0.00 L1_SingleMu7er1p5/0.00 L1_SingleMu8er1p5/0.00 L1_SingleMu9er1p5/0.00 L1_SingleMu10er1p5/1.00 L1_SingleMu12er1p5/1.00 L1_SingleMu14er1p5/1.00 L1_SingleMu18er1p5/1.00
319942,1,3,0.00,HLT_Mu8_IP6_part0_v2/0,OR,L1_SingleMu22/1.00 L1_SingleMu25/1.00 L1_SingleMu6er1p5/0.00 L1_SingleMu7er1p5/0.00 L1_SingleMu8er1p5/0.00 L1_SingleMu9er1p5/0.00 L1_SingleMu10er1p5/0.00 L1_SingleMu12er1p5/1.00 L1_SingleMu14er1p5/0.00 L1_SingleMu18er1p5/0.00
319942,47,4,0.00,HLT_Mu8_IP6_part0_v2/0,OR,L1_SingleMu22/1.00 L1_SingleMu25/1.00 L1_SingleMu6er1p5/0.00 L1_SingleMu7er1p5/0.00 L1_SingleMu8er1p5/0.00 L1_SingleMu9er1p5/0.00 L1_SingleMu10er1p5/1.00 L1_SingleMu12er1p5/1.00 L1_SingleMu14er1p5/1.00 L1_SingleMu18er1p5/1.00
319991,1,2,0.00,HLT_Mu8_IP6_part0_v2/0,OR,L1_SingleMu22/1.00 L1_SingleMu25/1.00 L1_SingleMu6er1p5/0.00 L1_SingleMu7er1p5/0.00 L1_SingleMu8er1p5/0.00 L1_SingleMu9er1p5/0.00 L1_SingleMu10er1p5/0.00 L1_SingleMu12er1p5/0.00 L1_SingleMu14er1p5/0.00 L1_SingleMu18er1p5/0.00
319991,332,3,0.00,HLT_Mu8_IP6_part0_v2/0,OR,L1_SingleMu22/1.00 L1_SingleMu25/1.00 L1_SingleMu6er1p5/0.00 L1_SingleMu7er1p5/0.00 L1_SingleMu8er1p5/0.00 L1_SingleMu9er1p5/0.00 L1_SingleMu10er1p5/0.00 L1_SingleMu12er1p5/1.00 L1_SingleMu14er1p5/0.00 L1_SingleMu18er1p5/0.00
319991,544,4,0.00,HLT_Mu8_IP6_part0_v2/0,OR,L1_SingleMu22/1.00 L1_SingleMu25/1.00 L1_SingleMu6er1p5/0.00 L1_SingleMu7er1p5/0.00 L1_SingleMu8er1p5/0.00 L1_SingleMu9er1p5/0.00 L1_SingleMu10er1p5/1.00 L1_SingleMu12er1p5/1.00 L1_SingleMu14er1p5/1.00 L1_SingleMu18er1p5/1.00
319991,828,5,0.00,HLT_Mu8_IP6_part0_v2/0,OR,L1_SingleMu22/1.00 L1_SingleMu25/1.00 L1_SingleMu6er1p5/0.00 L1_SingleMu7er1p5/0.00 L1_SingleMu8er1p5/0.00 L1_SingleMu9er1p5/1.00 L1_SingleMu10er1p5/1.00 L1_SingleMu12er1p5/1.00 L1_SingleMu14er1p5/1.00 L1_SingleMu18er1p5/1.00
319991,1,2,0.00,HLT_Mu8_IP6_part0_v2/0,OR,L1_SingleMu22/1.00 L1_SingleMu25/1.00 L1_SingleMu6er1p5/0.00 L1_SingleMu7er1p5/0.00 L1_SingleMu8er1p5/0.00 L1_SingleMu9er1p5/0.00 L1_SingleMu10er1p5/0.00 L1_SingleMu12er1p5/0.00 L1_SingleMu14er1p5/0.00 L1_SingleMu18er1p5/0.00
319991,332,3,0.00,HLT_Mu8_IP6_part0_v2/0,OR,L1_SingleMu22/1.00 L1_SingleMu25/1.00 L1_SingleMu6er1p5/0.00 L1_SingleMu7er1p5/0.00 L1_SingleMu8er1p5/0.00 L1_SingleMu9er1p5/0.00 L1_SingleMu10er1p5/0.00 L1_SingleMu12er1p5/1.00 L1_SingleMu14er1p5/0.00 L1_SingleMu18er1p5/0.00
319991,544,4,0.00,HLT_Mu8_IP6_part0_v2/0,OR,L1_SingleMu22/1.00 L1_SingleMu25/1.00 L1_SingleMu6er1p5/0.00 L1_SingleMu7er1p5/0.00 L1_SingleMu8er1p5/0.00 L1_SingleMu9er1p5/0.00 L1_SingleMu10er1p5/1.00 L1_SingleMu12er1p5/1.00 L1_SingleMu14er1p5/1.00 L1_SingleMu18er1p5/1.00
319991,828,5,0.00,HLT_Mu8_IP6_part0_v2/0,OR,L1_SingleMu22/1.00 L1_SingleMu25/1.00 L1_SingleMu6er1p5/0.00 L1_SingleMu7er1p5/0.00 L1_SingleMu8er1p5/0.00 L1_SingleMu9er1p5/1.00 L1_SingleMu10er1p5/1.00 L1_SingleMu12er1p5/1.00 L1_SingleMu14er1p5/1.00 L1_SingleMu18er1p5/1.00
319991,1,2,0.00,HLT_Mu8_IP6_part0_v2/0,OR,L1_SingleMu22/1.00 L1_SingleMu25/1.00 L1_SingleMu6er1p5/0.00 L1_SingleMu7er1p5/0.00 L1_SingleMu8er1p5/0.00 L1_SingleMu9er1p5/0.00 L1_SingleMu10er1p5/0.00 L1_SingleMu12er1p5/0.00 L1_SingleMu14er1p5/0.00 L1_SingleMu18er1p5/0.00
319991,332,3,0.00,HLT_Mu8_IP6_part0_v2/0,OR,L1_SingleMu22/1.00 L1_SingleMu25/1.00 L1_SingleMu6er1p5/0.00 L1_SingleMu7er1p5/0.00 L1_SingleMu8er1p5/0.00 L1_SingleMu9er1p5/0.00 L1_SingleMu10er1p5/0.00 L1_SingleMu12er1p5/1.00 L1_SingleMu14er1p5/0.00 L1_SingleMu18er1p5/0.00
319991,544,4,0.00,HLT_Mu8_IP6_part0_v2/0,OR,L1_SingleMu22/1.00 L1_SingleMu25/1.00 L1_SingleMu6er1p5/0.00 L1_SingleMu7er1p5/0.00 L1_SingleMu8er1p5/0.00 L1_SingleMu9er1p5/0.00 L1_SingleMu10er1p5/1.00 L1_SingleMu12er1p5/1.00 L1_SingleMu14er1p5/1.00 L1_SingleMu18er1p5/1.00
319991,828,5,0.00,HLT_Mu8_IP6_part0_v2/0,OR,L1_SingleMu22/1.00 L1_SingleMu25/1.00 L1_SingleMu6er1p5/0.00 L1_SingleMu7er1p5/0.00 L1_SingleMu8er1p5/0.00 L1_SingleMu9er1p5/1.00 L1_SingleMu10er1p5/1.00 L1_SingleMu12er1p5/1.00 L1_SingleMu14er1p5/1.00 L1_SingleMu18er1p5/1.00
319992,1,5,0.00,HLT_Mu8_IP6_part0_v2/0,OR,L1_SingleMu22/1.00 L1_SingleMu25/1.00 L1_SingleMu6er1p5/0.00 L1_SingleMu7er1p5/0.00 L1_SingleMu8er1p5/0.00 L1_SingleMu9er1p5/1.00 L1_SingleMu10er1p5/1.00 L1_SingleMu12er1p5/1.00 L1_SingleMu14er1p5/1.00 L1_SingleMu18er1p5/1.00
319992,249,6,0.00,HLT_Mu8_IP6_part0_v2/0,OR,L1_SingleMu22/1.00 L1_SingleMu25/1.00 L1_SingleMu6er1p5/0.00 L1_SingleMu7er1p5/0.00 L1_SingleMu8er1p5/1.00 L1_SingleMu9er1p5/1.00 L1_SingleMu10er1p5/1.00 L1_SingleMu12er1p5/1.00 L1_SingleMu14er1p5/1.00 L1_SingleMu18er1p5/1.00
319993,1,6,0.00,HLT_Mu8_IP6_part0_v2/0,OR,L1_SingleMu22/1.00 L1_SingleMu25/1.00 L1_SingleMu6er1p5/0.00 L1_SingleMu7er1p5/0.00 L1_SingleMu8er1p5/1.00 L1_SingleMu9er1p5/1.00 L1_SingleMu10er1p5/1.00 L1_SingleMu12er1p5/1.00 L1_SingleMu14er1p5/1.00 L1_SingleMu18er1p5/1.00
319993,574,7,0.00,HLT_Mu8_IP6_part0_v2/0,OR,L1_SingleMu22/1.00 L1_SingleMu25/1.00 L1_SingleMu6er1p5/0.00 L1_SingleMu7er1p5/1.00 L1_SingleMu8er1p5/1.00 L1_SingleMu9er1p5/1.00 L1_SingleMu10er1p5/1.00 L1_SingleMu12er1p5/1.00 L1_SingleMu14er1p5/1.00 L1_SingleMu18er1p5/1.00
319993,1,6,0.00,HLT_Mu8_IP6_part0_v2/0,OR,L1_SingleMu22/1.00 L1_SingleMu25/1.00 L1_SingleMu6er1p5/0.00 L1_SingleMu7er1p5/0.00 L1_SingleMu8er1p5/1.00 L1_SingleMu9er1p5/1.00 L1_SingleMu10er1p5/1.00 L1_SingleMu12er1p5/1.00 L1_SingleMu14er1p5/1.00 L1_SingleMu18er1p5/1.00
319993,574,7,0.00,HLT_Mu8_IP6_part0_v2/0,OR,L1_SingleMu22/1.00 L1_SingleMu25/1.00 L1_SingleMu6er1p5/0.00 L1_SingleMu7er1p5/1.00 L1_SingleMu8er1p5/1.00 L1_SingleMu9er1p5/1.00 L1_SingleMu10er1p5/1.00 L1_SingleMu12er1p5/1.00 L1_SingleMu14er1p5/1.00 L1_SingleMu18er1p5/1.00
320006,1,2,0.00,HLT_Mu8_IP6_part0_v2/0,OR,L1_SingleMu22/1.00 L1_SingleMu25/1.00 L1_SingleMu6er1p5/0.00 L1_SingleMu7er1p5/0.00 L1_SingleMu8er1p5/0.00 L1_SingleMu9er1p5/0.00 L1_SingleMu10er1p5/0.00 L1_SingleMu12er1p5/0.00 L1_SingleMu14er1p5/0.00 L1_SingleMu18er1p5/0.00
320006,17,3,0.00,HLT_Mu8_IP6_part0_v2/0,OR,L1_SingleMu22/1.00 L1_SingleMu25/1.00 L1_SingleMu6er1p5/0.00 L1_SingleMu7er1p5/0.00 L1_SingleMu8er1p5/0.00 L1_SingleMu9er1p5/0.00 L1_SingleMu10er1p5/0.00 L1_SingleMu12er1p5/1.00 L1_SingleMu14er1p5/0.00 L1_SingleMu18er1p5/0.00
320006,201,4,0.00,HLT_Mu8_IP6_part0_v2/0,OR,L1_SingleMu22/1.00 L1_SingleMu25/1.00 L1_SingleMu6er1p5/0.00 L1_SingleMu7er1p5/0.00 L1_SingleMu8er1p5/0.00 L1_SingleMu9er1p5/0.00 L1_SingleMu10er1p5/1.00 L1_SingleMu12er1p5/1.00 L1_SingleMu14er1p5/1.00 L1_SingleMu18er1p5/1.00
320006,1,2,0.00,HLT_Mu8_IP6_part0_v2/0,OR,L1_SingleMu22/1.00 L1_SingleMu25/1.00 L1_SingleMu6er1p5/0.00 L1_SingleMu7er1p5/0.00 L1_SingleMu8er1p5/0.00 L1_SingleMu9er1p5/0.00 L1_SingleMu10er1p5/0.00 L1_SingleMu12er1p5/0.00 L1_SingleMu14er1p5/0.00 L1_SingleMu18er1p5/0.00
320006,17,3,0.00,HLT_Mu8_IP6_part0_v2/0,OR,L1_SingleMu22/1.00 L1_SingleMu25/1.00 L1_SingleMu6er1p5/0.00 L1_SingleMu7er1p5/0.00 L1_SingleMu8er1p5/0.00 L1_SingleMu9er1p5/0.00 L1_SingleMu10er1p5/0.00 L1_SingleMu12er1p5/1.00 L1_SingleMu14er1p5/0.00 L1_SingleMu18er1p5/0.00
320006,201,4,0.00,HLT_Mu8_IP6_part0_v2/0,OR,L1_SingleMu22/1.00 L1_SingleMu25/1.00 L1_SingleMu6er1p5/0.00 L1_SingleMu7er1p5/0.00 L1_SingleMu8er1p5/0.00 L1_SingleMu9er1p5/0.00 L1_SingleMu10er1p5/1.00 L1_SingleMu12er1p5/1.00 L1_SingleMu14er1p5/1.00 L1_SingleMu18er1p5/1.00
320010,1,2,0.00,HLT_Mu8_IP6_part0_v2/0,OR,L1_SingleMu22/1.00 L1_SingleMu25/1.00 L1_SingleMu6er1p5/0.00 L1_SingleMu7er1p5/0.00 L1_SingleMu8er1p5/0.00 L1_SingleMu9er1p5/0.00 L1_SingleMu10er1p5/0.00 L1_SingleMu12er1p5/0.00 L1_SingleMu14er1p5/0.00 L1_SingleMu18er1p5/0.00
320010,4,5,0.00,HLT_Mu8_IP6_part0_v2/0,OR,L1_SingleMu22/1.00 L1_SingleMu25/1.00 L1_SingleMu6er1p5/0.00 L1_SingleMu7er1p5/0.00 L1_SingleMu8er1p5/0.00 L1_SingleMu9er1p5/1.00 L1_SingleMu10er1p5/1.00 L1_SingleMu12er1p5/1.00 L1_SingleMu14er1p5/1.00 L1_SingleMu18er1p5/1.00
320010,86,6,0.00,HLT_Mu8_IP6_part0_v2/0,OR,L1_SingleMu22/1.00 L1_SingleMu25/1.00 L1_SingleMu6er1p5/0.00 L1_SingleMu7er1p5/0.00 L1_SingleMu8er1p5/1.00 L1_SingleMu9er1p5/1.00 L1_SingleMu10er1p5/1.00 L1_SingleMu12er1p5/1.00 L1_SingleMu14er1p5/1.00 L1_SingleMu18er1p5/1.00
320011,1,6,0.00,HLT_Mu8_IP6_part0_v2/0,OR,L1_SingleMu22/1.00 L1_SingleMu25/1.00 L1_SingleMu6er1p5/0.00 L1_SingleMu7er1p5/0.00 L1_SingleMu8er1p5/1.00 L1_SingleMu9er1p5/1.00 L1_SingleMu10er1p5/1.00 L1_SingleMu12er1p5/1.00 L1_SingleMu14er1p5/1.00 L1_SingleMu18er1p5/1.00
320012,1,6,0.00,HLT_Mu8_IP6_part0_v2/0,OR,L1_SingleMu22/1.00 L1_SingleMu25/1.00 L1_SingleMu6er1p5/0.00 L1_SingleMu7er1p5/0.00 L1_SingleMu8er1p5/1.00 L1_SingleMu9er1p5/1.00 L1_SingleMu10er1p5/1.00 L1_SingleMu12er1p5/1.00 L1_SingleMu14er1p5/1.00 L1_SingleMu18er1p5/1.00
320012,13,7,0.00,HLT_Mu8_IP6_part0_v2/0,OR,L1_SingleMu22/1.00 L1_SingleMu25/1.00 L1_SingleMu6er1p5/0.00 L1_SingleMu7er1p5/1.00 L1_SingleMu8er1p5/1.00 L1_SingleMu9er1p5/1.00 L1_SingleMu10er1p5/1.00 L1_SingleMu12er1p5/1.00 L1_SingleMu14er1p5/1.00 L1_SingleMu18er1p5/1.00
320012,1,6,0.00,HLT_Mu8_IP6_part0_v2/0,OR,L1_SingleMu22/1.00 L1_SingleMu25/1.00 L1_SingleMu6er1p5/0.00 L1_SingleMu7er1p5/0.00 L1_SingleMu8er1p5/1.00 L1_SingleMu9er1p5/1.00 L1_SingleMu10er1p5/1.00 L1_SingleMu12er1p5/1.00 L1_SingleMu14er1p5/1.00 L1_SingleMu18er1p5/1.00
320012,13,7,0.00,HLT_Mu8_IP6_part0_v2/0,OR,L1_SingleMu22/1.00 L1_SingleMu25/1.00 L1_SingleMu6er1p5/0.00 L1_SingleMu7er1p5/1.00 L1_SingleMu8er1p5/1.00 L1_SingleMu9er1p5/1.00 L1_SingleMu10er1p5/1.00 L1_SingleMu12er1p5/1.00 L1_SingleMu14er1p5/1.00 L1_SingleMu18er1p5/1.00
320023,1,2,0.00,HLT_Mu8_IP6_part0_v2/0,OR,L1_SingleMu22/1.00 L1_SingleMu25/1.00 L1_SingleMu6er1p5/0.00 L1_SingleMu7er1p5/0.00 L1_SingleMu8er1p5/0.00 L1_SingleMu9er1p5/0.00 L1_SingleMu10er1p5/0.00 L1_SingleMu12er1p5/0.00 L1_SingleMu14er1p5/0.00 L1_SingleMu18er1p5/0.00
320023,162,3,0.00,HLT_Mu8_IP6_part0_v2/0,OR,L1_SingleMu22/1.00 L1_SingleMu25/1.00 L1_SingleMu6er1p5/0.00 L1_SingleMu7er1p5/0.00 L1_SingleMu8er1p5/0.00 L1_SingleMu9er1p5/0.00 L1_SingleMu10er1p5/0.00 L1_SingleMu12er1p5/1.00 L1_SingleMu14er1p5/0.00 L1_SingleMu18er1p5/0.00
320024,1,3,0.00,HLT_Mu8_IP6_part0_v2/0,OR,L1_SingleMu22/1.00 L1_SingleMu25/1.00 L1_SingleMu6er1p5/0.00 L1_SingleMu7er1p5/0.00 L1_SingleMu8er1p5/0.00 L1_SingleMu9er1p5/0.00 L1_SingleMu10er1p5/0.00 L1_SingleMu12er1p5/1.00 L1_SingleMu14er1p5/0.00 L1_SingleMu18er1p5/0.00
320024,93,4,0.00,HLT_Mu8_IP6_part0_v2/0,OR,L1_SingleMu22/1.00 L1_SingleMu25/1.00 L1_SingleMu6er1p5/0.00 L1_SingleMu7er1p5/0.00 L1_SingleMu8er1p5/0.00 L1_SingleMu9er1p5/0.00 L1_SingleMu10er1p5/1.00 L1_SingleMu12er1p5/1.00 L1_SingleMu14er1p5/1.00 L1_SingleMu18er1p5/1.00
320024,373,5,0.00,HLT_Mu8_IP6_part0_v2/0,OR,L1_SingleMu22/1.00 L1_SingleMu25/1.00 L1_SingleMu6er1p5/0.00 L1_SingleMu7er1p5/0.00 L1_SingleMu8er1p5/0.00 L1_SingleMu9er1p5/1.00 L1_SingleMu10er1p5/1.00 L1_SingleMu12er1p5/1.00 L1_SingleMu14er1p5/1.00 L1_SingleMu18er1p5/1.00
320024,1,3,0.00,HLT_Mu8_IP6_part0_v2/0,OR,L1_SingleMu22/1.00 L1_SingleMu25/1.00 L1_SingleMu6er1p5/0.00 L1_SingleMu7er1p5/0.00 L1_SingleMu8er1p5/0.00 L1_SingleMu9er1p5/0.00 L1_SingleMu10er1p5/0.00 L1_SingleMu12er1p5/1.00 L1_SingleMu14er1p5/0.00 L1_SingleMu18er1p5/0.00
320024,93,4,0.00,HLT_Mu8_IP6_part0_v2/0,OR,L1_SingleMu22/1.00 L1_SingleMu25/1.00 L1_SingleMu6er1p5/0.00 L1_SingleMu7er1p5/0.00 L1_SingleMu8er1p5/0.00 L1_SingleMu9er1p5/0.00 L1_SingleMu10er1p5/1.00 L1_SingleMu12er1p5/1.00 L1_SingleMu14er1p5/1.00 L1_SingleMu18er1p5/1.00
320024,373,5,0.00,HLT_Mu8_IP6_part0_v2/0,OR,L1_SingleMu22/1.00 L1_SingleMu25/1.00 L1_SingleMu6er1p5/0.00 L1_SingleMu7er1p5/0.00 L1_SingleMu8er1p5/0.00 L1_SingleMu9er1p5/1.00 L1_SingleMu10er1p5/1.00 L1_SingleMu12er1p5/1.00 L1_SingleMu14er1p5/1.00 L1_SingleMu18er1p5/1.00
320024,1,3,0.00,HLT_Mu8_IP6_part0_v2/0,OR,L1_SingleMu22/1.00 L1_SingleMu25/1.00 L1_SingleMu6er1p5/0.00 L1_SingleMu7er1p5/0.00 L1_SingleMu8er1p5/0.00 L1_SingleMu9er1p5/0.00 L1_SingleMu10er1p5/0.00 L1_SingleMu12er1p5/1.00 L1_SingleMu14er1p5/0.00 L1_SingleMu18er1p5/0.00
320024,93,4,0.00,HLT_Mu8_IP6_part0_v2/0,OR,L1_SingleMu22/1.00 L1_SingleMu25/1.00 L1_SingleMu6er1p5/0.00 L1_SingleMu7er1p5/0.00 L1_SingleMu8er1p5/0.00 L1_SingleMu9er1p5/0.00 L1_SingleMu10er1p5/1.00 L1_SingleMu12er1p5/1.00 L1_SingleMu14er1p5/1.00 L1_SingleMu18er1p5/1.00
320024,373,5,0.00,HLT_Mu8_IP6_part0_v2/0,OR,L1_SingleMu22/1.00 L1_SingleMu25/1.00 L1_SingleMu6er1p5/0.00 L1_SingleMu7er1p5/0.00 L1_SingleMu8er1p5/0.00 L1_SingleMu9er1p5/1.00 L1_SingleMu10er1p5/1.00 L1_SingleMu12er1p5/1.00 L1_SingleMu14er1p5/1.00 L1_SingleMu18er1p5/1.00
320025,1,5,0.00,HLT_Mu8_IP6_part0_v2/0,OR,L1_SingleMu22/1.00 L1_SingleMu25/1.00 L1_SingleMu6er1p5/0.00 L1_SingleMu7er1p5/0.00 L1_SingleMu8er1p5/0.00 L1_SingleMu9er1p5/1.00 L1_SingleMu10er1p5/1.00 L1_SingleMu12er1p5/1.00 L1_SingleMu14er1p5/1.00 L1_SingleMu18er1p5/1.00
320026,1,5,0.00,HLT_Mu8_IP6_part0_v2/0,OR,L1_SingleMu22/1.00 L1_SingleMu25/1.00 L1_SingleMu6er1p5/0.00 L1_SingleMu7er1p5/0.00 L1_SingleMu8er1p5/0.00 L1_SingleMu9er1p5/1.00 L1_SingleMu10er1p5/1.00 L1_SingleMu12er1p5/1.00 L1_SingleMu14er1p5/1.00 L1_SingleMu18er1p5/1.00
320026,157,6,0.00,HLT_Mu8_IP6_part0_v2/0,OR,L1_SingleMu22/1.00 L1_SingleMu25/1.00 L1_SingleMu6er1p5/0.00 L1_SingleMu7er1p5/0.00 L1_SingleMu8er1p5/1.00 L1_SingleMu9er1p5/1.00 L1_SingleMu10er1p5/1.00 L1_SingleMu12er1p5/1.00 L1_SingleMu14er1p5/1.00 L1_SingleMu18er1p5/1.00
320038,1,2,0.00,HLT_Mu8_IP6_part0_v2/0,OR,L1_SingleMu22/1.00 L1_SingleMu25/1.00 L1_SingleMu6er1p5/0.00 L1_SingleMu7er1p5/0.00 L1_SingleMu8er1p5/0.00 L1_SingleMu9er1p5/0.00 L1_SingleMu10er1p5/0.00 L1_SingleMu12er1p5/0.00 L1_SingleMu14er1p5/0.00 L1_SingleMu18er1p5/0.00
320038,291,3,0.00,HLT_Mu8_IP6_part0_v2/0,OR,L1_SingleMu22/1.00 L1_SingleMu25/1.00 L1_SingleMu6er1p5/0.00 L1_SingleMu7er1p5/0.00 L1_SingleMu8er1p5/0.00 L1_SingleMu9er1p5/0.00 L1_SingleMu10er1p5/0.00 L1_SingleMu12er1p5/1.00 L1_SingleMu14er1p5/0.00 L1_SingleMu18er1p5/0.00
320038,495,4,0.00,HLT_Mu8_IP6_part0_v2/0,OR,L1_SingleMu22/1.00 L1_SingleMu25/1.00 L1_SingleMu6er1p5/0.00 L1_SingleMu7er1p5/0.00 L1_SingleMu8er1p5/0.00 L1_SingleMu9er1p5/0.00 L1_SingleMu10er1p5/1.00 L1_SingleMu12er1p5/1.00 L1_SingleMu14er1p5/1.00 L1_SingleMu18er1p5/1.00
320038,1,2,0.00,HLT_Mu8_IP6_part0_v2/0,OR,L1_SingleMu22/1.00 L1_SingleMu25/1.00 L1_SingleMu6er1p5/0.00 L1_SingleMu7er1p5/0.00 L1_SingleMu8er1p5/0.00 L1_SingleMu9er1p5/0.00 L1_SingleMu10er1p5/0.00 L1_SingleMu12er1p5/0.00 L1_SingleMu14er1p5/0.00 L1_SingleMu18er1p5/0.00
320038,291,3,0.00,HLT_Mu8_IP6_part0_v2/0,OR,L1_SingleMu22/1.00 L1_SingleMu25/1.00 L1_SingleMu6er1p5/0.00 L1_SingleMu7er1p5/0.00 L1_SingleMu8er1p5/0.00 L1_SingleMu9er1p5/0.00 L1_SingleMu10er1p5/0.00 L1_SingleMu12er1p5/1.00 L1_SingleMu14er1p5/0.00 L1_SingleMu18er1p5/0.00
320038,495,4,0.00,HLT_Mu8_IP6_part0_v2/0,OR,L1_SingleMu22/1.00 L1_SingleMu25/1.00 L1_SingleMu6er1p5/0.00 L1_SingleMu7er1p5/0.00 L1_SingleMu8er1p5/0.00 L1_SingleMu9er1p5/0.00 L1_SingleMu10er1p5/1.00 L1_SingleMu12er1p5/1.00 L1_SingleMu14er1p5/1.00 L1_SingleMu18er1p5/1.00
320039,1,4,0.00,HLT_Mu8_IP6_part0_v2/0,OR,L1_SingleMu22/1.00 L1_SingleMu25/1.00 L1_SingleMu6er1p5/0.00 L1_SingleMu7er1p5/0.00 L1_SingleMu8er1p5/0.00 L1_SingleMu9er1p5/0.00 L1_SingleMu10er1p5/1.00 L1_SingleMu12er1p5/1.00 L1_SingleMu14er1p5/1.00 L1_SingleMu18er1p5/1.00
320040,1,4,0.00,HLT_Mu8_IP6_part0_v2/0,OR,L1_SingleMu22/1.00 L1_SingleMu25/1.00 L1_SingleMu6er1p5/0.00 L1_SingleMu7er1p5/0.00 L1_SingleMu8er1p5/0.00 L1_SingleMu9er1p5/0.00 L1_SingleMu10er1p5/1.00 L1_SingleMu12er1p5/1.00 L1_SingleMu14er1p5/1.00 L1_SingleMu18er1p5/1.00
320040,48,5,0.00,HLT_Mu8_IP6_part0_v2/0,OR,L1_SingleMu22/1.00 L1_SingleMu25/1.00 L1_SingleMu6er1p5/0.00 L1_SingleMu7er1p5/0.00 L1_SingleMu8er1p5/0.00 L1_SingleMu9er1p5/1.00 L1_SingleMu10er1p5/1.00 L1_SingleMu12er1p5/1.00 L1_SingleMu14er1p5/1.00 L1_SingleMu18er1p5/1.00
320040,401,6,0.00,HLT_Mu8_IP6_part0_v2/0,OR,L1_SingleMu22/1.00 L1_SingleMu25/1.00 L1_SingleMu6er1p5/0.00 L1_SingleMu7er1p5/0.00 L1_SingleMu8er1p5/1.00 L1_SingleMu9er1p5/1.00 L1_SingleMu10er1p5/1.00 L1_SingleMu12er1p5/1.00 L1_SingleMu14er1p5/1.00 L1_SingleMu18er1p5/1.00
320040,1,4,0.00,HLT_Mu8_IP6_part0_v2/0,OR,L1_SingleMu22/1.00 L1_SingleMu25/1.00 L1_SingleMu6er1p5/0.00 L1_SingleMu7er1p5/0.00 L1_SingleMu8er1p5/0.00 L1_SingleMu9er1p5/0.00 L1_SingleMu10er1p5/1.00 L1_SingleMu12er1p5/1.00 L1_SingleMu14er1p5/1.00 L1_SingleMu18er1p5/1.00
320040,48,5,0.00,HLT_Mu8_IP6_part0_v2/0,OR,L1_SingleMu22/1.00 L1_SingleMu25/1.00 L1_SingleMu6er1p5/0.00 L1_SingleMu7er1p5/0.00 L1_SingleMu8er1p5/0.00 L1_SingleMu9er1p5/1.00 L1_SingleMu10er1p5/1.00 L1_SingleMu12er1p5/1.00 L1_SingleMu14er1p5/1.00 L1_SingleMu18er1p5/1.00
320040,401,6,0.00,HLT_Mu8_IP6_part0_v2/0,OR,L1_SingleMu22/1.00 L1_SingleMu25/1.00 L1_SingleMu6er1p5/0.00 L1_SingleMu7er1p5/0.00 L1_SingleMu8er1p5/1.00 L1_SingleMu9er1p5/1.00 L1_SingleMu10er1p5/1.00 L1_SingleMu12er1p5/1.00 L1_SingleMu14er1p5/1.00 L1_SingleMu18er1p5/1.00
320060,1,2,0.00,HLT_Mu8_IP6_part0_v2/0,OR,L1_SingleMu22/1.00 L1_SingleMu25/1.00 L1_SingleMu6er1p5/0.00 L1_SingleMu7er1p5/0.00 L1_SingleMu8er1p5/0.00 L1_SingleMu9er1p5/0.00 L1_SingleMu10er1p5/0.00 L1_SingleMu12er1p5/0.00 L1_SingleMu14er1p5/0.00 L1_SingleMu18er1p5/0.00
320060,14,3,0.00,HLT_Mu8_IP6_part0_v2/0,OR,L1_SingleMu22/1.00 L1_SingleMu25/1.00 L1_SingleMu6er1p5/0.00 L1_SingleMu7er1p5/0.00 L1_SingleMu8er1p5/0.00 L1_SingleMu9er1p5/0.00 L1_SingleMu10er1p5/0.00 L1_SingleMu12er1p5/1.00 L1_SingleMu14er1p5/0.00 L1_SingleMu18er1p5/0.00
320061,1,3,0.00,HLT_Mu8_IP6_part0_v2/0,OR,L1_SingleMu22/1.00 L1_SingleMu25/1.00 L1_SingleMu6er1p5/0.00 L1_SingleMu7er1p5/0.00 L1_SingleMu8er1p5/0.00 L1_SingleMu9er1p5/0.00 L1_SingleMu10er1p5/0.00 L1_SingleMu12er1p5/1.00 L1_SingleMu14er1p5/0.00 L1_SingleMu18er1p5/0.00
320062,1,3,0.00,HLT_Mu8_IP6_part0_v2/0,OR,L1_SingleMu22/1.00 L1_SingleMu25/1.00 L1_SingleMu6er1p5/0.00 L1_SingleMu7er1p5/0.00 L1_SingleMu8er1p5/0.00 L1_SingleMu9er1p5/0.00 L1_SingleMu10er1p5/0.00 L1_SingleMu12er1p5/1.00 L1_SingleMu14er1p5/0.00 L1_SingleMu18er1p5/0.00
320063,1,3,0.00,HLT_Mu8_IP6_part0_v2/0,OR,L1_SingleMu22/1.00 L1_SingleMu25/1.00 L1_SingleMu6er1p5/0.00 L1_SingleMu7er1p5/0.00 L1_SingleMu8er1p5/0.00 L1_SingleMu9er1p5/0.00 L1_SingleMu10er1p5/0.00 L1_SingleMu12er1p5/1.00 L1_SingleMu14er1p5/0.00 L1_SingleMu18er1p5/0.00
320064,1,3,0.00,HLT_Mu8_IP6_part0_v2/0,OR,L1_SingleMu22/1.00 L1_SingleMu25/1.00 L1_SingleMu6er1p5/0.00 L1_SingleMu7er1p5/0.00 L1_SingleMu8er1p5/0.00 L1_SingleMu9er1p5/0.00 L1_SingleMu10er1p5/0.00 L1_SingleMu12er1p5/1.00 L1_SingleMu14er1p5/0.00 L1_SingleMu18er1p5/0.00
320064,110,4,0.00,HLT_Mu8_IP6_part0_v2/0,OR,L1_SingleMu22/1.00 L1_SingleMu25/1.00 L1_SingleMu6er1p5/0.00 L1_SingleMu7er1p5/0.00 L1_SingleMu8er1p5/0.00 L1_SingleMu9er1p5/0.00 L1_SingleMu10er1p5/1.00 L1_SingleMu12er1p5/1.00 L1_SingleMu14er1p5/1.00 L1_SingleMu18er1p5/1.00
320064,1,3,0.00,HLT_Mu8_IP6_part0_v2/0,OR,L1_SingleMu22/1.00 L1_SingleMu25/1.00 L1_SingleMu6er1p5/0.00 L1_SingleMu7er1p5/0.00 L1_SingleMu8er1p5/0.00 L1_SingleMu9er1p5/0.00 L1_SingleMu10er1p5/0.00 L1_SingleMu12er1p5/1.00 L1_SingleMu14er1p5/0.00 L1_SingleMu18er1p5/0.00
320064,110,4,0.00,HLT_Mu8_IP6_part0_v2/0,OR,L1_SingleMu22/1.00 L1_SingleMu25/1.00 L1_SingleMu6er1p5/0.00 L1_SingleMu7er1p5/0.00 L1_SingleMu8er1p5/0.00 L1_SingleMu9er1p5/0.00 L1_SingleMu10er1p5/1.00 L1_SingleMu12er1p5/1.00 L1_SingleMu14er1p5/1.00 L1_SingleMu18er1p5/1.00
320065,1,4,0.00,HLT_Mu8_IP6_part0_v2/0,OR,L1_SingleMu22/1.00 L1_SingleMu25/1.00 L1_SingleMu6er1p5/0.00 L1_SingleMu7er1p5/0.00 L1_SingleMu8er1p5/0.00 L1_SingleMu9er1p5/0.00 L1_SingleMu10er1p5/1.00 L1_SingleMu12er1p5/1.00 L1_SingleMu14er1p5/1.00 L1_SingleMu18er1p5/1.00
320065,191,5,0.00,HLT_Mu8_IP6_part0_v2/0,OR,L1_SingleMu22/1.00 L1_SingleMu25/1.00 L1_SingleMu6er1p5/0.00 L1_SingleMu7er1p5/0.00 L1_SingleMu8er1p5/0.00 L1_SingleMu9er1p5/1.00 L1_SingleMu10er1p5/1.00 L1_SingleMu12er1p5/1.00 L1_SingleMu14er1p5/1.00 L1_SingleMu18er1p5/1.00
320065,536,6,0.00,HLT_Mu8_IP6_part0_v2/0,OR,L1_SingleMu22/1.00 L1_SingleMu25/1.00 L1_SingleMu6er1p5/0.00 L1_SingleMu7er1p5/0.00 L1_SingleMu8er1p5/1.00 L1_SingleMu9er1p5/1.00 L1_SingleMu10er1p5/1.00 L1_SingleMu12er1p5/1.00 L1_SingleMu14er1p5/1.00 L1_SingleMu18er1p5/1.00
320065,1,4,0.00,HLT_Mu8_IP6_part0_v2/0,OR,L1_SingleMu22/1.00 L1_SingleMu25/1.00 L1_SingleMu6er1p5/0.00 L1_SingleMu7er1p5/0.00 L1_SingleMu8er1p5/0.00 L1_SingleMu9er1p5/0.00 L1_SingleMu10er1p5/1.00 L1_SingleMu12er1p5/1.00 L1_SingleMu14er1p5/1.00 L1_SingleMu18er1p5/1.00
320065,191,5,0.00,HLT_Mu8_IP6_part0_v2/0,OR,L1_SingleMu22/1.00 L1_SingleMu25/1.00 L1_SingleMu6er1p5/0.00 L1_SingleMu7er1p5/0.00 L1_SingleMu8er1p5/0.00 L1_SingleMu9er1p5/1.00 L1_SingleMu10er1p5/1.00 L1_SingleMu12er1p5/1.00 L1_SingleMu14er1p5/1.00 L1_SingleMu18er1p5/1.00
320065,536,6,0.00,HLT_Mu8_IP6_part0_v2/0,OR,L1_SingleMu22/1.00 L1_SingleMu25/1.00 L1_SingleMu6er1p5/0.00 L1_SingleMu7er1p5/0.00 L1_SingleMu8er1p5/1.00 L1_SingleMu9er1p5/1.00 L1_SingleMu10er1p5/1.00 L1_SingleMu12er1p5/1.00 L1_SingleMu14er1p5/1.00 L1_SingleMu18er1p5/1.00
320674,1,2,0.00,HLT_Mu8_IP6_part0_v2/0,OR,L1_SingleMu22/1.00 L1_SingleMu25/1.00 L1_SingleMu6er1p5/0.00 L1_SingleMu7er1p5/0.00 L1_SingleMu8er1p5/0.00 L1_SingleMu9er1p5/0.00 L1_SingleMu10er1p5/0.00 L1_SingleMu12er1p5/0.00 L1_SingleMu14er1p5/0.00 L1_SingleMu18er1p5/0.00
320674,14,8,0.00,HLT_Mu8_IP6_part0_v2/0,OR,L1_SingleMu22/1.00 L1_SingleMu25/1.00 L1_SingleMu6er1p5/0.00 L1_SingleMu7er1p5/1.00 L1_SingleMu8er1p5/1.00 L1_SingleMu9er1p5/1.00 L1_SingleMu10er1p5/1.00 L1_SingleMu12er1p5/1.00 L1_SingleMu14er1p5/1.00 L1_SingleMu18er1p5/1.00
320688,1,2,0.00,HLT_Mu8_IP6_part0_v2/0,OR,L1_SingleMu22/1.00 L1_SingleMu25/1.00 L1_SingleMu6er1p5/0.00 L1_SingleMu7er1p5/0.00 L1_SingleMu8er1p5/0.00 L1_SingleMu9er1p5/0.00 L1_SingleMu10er1p5/0.00 L1_SingleMu12er1p5/0.00 L1_SingleMu14er1p5/0.00 L1_SingleMu18er1p5/0.00
320688,73,4,0.00,HLT_Mu8_IP6_part0_v2/0,OR,L1_SingleMu22/1.00 L1_SingleMu25/1.00 L1_SingleMu6er1p5/0.00 L1_SingleMu7er1p5/0.00 L1_SingleMu8er1p5/0.00 L1_SingleMu9er1p5/0.00 L1_SingleMu10er1p5/1.00 L1_SingleMu12er1p5/1.00 L1_SingleMu14er1p5/1.00 L1_SingleMu18er1p5/1.00
320688,261,5,0.00,HLT_Mu8_IP6_part0_v2/0,OR,L1_SingleMu22/1.00 L1_SingleMu25/1.00 L1_SingleMu6er1p5/0.00 L1_SingleMu7er1p5/0.00 L1_SingleMu8er1p5/0.00 L1_SingleMu9er1p5/1.00 L1_SingleMu10er1p5/1.00 L1_SingleMu12er1p5/1.00 L1_SingleMu14er1p5/1.00 L1_SingleMu18er1p5/1.00
320688,561,6,0.00,HLT_Mu8_IP6_part0_v2/0,OR,L1_SingleMu22/1.00 L1_SingleMu25/1.00 L1_SingleMu6er1p5/0.00 L1_SingleMu7er1p5/0.00 L1_SingleMu8er1p5/1.00 L1_SingleMu9er1p5/1.00 L1_SingleMu10er1p5/1.00 L1_SingleMu12er1p5/1.00 L1_SingleMu14er1p5/1.00 L1_SingleMu18er1p5/1.00
320688,1,2,0.00,HLT_Mu8_IP6_part0_v2/0,OR,L1_SingleMu22/1.00 L1_SingleMu25/1.00 L1_SingleMu6er1p5/0.00 L1_SingleMu7er1p5/0.00 L1_SingleMu8er1p5/0.00 L1_SingleMu9er1p5/0.00 L1_SingleMu10er1p5/0.00 L1_SingleMu12er1p5/0.00 L1_SingleMu14er1p5/0.00 L1_SingleMu18er1p5/0.00
320688,73,4,0.00,HLT_Mu8_IP6_part0_v2/0,OR,L1_SingleMu22/1.00 L1_SingleMu25/1.00 L1_SingleMu6er1p5/0.00 L1_SingleMu7er1p5/0.00 L1_SingleMu8er1p5/0.00 L1_SingleMu9er1p5/0.00 L1_SingleMu10er1p5/1.00 L1_SingleMu12er1p5/1.00 L1_SingleMu14er1p5/1.00 L1_SingleMu18er1p5/1.00
320688,261,5,0.00,HLT_Mu8_IP6_part0_v2/0,OR,L1_SingleMu22/1.00 L1_SingleMu25/1.00 L1_SingleMu6er1p5/0.00 L1_SingleMu7er1p5/0.00 L1_SingleMu8er1p5/0.00 L1_SingleMu9er1p5/1.00 L1_SingleMu10er1p5/1.00 L1_SingleMu12er1p5/1.00 L1_SingleMu14er1p5/1.00 L1_SingleMu18er1p5/1.00
320688,561,6,0.00,HLT_Mu8_IP6_part0_v2/0,OR,L1_SingleMu22/1.00 L1_SingleMu25/1.00 L1_SingleMu6er1p5/0.00 L1_SingleMu7er1p5/0.00 L1_SingleMu8er1p5/1.00 L1_SingleMu9er1p5/1.00 L1_SingleMu10er1p5/1.00 L1_SingleMu12er1p5/1.00 L1_SingleMu14er1p5/1.00 L1_SingleMu18er1p5/1.00
320712,1,2,0.00,HLT_Mu8_IP6_part0_v2/0,OR,L1_SingleMu22/1.00 L1_SingleMu25/1.00 L1_SingleMu6er1p5/0.00 L1_SingleMu7er1p5/0.00 L1_SingleMu8er1p5/0.00 L1_SingleMu9er1p5/0.00 L1_SingleMu10er1p5/0.00 L1_SingleMu12er1p5/0.00 L1_SingleMu14er1p5/0.00 L1_SingleMu18er1p5/0.00
320712,82,3,0.00,HLT_Mu8_IP6_part0_v2/0,OR,L1_SingleMu22/1.00 L1_SingleMu25/1.00 L1_SingleMu6er1p5/0.00 L1_SingleMu7er1p5/0.00 L1_SingleMu8er1p5/0.00 L1_SingleMu9er1p5/0.00 L1_SingleMu10er1p5/0.00 L1_SingleMu12er1p5/1.00 L1_SingleMu14er1p5/0.00 L1_SingleMu18er1p5/0.00
320757,1,2,0.00,HLT_Mu8_IP6_part0_v2/0,OR,L1_SingleMu22/1.00 L1_SingleMu25/1.00 L1_SingleMu6er1p5/0.00 L1_SingleMu7er1p5/0.00 L1_SingleMu8er1p5/0.00 L1_SingleMu9er1p5/0.00 L1_SingleMu10er1p5/0.00 L1_SingleMu12er1p5/0.00 L1_SingleMu14er1p5/0.00 L1_SingleMu18er1p5/0.00
320757,132,3,0.00,HLT_Mu8_IP6_part0_v2/0,OR,L1_SingleMu22/1.00 L1_SingleMu25/1.00 L1_SingleMu6er1p5/0.00 L1_SingleMu7er1p5/0.00 L1_SingleMu8er1p5/0.00 L1_SingleMu9er1p5/0.00 L1_SingleMu10er1p5/0.00 L1_SingleMu12er1p5/1.00 L1_SingleMu14er1p5/0.00 L1_SingleMu18er1p5/0.00
320804,1,2,0.00,HLT_Mu8_IP6_part0_v2/0,OR,L1_SingleMu22/1.00 L1_SingleMu25/1.00 L1_SingleMu6er1p5/0.00 L1_SingleMu7er1p5/0.00 L1_SingleMu8er1p5/0.00 L1_SingleMu9er1p5/0.00 L1_SingleMu10er1p5/0.00 L1_SingleMu12er1p5/0.00 L1_SingleMu14er1p5/0.00 L1_SingleMu18er1p5/0.00
320804,52,3,0.00,HLT_Mu8_IP6_part0_v2/0,OR,L1_SingleMu22/1.00 L1_SingleMu25/1.00 L1_SingleMu6er1p5/0.00 L1_SingleMu7er1p5/0.00 L1_SingleMu8er1p5/0.00 L1_SingleMu9er1p5/0.00 L1_SingleMu10er1p5/0.00 L1_SingleMu12er1p5/1.00 L1_SingleMu14er1p5/0.00 L1_SingleMu18er1p5/0.00
320804,249,4,0.00,HLT_Mu8_IP6_part0_v2/0,OR,L1_SingleMu22/1.00 L1_SingleMu25/1.00 L1_SingleMu6er1p5/0.00 L1_SingleMu7er1p5/0.00 L1_SingleMu8er1p5/0.00 L1_SingleMu9er1p5/0.00 L1_SingleMu10er1p5/1.00 L1_SingleMu12er1p5/1.00 L1_SingleMu14er1p5/1.00 L1_SingleMu18er1p5/1.00
320804,456,5,0.00,HLT_Mu8_IP6_part0_v2/0,OR,L1_SingleMu22/1.00 L1_SingleMu25/1.00 L1_SingleMu6er1p5/0.00 L1_SingleMu7er1p5/0.00 L1_SingleMu8er1p5/0.00 L1_SingleMu9er1p5/1.00 L1_SingleMu10er1p5/1.00 L1_SingleMu12er1p5/1.00 L1_SingleMu14er1p5/1.00 L1_SingleMu18er1p5/1.00
320804,465,4,0.00,HLT_Mu8_IP6_part0_v2/0,OR,L1_SingleMu22/1.00 L1_SingleMu25/1.00 L1_SingleMu6er1p5/0.00 L1_SingleMu7er1p5/0.00 L1_SingleMu8er1p5/0.00 L1_SingleMu9er1p5/0.00 L1_SingleMu10er1p5/1.00 L1_SingleMu12er1p5/1.00 L1_SingleMu14er1p5/1.00 L1_SingleMu18er1p5/1.00
320804,512,5,0.00,HLT_Mu8_IP6_part0_v2/0,OR,L1_SingleMu22/1.00 L1_SingleMu25/1.00 L1_SingleMu6er1p5/0.00 L1_SingleMu7er1p5/0.00 L1_SingleMu8er1p5/0.00 L1_SingleMu9er1p5/1.00 L1_SingleMu10er1p5/1.00 L1_SingleMu12er1p5/1.00 L1_SingleMu14er1p5/1.00 L1_SingleMu18er1p5/1.00
320804,820,6,0.00,HLT_Mu8_IP6_part0_v2/0,OR,L1_SingleMu22/1.00 L1_SingleMu25/1.00 L1_SingleMu6er1p5/0.00 L1_SingleMu7er1p5/0.00 L1_SingleMu8er1p5/1.00 L1_SingleMu9er1p5/1.00 L1_SingleMu10er1p5/1.00 L1_SingleMu12er1p5/1.00 L1_SingleMu14er1p5/1.00 L1_SingleMu18er1p5/1.00
320804,1239,7,0.00,HLT_Mu8_IP6_part0_v2/0,OR,L1_SingleMu22/1.00 L1_SingleMu25/1.00 L1_SingleMu6er1p5/0.00 L1_SingleMu7er1p5/1.00 L1_SingleMu8er1p5/1.00 L1_SingleMu9er1p5/1.00 L1_SingleMu10er1p5/1.00 L1_SingleMu12er1p5/1.00 L1_SingleMu14er1p5/1.00 L1_SingleMu18er1p5/1.00
320804,1,2,0.00,HLT_Mu8_IP6_part0_v2/0,OR,L1_SingleMu22/1.00 L1_SingleMu25/1.00 L1_SingleMu6er1p5/0.00 L1_SingleMu7er1p5/0.00 L1_SingleMu8er1p5/0.00 L1_SingleMu9er1p5/0.00 L1_SingleMu10er1p5/0.00 L1_SingleMu12er1p5/0.00 L1_SingleMu14er1p5/0.00 L1_SingleMu18er1p5/0.00
320804,52,3,0.00,HLT_Mu8_IP6_part0_v2/0,OR,L1_SingleMu22/1.00 L1_SingleMu25/1.00 L1_SingleMu6er1p5/0.00 L1_SingleMu7er1p5/0.00 L1_SingleMu8er1p5/0.00 L1_SingleMu9er1p5/0.00 L1_SingleMu10er1p5/0.00 L1_SingleMu12er1p5/1.00 L1_SingleMu14er1p5/0.00 L1_SingleMu18er1p5/0.00
320804,249,4,0.00,HLT_Mu8_IP6_part0_v2/0,OR,L1_SingleMu22/1.00 L1_SingleMu25/1.00 L1_SingleMu6er1p5/0.00 L1_SingleMu7er1p5/0.00 L1_SingleMu8er1p5/0.00 L1_SingleMu9er1p5/0.00 L1_SingleMu10er1p5/1.00 L1_SingleMu12er1p5/1.00 L1_SingleMu14er1p5/1.00 L1_SingleMu18er1p5/1.00
320804,456,5,0.00,HLT_Mu8_IP6_part0_v2/0,OR,L1_SingleMu22/1.00 L1_SingleMu25/1.00 L1_SingleMu6er1p5/0.00 L1_SingleMu7er1p5/0.00 L1_SingleMu8er1p5/0.00 L1_SingleMu9er1p5/1.00 L1_SingleMu10er1p5/1.00 L1_SingleMu12er1p5/1.00 L1_SingleMu14er1p5/1.00 L1_SingleMu18er1p5/1.00
320804,465,4,0.00,HLT_Mu8_IP6_part0_v2/0,OR,L1_SingleMu22/1.00 L1_SingleMu25/1.00 L1_SingleMu6er1p5/0.00 L1_SingleMu7er1p5/0.00 L1_SingleMu8er1p5/0.00 L1_SingleMu9er1p5/0.00 L1_SingleMu10er1p5/1.00 L1_SingleMu12er1p5/1.00 L1_SingleMu14er1p5/1.00 L1_SingleMu18er1p5/1.00
320804,512,5,0.00,HLT_Mu8_IP6_part0_v2/0,OR,L1_SingleMu22/1.00 L1_SingleMu25/1.00 L1_SingleMu6er1p5/0.00 L1_SingleMu7er1p5/0.00 L1_SingleMu8er1p5/0.00 L1_SingleMu9er1p5/1.00 L1_SingleMu10er1p5/1.00 L1_SingleMu12er1p5/1.00 L1_SingleMu14er1p5/1.00 L1_SingleMu18er1p5/1.00
320804,820,6,0.00,HLT_Mu8_IP6_part0_v2/0,OR,L1_SingleMu22/1.00 L1_SingleMu25/1.00 L1_SingleMu6er1p5/0.00 L1_SingleMu7er1p5/0.00 L1_SingleMu8er1p5/1.00 L1_SingleMu9er1p5/1.00 L1_SingleMu10er1p5/1.00 L1_SingleMu12er1p5/1.00 L1_SingleMu14er1p5/1.00 L1_SingleMu18er1p5/1.00
320804,1239,7,0.00,HLT_Mu8_IP6_part0_v2/0,OR,L1_SingleMu22/1.00 L1_SingleMu25/1.00 L1_SingleMu6er1p5/0.00 L1_SingleMu7er1p5/1.00 L1_SingleMu8er1p5/1.00 L1_SingleMu9er1p5/1.00 L1_SingleMu10er1p5/1.00 L1_SingleMu12er1p5/1.00 L1_SingleMu14er1p5/1.00 L1_SingleMu18er1p5/1.00
320804,1,2,0.00,HLT_Mu8_IP6_part0_v2/0,OR,L1_SingleMu22/1.00 L1_SingleMu25/1.00 L1_SingleMu6er1p5/0.00 L1_SingleMu7er1p5/0.00 L1_SingleMu8er1p5/0.00 L1_SingleMu9er1p5/0.00 L1_SingleMu10er1p5/0.00 L1_SingleMu12er1p5/0.00 L1_SingleMu14er1p5/0.00 L1_SingleMu18er1p5/0.00
320804,52,3,0.00,HLT_Mu8_IP6_part0_v2/0,OR,L1_SingleMu22/1.00 L1_SingleMu25/1.00 L1_SingleMu6er1p5/0.00 L1_SingleMu7er1p5/0.00 L1_SingleMu8er1p5/0.00 L1_SingleMu9er1p5/0.00 L1_SingleMu10er1p5/0.00 L1_SingleMu12er1p5/1.00 L1_SingleMu14er1p5/0.00 L1_SingleMu18er1p5/0.00
320804,249,4,0.00,HLT_Mu8_IP6_part0_v2/0,OR,L1_SingleMu22/1.00 L1_SingleMu25/1.00 L1_SingleMu6er1p5/0.00 L1_SingleMu7er1p5/0.00 L1_SingleMu8er1p5/0.00 L1_SingleMu9er1p5/0.00 L1_SingleMu10er1p5/1.00 L1_SingleMu12er1p5/1.00 L1_SingleMu14er1p5/1.00 L1_SingleMu18er1p5/1.00
320804,456,5,0.00,HLT_Mu8_IP6_part0_v2/0,OR,L1_SingleMu22/1.00 L1_SingleMu25/1.00 L1_SingleMu6er1p5/0.00 L1_SingleMu7er1p5/0.00 L1_SingleMu8er1p5/0.00 L1_SingleMu9er1p5/1.00 L1_SingleMu10er1p5/1.00 L1_SingleMu12er1p5/1.00 L1_SingleMu14er1p5/1.00 L1_SingleMu18er1p5/1.00
320804,465,4,0.00,HLT_Mu8_IP6_part0_v2/0,OR,L1_SingleMu22/1.00 L1_SingleMu25/1.00 L1_SingleMu6er1p5/0.00 L1_SingleMu7er1p5/0.00 L1_SingleMu8er1p5/0.00 L1_SingleMu9er1p5/0.00 L1_SingleMu10er1p5/1.00 L1_SingleMu12er1p5/1.00 L1_SingleMu14er1p5/1.00 L1_SingleMu18er1p5/1.00
320804,512,5,0.00,HLT_Mu8_IP6_part0_v2/0,OR,L1_SingleMu22/1.00 L1_SingleMu25/1.00 L1_SingleMu6er1p5/0.00 L1_SingleMu7er1p5/0.00 L1_SingleMu8er1p5/0.00 L1_SingleMu9er1p5/1.00 L1_SingleMu10er1p5/1.00 L1_SingleMu12er1p5/1.00 L1_SingleMu14er1p5/1.00 L1_SingleMu18er1p5/1.00
320804,820,6,0.00,HLT_Mu8_IP6_part0_v2/0,OR,L1_SingleMu22/1.00 L1_SingleMu25/1.00 L1_SingleMu6er1p5/0.00 L1_SingleMu7er1p5/0.00 L1_SingleMu8er1p5/1.00 L1_SingleMu9er1p5/1.00 L1_SingleMu10er1p5/1.00 L1_SingleMu12er1p5/1.00 L1_SingleMu14er1p5/1.00 L1_SingleMu18er1p5/1.00
320804,1239,7,0.00,HLT_Mu8_IP6_part0_v2/0,OR,L1_SingleMu22/1.00 L1_SingleMu25/1.00 L1_SingleMu6er1p5/0.00 L1_SingleMu7er1p5/1.00 L1_SingleMu8er1p5/1.00 L1_SingleMu9er1p5/1.00 L1_SingleMu10er1p5/1.00 L1_SingleMu12er1p5/1.00 L1_SingleMu14er1p5/1.00 L1_SingleMu18er1p5/1.00
320804,1,2,0.00,HLT_Mu8_IP6_part0_v2/0,OR,L1_SingleMu22/1.00 L1_SingleMu25/1.00 L1_SingleMu6er1p5/0.00 L1_SingleMu7er1p5/0.00 L1_SingleMu8er1p5/0.00 L1_SingleMu9er1p5/0.00 L1_SingleMu10er1p5/0.00 L1_SingleMu12er1p5/0.00 L1_SingleMu14er1p5/0.00 L1_SingleMu18er1p5/0.00
320804,52,3,0.00,HLT_Mu8_IP6_part0_v2/0,OR,L1_SingleMu22/1.00 L1_SingleMu25/1.00 L1_SingleMu6er1p5/0.00 L1_SingleMu7er1p5/0.00 L1_SingleMu8er1p5/0.00 L1_SingleMu9er1p5/0.00 L1_SingleMu10er1p5/0.00 L1_SingleMu12er1p5/1.00 L1_SingleMu14er1p5/0.00 L1_SingleMu18er1p5/0.00
320804,249,4,0.00,HLT_Mu8_IP6_part0_v2/0,OR,L1_SingleMu22/1.00 L1_SingleMu25/1.00 L1_SingleMu6er1p5/0.00 L1_SingleMu7er1p5/0.00 L1_SingleMu8er1p5/0.00 L1_SingleMu9er1p5/0.00 L1_SingleMu10er1p5/1.00 L1_SingleMu12er1p5/1.00 L1_SingleMu14er1p5/1.00 L1_SingleMu18er1p5/1.00
320804,456,5,0.00,HLT_Mu8_IP6_part0_v2/0,OR,L1_SingleMu22/1.00 L1_SingleMu25/1.00 L1_SingleMu6er1p5/0.00 L1_SingleMu7er1p5/0.00 L1_SingleMu8er1p5/0.00 L1_SingleMu9er1p5/1.00 L1_SingleMu10er1p5/1.00 L1_SingleMu12er1p5/1.00 L1_SingleMu14er1p5/1.00 L1_SingleMu18er1p5/1.00
320804,465,4,0.00,HLT_Mu8_IP6_part0_v2/0,OR,L1_SingleMu22/1.00 L1_SingleMu25/1.00 L1_SingleMu6er1p5/0.00 L1_SingleMu7er1p5/0.00 L1_SingleMu8er1p5/0.00 L1_SingleMu9er1p5/0.00 L1_SingleMu10er1p5/1.00 L1_SingleMu12er1p5/1.00 L1_SingleMu14er1p5/1.00 L1_SingleMu18er1p5/1.00
320804,512,5,0.00,HLT_Mu8_IP6_part0_v2/0,OR,L1_SingleMu22/1.00 L1_SingleMu25/1.00 L1_SingleMu6er1p5/0.00 L1_SingleMu7er1p5/0.00 L1_SingleMu8er1p5/0.00 L1_SingleMu9er1p5/1.00 L1_SingleMu10er1p5/1.00 L1_SingleMu12er1p5/1.00 L1_SingleMu14er1p5/1.00 L1_SingleMu18er1p5/1.00
320804,820,6,0.00,HLT_Mu8_IP6_part0_v2/0,OR,L1_SingleMu22/1.00 L1_SingleMu25/1.00 L1_SingleMu6er1p5/0.00 L1_SingleMu7er1p5/0.00 L1_SingleMu8er1p5/1.00 L1_SingleMu9er1p5/1.00 L1_SingleMu10er1p5/1.00 L1_SingleMu12er1p5/1.00 L1_SingleMu14er1p5/1.00 L1_SingleMu18er1p5/1.00
320804,1239,7,0.00,HLT_Mu8_IP6_part0_v2/0,OR,L1_SingleMu22/1.00 L1_SingleMu25/1.00 L1_SingleMu6er1p5/0.00 L1_SingleMu7er1p5/1.00 L1_SingleMu8er1p5/1.00 L1_SingleMu9er1p5/1.00 L1_SingleMu10er1p5/1.00 L1_SingleMu12er1p5/1.00 L1_SingleMu14er1p5/1.00 L1_SingleMu18er1p5/1.00
320807,1,7,1.00,HLT_Mu8_IP6_part0_v2/1,OR,L1_SingleMu22/1.00 L1_SingleMu25/1.00 L1_SingleMu6er1p5/0.00 L1_SingleMu7er1p5/1.00 L1_SingleMu8er1p5/1.00 L1_SingleMu9er1p5/1.00 L1_SingleMu10er1p5/1.00 L1_SingleMu12er1p5/1.00 L1_SingleMu14er1p5/1.00 L1_SingleMu18er1p5/1.00
320809,1,7,0.00,HLT_Mu8_IP6_part0_v2/0,OR,L1_SingleMu22/1.00 L1_SingleMu25/1.00 L1_SingleMu6er1p5/0.00 L1_SingleMu7er1p5/1.00 L1_SingleMu8er1p5/1.00 L1_SingleMu9er1p5/1.00 L1_SingleMu10er1p5/1.00 L1_SingleMu12er1p5/1.00 L1_SingleMu14er1p5/1.00 L1_SingleMu18er1p5/1.00
320809,698,8,0.00,HLT_Mu8_IP6_part0_v2/0,OR,L1_SingleMu22/1.00 L1_SingleMu25/1.00 L1_SingleMu6er1p5/0.00 L1_SingleMu7er1p5/1.00 L1_SingleMu8er1p5/1.00 L1_SingleMu9er1p5/1.00 L1_SingleMu10er1p5/1.00 L1_SingleMu12er1p5/1.00 L1_SingleMu14er1p5/1.00 L1_SingleMu18er1p5/1.00
320821,1,2,0.00,HLT_Mu8_IP6_part0_v2/0,OR,L1_SingleMu22/1.00 L1_SingleMu25/1.00 L1_SingleMu6er1p5/0.00 L1_SingleMu7er1p5/0.00 L1_SingleMu8er1p5/0.00 L1_SingleMu9er1p5/0.00 L1_SingleMu10er1p5/0.00 L1_SingleMu12er1p5/0.00 L1_SingleMu14er1p5/0.00 L1_SingleMu18er1p5/0.00
320821,68,3,0.00,HLT_Mu8_IP6_part0_v2/0,OR,L1_SingleMu22/1.00 L1_SingleMu25/1.00 L1_SingleMu6er1p5/0.00 L1_SingleMu7er1p5/0.00 L1_SingleMu8er1p5/0.00 L1_SingleMu9er1p5/0.00 L1_SingleMu10er1p5/0.00 L1_SingleMu12er1p5/1.00 L1_SingleMu14er1p5/0.00 L1_SingleMu18er1p5/0.00
320822,1,3,0.00,HLT_Mu8_IP6_part0_v2/0,OR,L1_SingleMu22/1.00 L1_SingleMu25/1.00 L1_SingleMu6er1p5/0.00 L1_SingleMu7er1p5/0.00 L1_SingleMu8er1p5/0.00 L1_SingleMu9er1p5/0.00 L1_SingleMu10er1p5/0.00 L1_SingleMu12er1p5/1.00 L1_SingleMu14er1p5/0.00 L1_SingleMu18er1p5/0.00
320822,35,4,0.00,HLT_Mu8_IP6_part0_v2/0,OR,L1_SingleMu22/1.00 L1_SingleMu25/1.00 L1_SingleMu6er1p5/0.00 L1_SingleMu7er1p5/0.00 L1_SingleMu8er1p5/0.00 L1_SingleMu9er1p5/0.00 L1_SingleMu10er1p5/1.00 L1_SingleMu12er1p5/1.00 L1_SingleMu14er1p5/1.00 L1_SingleMu18er1p5/1.00
320822,285,5,0.00,HLT_Mu8_IP6_part0_v2/0,OR,L1_SingleMu22/1.00 L1_SingleMu25/1.00 L1_SingleMu6er1p5/0.00 L1_SingleMu7er1p5/0.00 L1_SingleMu8er1p5/0.00 L1_SingleMu9er1p5/1.00 L1_SingleMu10er1p5/1.00 L1_SingleMu12er1p5/1.00 L1_SingleMu14er1p5/1.00 L1_SingleMu18er1p5/1.00
320822,1,3,0.00,HLT_Mu8_IP6_part0_v2/0,OR,L1_SingleMu22/1.00 L1_SingleMu25/1.00 L1_SingleMu6er1p5/0.00 L1_SingleMu7er1p5/0.00 L1_SingleMu8er1p5/0.00 L1_SingleMu9er1p5/0.00 L1_SingleMu10er1p5/0.00 L1_SingleMu12er1p5/1.00 L1_SingleMu14er1p5/0.00 L1_SingleMu18er1p5/0.00
320822,35,4,0.00,HLT_Mu8_IP6_part0_v2/0,OR,L1_SingleMu22/1.00 L1_SingleMu25/1.00 L1_SingleMu6er1p5/0.00 L1_SingleMu7er1p5/0.00 L1_SingleMu8er1p5/0.00 L1_SingleMu9er1p5/0.00 L1_SingleMu10er1p5/1.00 L1_SingleMu12er1p5/1.00 L1_SingleMu14er1p5/1.00 L1_SingleMu18er1p5/1.00
320822,285,5,0.00,HLT_Mu8_IP6_part0_v2/0,OR,L1_SingleMu22/1.00 L1_SingleMu25/1.00 L1_SingleMu6er1p5/0.00 L1_SingleMu7er1p5/0.00 L1_SingleMu8er1p5/0.00 L1_SingleMu9er1p5/1.00 L1_SingleMu10er1p5/1.00 L1_SingleMu12er1p5/1.00 L1_SingleMu14er1p5/1.00 L1_SingleMu18er1p5/1.00
320822,1,3,0.00,HLT_Mu8_IP6_part0_v2/0,OR,L1_SingleMu22/1.00 L1_SingleMu25/1.00 L1_SingleMu6er1p5/0.00 L1_SingleMu7er1p5/0.00 L1_SingleMu8er1p5/0.00 L1_SingleMu9er1p5/0.00 L1_SingleMu10er1p5/0.00 L1_SingleMu12er1p5/1.00 L1_SingleMu14er1p5/0.00 L1_SingleMu18er1p5/0.00
320822,35,4,0.00,HLT_Mu8_IP6_part0_v2/0,OR,L1_SingleMu22/1.00 L1_SingleMu25/1.00 L1_SingleMu6er1p5/0.00 L1_SingleMu7er1p5/0.00 L1_SingleMu8er1p5/0.00 L1_SingleMu9er1p5/0.00 L1_SingleMu10er1p5/1.00 L1_SingleMu12er1p5/1.00 L1_SingleMu14er1p5/1.00 L1_SingleMu18er1p5/1.00
320822,285,5,0.00,HLT_Mu8_IP6_part0_v2/0,OR,L1_SingleMu22/1.00 L1_SingleMu25/1.00 L1_SingleMu6er1p5/0.00 L1_SingleMu7er1p5/0.00 L1_SingleMu8er1p5/0.00 L1_SingleMu9er1p5/1.00 L1_SingleMu10er1p5/1.00 L1_SingleMu12er1p5/1.00 L1_SingleMu14er1p5/1.00 L1_SingleMu18er1p5/1.00
320823,1,5,0.00,HLT_Mu8_IP6_part0_v2/0,OR,L1_SingleMu22/1.00 L1_SingleMu25/1.00 L1_SingleMu6er1p5/0.00 L1_SingleMu7er1p5/0.00 L1_SingleMu8er1p5/0.00 L1_SingleMu9er1p5/1.00 L1_SingleMu10er1p5/1.00 L1_SingleMu12er1p5/1.00 L1_SingleMu14er1p5/1.00 L1_SingleMu18er1p5/1.00
320823,71,6,0.00,HLT_Mu8_IP6_part0_v2/0,OR,L1_SingleMu22/1.00 L1_SingleMu25/1.00 L1_SingleMu6er1p5/0.00 L1_SingleMu7er1p5/0.00 L1_SingleMu8er1p5/1.00 L1_SingleMu9er1p5/1.00 L1_SingleMu10er1p5/1.00 L1_SingleMu12er1p5/1.00 L1_SingleMu14er1p5/1.00 L1_SingleMu18er1p5/1.00
320824,1,6,0.00,HLT_Mu8_IP6_part0_v2/0,OR,L1_SingleMu22/1.00 L1_SingleMu25/1.00 L1_SingleMu6er1p5/0.00 L1_SingleMu7er1p5/0.00 L1_SingleMu8er1p5/1.00 L1_SingleMu9er1p5/1.00 L1_SingleMu10er1p5/1.00 L1_SingleMu12er1p5/1.00 L1_SingleMu14er1p5/1.00 L1_SingleMu18er1p5/1.00
320824,151,7,0.00,HLT_Mu8_IP6_part0_v2/0,OR,L1_SingleMu22/1.00 L1_SingleMu25/1.00 L1_SingleMu6er1p5/0.00 L1_SingleMu7er1p5/1.00 L1_SingleMu8er1p5/1.00 L1_SingleMu9er1p5/1.00 L1_SingleMu10er1p5/1.00 L1_SingleMu12er1p5/1.00 L1_SingleMu14er1p5/1.00 L1_SingleMu18er1p5/1.00
320824,951,8,0.00,HLT_Mu8_IP6_part0_v2/0,OR,L1_SingleMu22/1.00 L1_SingleMu25/1.00 L1_SingleMu6er1p5/0.00 L1_SingleMu7er1p5/1.00 L1_SingleMu8er1p5/1.00 L1_SingleMu9er1p5/1.00 L1_SingleMu10er1p5/1.00 L1_SingleMu12er1p5/1.00 L1_SingleMu14er1p5/1.00 L1_SingleMu18er1p5/1.00
320824,1,6,0.00,HLT_Mu8_IP6_part0_v2/0,OR,L1_SingleMu22/1.00 L1_SingleMu25/1.00 L1_SingleMu6er1p5/0.00 L1_SingleMu7er1p5/0.00 L1_SingleMu8er1p5/1.00 L1_SingleMu9er1p5/1.00 L1_SingleMu10er1p5/1.00 L1_SingleMu12er1p5/1.00 L1_SingleMu14er1p5/1.00 L1_SingleMu18er1p5/1.00
320824,151,7,0.00,HLT_Mu8_IP6_part0_v2/0,OR,L1_SingleMu22/1.00 L1_SingleMu25/1.00 L1_SingleMu6er1p5/0.00 L1_SingleMu7er1p5/1.00 L1_SingleMu8er1p5/1.00 L1_SingleMu9er1p5/1.00 L1_SingleMu10er1p5/1.00 L1_SingleMu12er1p5/1.00 L1_SingleMu14er1p5/1.00 L1_SingleMu18er1p5/1.00
320824,951,8,0.00,HLT_Mu8_IP6_part0_v2/0,OR,L1_SingleMu22/1.00 L1_SingleMu25/1.00 L1_SingleMu6er1p5/0.00 L1_SingleMu7er1p5/1.00 L1_SingleMu8er1p5/1.00 L1_SingleMu9er1p5/1.00 L1_SingleMu10er1p5/1.00 L1_SingleMu12er1p5/1.00 L1_SingleMu14er1p5/1.00 L1_SingleMu18er1p5/1.00
320838,1,2,0.00,HLT_Mu8_IP6_part0_v2/0,OR,L1_SingleMu22/1.00 L1_SingleMu25/1.00 L1_SingleMu6er1p5/0.00 L1_SingleMu7er1p5/0.00 L1_SingleMu8er1p5/0.00 L1_SingleMu9er1p5/0.00 L1_SingleMu10er1p5/0.00 L1_SingleMu12er1p5/0.00 L1_SingleMu14er1p5/0.00 L1_SingleMu18er1p5/0.00
320838,146,3,0.00,HLT_Mu8_IP6_part0_v2/0,OR,L1_SingleMu22/1.00 L1_SingleMu25/1.00 L1_SingleMu6er1p5/0.00 L1_SingleMu7er1p5/0.00 L1_SingleMu8er1p5/0.00 L1_SingleMu9er1p5/0.00 L1_SingleMu10er1p5/0.00 L1_SingleMu12er1p5/1.00 L1_SingleMu14er1p5/0.00 L1_SingleMu18er1p5/0.00
320840,1,3,0.00,HLT_Mu8_IP6_part0_v2/0,OR,L1_SingleMu22/1.00 L1_SingleMu25/1.00 L1_SingleMu6er1p5/0.00 L1_SingleMu7er1p5/0.00 L1_SingleMu8er1p5/0.00 L1_SingleMu9er1p5/0.00 L1_SingleMu10er1p5/0.00 L1_SingleMu12er1p5/1.00 L1_SingleMu14er1p5/0.00 L1_SingleMu18er1p5/0.00
320840,76,4,0.00,HLT_Mu8_IP6_part0_v2/0,OR,L1_SingleMu22/1.00 L1_SingleMu25/1.00 L1_SingleMu6er1p5/0.00 L1_SingleMu7er1p5/0.00 L1_SingleMu8er1p5/0.00 L1_SingleMu9er1p5/0.00 L1_SingleMu10er1p5/1.00 L1_SingleMu12er1p5/1.00 L1_SingleMu14er1p5/1.00 L1_SingleMu18er1p5/1.00
320840,349,5,0.00,HLT_Mu8_IP6_part0_v2/0,OR,L1_SingleMu22/1.00 L1_SingleMu25/1.00 L1_SingleMu6er1p5/0.00 L1_SingleMu7er1p5/0.00 L1_SingleMu8er1p5/0.00 L1_SingleMu9er1p5/1.00 L1_SingleMu10er1p5/1.00 L1_SingleMu12er1p5/1.00 L1_SingleMu14er1p5/1.00 L1_SingleMu18er1p5/1.00
320840,1,3,0.00,HLT_Mu8_IP6_part0_v2/0,OR,L1_SingleMu22/1.00 L1_SingleMu25/1.00 L1_SingleMu6er1p5/0.00 L1_SingleMu7er1p5/0.00 L1_SingleMu8er1p5/0.00 L1_SingleMu9er1p5/0.00 L1_SingleMu10er1p5/0.00 L1_SingleMu12er1p5/1.00 L1_SingleMu14er1p5/0.00 L1_SingleMu18er1p5/0.00
320840,76,4,0.00,HLT_Mu8_IP6_part0_v2/0,OR,L1_SingleMu22/1.00 L1_SingleMu25/1.00 L1_SingleMu6er1p5/0.00 L1_SingleMu7er1p5/0.00 L1_SingleMu8er1p5/0.00 L1_SingleMu9er1p5/0.00 L1_SingleMu10er1p5/1.00 L1_SingleMu12er1p5/1.00 L1_SingleMu14er1p5/1.00 L1_SingleMu18er1p5/1.00
320840,349,5,0.00,HLT_Mu8_IP6_part0_v2/0,OR,L1_SingleMu22/1.00 L1_SingleMu25/1.00 L1_SingleMu6er1p5/0.00 L1_SingleMu7er1p5/0.00 L1_SingleMu8er1p5/0.00 L1_SingleMu9er1p5/1.00 L1_SingleMu10er1p5/1.00 L1_SingleMu12er1p5/1.00 L1_SingleMu14er1p5/1.00 L1_SingleMu18er1p5/1.00
320840,1,3,0.00,HLT_Mu8_IP6_part0_v2/0,OR,L1_SingleMu22/1.00 L1_SingleMu25/1.00 L1_SingleMu6er1p5/0.00 L1_SingleMu7er1p5/0.00 L1_SingleMu8er1p5/0.00 L1_SingleMu9er1p5/0.00 L1_SingleMu10er1p5/0.00 L1_SingleMu12er1p5/1.00 L1_SingleMu14er1p5/0.00 L1_SingleMu18er1p5/0.00
320840,76,4,0.00,HLT_Mu8_IP6_part0_v2/0,OR,L1_SingleMu22/1.00 L1_SingleMu25/1.00 L1_SingleMu6er1p5/0.00 L1_SingleMu7er1p5/0.00 L1_SingleMu8er1p5/0.00 L1_SingleMu9er1p5/0.00 L1_SingleMu10er1p5/1.00 L1_SingleMu12er1p5/1.00 L1_SingleMu14er1p5/1.00 L1_SingleMu18er1p5/1.00
320840,349,5,0.00,HLT_Mu8_IP6_part0_v2/0,OR,L1_SingleMu22/1.00 L1_SingleMu25/1.00 L1_SingleMu6er1p5/0.00 L1_SingleMu7er1p5/0.00 L1_SingleMu8er1p5/0.00 L1_SingleMu9er1p5/1.00 L1_SingleMu10er1p5/1.00 L1_SingleMu12er1p5/1.00 L1_SingleMu14er1p5/1.00 L1_SingleMu18er1p5/1.00
320841,1,5,0.00,HLT_Mu8_IP6_part0_v2/0,OR,L1_SingleMu22/1.00 L1_SingleMu25/1.00 L1_SingleMu6er1p5/0.00 L1_SingleMu7er1p5/0.00 L1_SingleMu8er1p5/0.00 L1_SingleMu9er1p5/1.00 L1_SingleMu10er1p5/1.00 L1_SingleMu12er1p5/1.00 L1_SingleMu14er1p5/1.00 L1_SingleMu18er1p5/1.00
320841,194,6,0.00,HLT_Mu8_IP6_part0_v2/0,OR,L1_SingleMu22/1.00 L1_SingleMu25/1.00 L1_SingleMu6er1p5/0.00 L1_SingleMu7er1p5/0.00 L1_SingleMu8er1p5/1.00 L1_SingleMu9er1p5/1.00 L1_SingleMu10er1p5/1.00 L1_SingleMu12er1p5/1.00 L1_SingleMu14er1p5/1.00 L1_SingleMu18er1p5/1.00
320853,1,2,0.00,HLT_Mu8_IP6_part0_v2/0,OR,L1_SingleMu22/1.00 L1_SingleMu25/1.00 L1_SingleMu6er1p5/0.00 L1_SingleMu7er1p5/0.00 L1_SingleMu8er1p5/0.00 L1_SingleMu9er1p5/0.00 L1_SingleMu10er1p5/0.00 L1_SingleMu12er1p5/0.00 L1_SingleMu14er1p5/0.00 L1_SingleMu18er1p5/0.00
320853,186,3,0.00,HLT_Mu8_IP6_part0_v2/0,OR,L1_SingleMu22/1.00 L1_SingleMu25/1.00 L1_SingleMu6er1p5/0.00 L1_SingleMu7er1p5/0.00 L1_SingleMu8er1p5/0.00 L1_SingleMu9er1p5/0.00 L1_SingleMu10er1p5/0.00 L1_SingleMu12er1p5/1.00 L1_SingleMu14er1p5/0.00 L1_SingleMu18er1p5/0.00
320854,1,3,0.00,HLT_Mu8_IP6_part0_v2/0,OR,L1_SingleMu22/1.00 L1_SingleMu25/1.00 L1_SingleMu6er1p5/0.00 L1_SingleMu7er1p5/0.00 L1_SingleMu8er1p5/0.00 L1_SingleMu9er1p5/0.00 L1_SingleMu10er1p5/0.00 L1_SingleMu12er1p5/1.00 L1_SingleMu14er1p5/0.00 L1_SingleMu18er1p5/0.00
320854,25,4,0.00,HLT_Mu8_IP6_part0_v2/0,OR,L1_SingleMu22/1.00 L1_SingleMu25/1.00 L1_SingleMu6er1p5/0.00 L1_SingleMu7er1p5/0.00 L1_SingleMu8er1p5/0.00 L1_SingleMu9er1p5/0.00 L1_SingleMu10er1p5/1.00 L1_SingleMu12er1p5/1.00 L1_SingleMu14er1p5/1.00 L1_SingleMu18er1p5/1.00
320854,1,3,0.00,HLT_Mu8_IP6_part0_v2/0,OR,L1_SingleMu22/1.00 L1_SingleMu25/1.00 L1_SingleMu6er1p5/0.00 L1_SingleMu7er1p5/0.00 L1_SingleMu8er1p5/0.00 L1_SingleMu9er1p5/0.00 L1_SingleMu10er1p5/0.00 L1_SingleMu12er1p5/1.00 L1_SingleMu14er1p5/0.00 L1_SingleMu18er1p5/0.00
320854,25,4,0.00,HLT_Mu8_IP6_part0_v2/0,OR,L1_SingleMu22/1.00 L1_SingleMu25/1.00 L1_SingleMu6er1p5/0.00 L1_SingleMu7er1p5/0.00 L1_SingleMu8er1p5/0.00 L1_SingleMu9er1p5/0.00 L1_SingleMu10er1p5/1.00 L1_SingleMu12er1p5/1.00 L1_SingleMu14er1p5/1.00 L1_SingleMu18er1p5/1.00
320855,1,4,0.00,HLT_Mu8_IP6_part0_v2/0,OR,L1_SingleMu22/1.00 L1_SingleMu25/1.00 L1_SingleMu6er1p5/0.00 L1_SingleMu7er1p5/0.00 L1_SingleMu8er1p5/0.00 L1_SingleMu9er1p5/0.00 L1_SingleMu10er1p5/1.00 L1_SingleMu12er1p5/1.00 L1_SingleMu14er1p5/1.00 L1_SingleMu18er1p5/1.00
320855,129,5,0.00,HLT_Mu8_IP6_part0_v2/0,OR,L1_SingleMu22/1.00 L1_SingleMu25/1.00 L1_SingleMu6er1p5/0.00 L1_SingleMu7er1p5/0.00 L1_SingleMu8er1p5/0.00 L1_SingleMu9er1p5/1.00 L1_SingleMu10er1p5/1.00 L1_SingleMu12er1p5/1.00 L1_SingleMu14er1p5/1.00 L1_SingleMu18er1p5/1.00
320855,448,6,0.00,HLT_Mu8_IP6_part0_v2/0,OR,L1_SingleMu22/1.00 L1_SingleMu25/1.00 L1_SingleMu6er1p5/0.00 L1_SingleMu7er1p5/0.00 L1_SingleMu8er1p5/1.00 L1_SingleMu9er1p5/1.00 L1_SingleMu10er1p5/1.00 L1_SingleMu12er1p5/1.00 L1_SingleMu14er1p5/1.00 L1_SingleMu18er1p5/1.00
320855,1,4,0.00,HLT_Mu8_IP6_part0_v2/0,OR,L1_SingleMu22/1.00 L1_SingleMu25/1.00 L1_SingleMu6er1p5/0.00 L1_SingleMu7er1p5/0.00 L1_SingleMu8er1p5/0.00 L1_SingleMu9er1p5/0.00 L1_SingleMu10er1p5/1.00 L1_SingleMu12er1p5/1.00 L1_SingleMu14er1p5/1.00 L1_SingleMu18er1p5/1.00
320855,129,5,0.00,HLT_Mu8_IP6_part0_v2/0,OR,L1_SingleMu22/1.00 L1_SingleMu25/1.00 L1_SingleMu6er1p5/0.00 L1_SingleMu7er1p5/0.00 L1_SingleMu8er1p5/0.00 L1_SingleMu9er1p5/1.00 L1_SingleMu10er1p5/1.00 L1_SingleMu12er1p5/1.00 L1_SingleMu14er1p5/1.00 L1_SingleMu18er1p5/1.00
320855,448,6,0.00,HLT_Mu8_IP6_part0_v2/0,OR,L1_SingleMu22/1.00 L1_SingleMu25/1.00 L1_SingleMu6er1p5/0.00 L1_SingleMu7er1p5/0.00 L1_SingleMu8er1p5/1.00 L1_SingleMu9er1p5/1.00 L1_SingleMu10er1p5/1.00 L1_SingleMu12er1p5/1.00 L1_SingleMu14er1p5/1.00 L1_SingleMu18er1p5/1.00
320856,1,6,0.00,HLT_Mu8_IP6_part0_v2/0,OR,L1_SingleMu22/1.00 L1_SingleMu25/1.00 L1_SingleMu6er1p5/0.00 L1_SingleMu7er1p5/0.00 L1_SingleMu8er1p5/1.00 L1_SingleMu9er1p5/1.00 L1_SingleMu10er1p5/1.00 L1_SingleMu12er1p5/1.00 L1_SingleMu14er1p5/1.00 L1_SingleMu18er1p5/1.00
320857,1,6,0.00,HLT_Mu8_IP6_part0_v2/0,OR,L1_SingleMu22/1.00 L1_SingleMu25/1.00 L1_SingleMu6er1p5/0.00 L1_SingleMu7er1p5/0.00 L1_SingleMu8er1p5/1.00 L1_SingleMu9er1p5/1.00 L1_SingleMu10er1p5/1.00 L1_SingleMu12er1p5/1.00 L1_SingleMu14er1p5/1.00 L1_SingleMu18er1p5/1.00
320857,217,7,0.00,HLT_Mu8_IP6_part0_v2/0,OR,L1_SingleMu22/1.00 L1_SingleMu25/1.00 L1_SingleMu6er1p5/0.00 L1_SingleMu7er1p5/1.00 L1_SingleMu8er1p5/1.00 L1_SingleMu9er1p5/1.00 L1_SingleMu10er1p5/1.00 L1_SingleMu12er1p5/1.00 L1_SingleMu14er1p5/1.00 L1_SingleMu18er1p5/1.00
320857,1,6,0.00,HLT_Mu8_IP6_part0_v2/0,OR,L1_SingleMu22/1.00 L1_SingleMu25/1.00 L1_SingleMu6er1p5/0.00 L1_SingleMu7er1p5/0.00 L1_SingleMu8er1p5/1.00 L1_SingleMu9er1p5/1.00 L1_SingleMu10er1p5/1.00 L1_SingleMu12er1p5/1.00 L1_SingleMu14er1p5/1.00 L1_SingleMu18er1p5/1.00
320857,217,7,0.00,HLT_Mu8_IP6_part0_v2/0,OR,L1_SingleMu22/1.00 L1_SingleMu25/1.00 L1_SingleMu6er1p5/0.00 L1_SingleMu7er1p5/1.00 L1_SingleMu8er1p5/1.00 L1_SingleMu9er1p5/1.00 L1_SingleMu10er1p5/1.00 L1_SingleMu12er1p5/1.00 L1_SingleMu14er1p5/1.00 L1_SingleMu18er1p5/1.00
320858,1,7,0.00,HLT_Mu8_IP6_part0_v2/0,OR,L1_SingleMu22/1.00 L1_SingleMu25/1.00 L1_SingleMu6er1p5/0.00 L1_SingleMu7er1p5/1.00 L1_SingleMu8er1p5/1.00 L1_SingleMu9er1p5/1.00 L1_SingleMu10er1p5/1.00 L1_SingleMu12er1p5/1.00 L1_SingleMu14er1p5/1.00 L1_SingleMu18er1p5/1.00
320859,1,7,0.00,HLT_Mu8_IP6_part0_v2/0,OR,L1_SingleMu22/1.00 L1_SingleMu25/1.00 L1_SingleMu6er1p5/0.00 L1_SingleMu7er1p5/1.00 L1_SingleMu8er1p5/1.00 L1_SingleMu9er1p5/1.00 L1_SingleMu10er1p5/1.00 L1_SingleMu12er1p5/1.00 L1_SingleMu14er1p5/1.00 L1_SingleMu18er1p5/1.00
320887,1,2,0.00,HLT_Mu8_IP6_part0_v2/0,OR,L1_SingleMu22/1.00 L1_SingleMu25/1.00 L1_SingleMu6er1p5/0.00 L1_SingleMu7er1p5/0.00 L1_SingleMu8er1p5/0.00 L1_SingleMu9er1p5/0.00 L1_SingleMu10er1p5/0.00 L1_SingleMu12er1p5/0.00 L1_SingleMu14er1p5/0.00 L1_SingleMu18er1p5/0.00
320887,283,3,0.00,HLT_Mu8_IP6_part0_v2/0,OR,L1_SingleMu22/1.00 L1_SingleMu25/1.00 L1_SingleMu6er1p5/0.00 L1_SingleMu7er1p5/0.00 L1_SingleMu8er1p5/0.00 L1_SingleMu9er1p5/0.00 L1_SingleMu10er1p5/0.00 L1_SingleMu12er1p5/1.00 L1_SingleMu14er1p5/0.00 L1_SingleMu18er1p5/0.00
320888,1,3,0.00,HLT_Mu8_IP6_part0_v2/0,OR,L1_SingleMu22/1.00 L1_SingleMu25/1.00 L1_SingleMu6er1p5/0.00 L1_SingleMu7er1p5/0.00 L1_SingleMu8er1p5/0.00 L1_SingleMu9er1p5/0.00 L1_SingleMu10er1p5/0.00 L1_SingleMu12er1p5/1.00 L1_SingleMu14er1p5/0.00 L1_SingleMu18er1p5/0.00
320917,1,2,0.00,HLT_Mu8_IP6_part0_v2/0,OR,L1_SingleMu22/1.00 L1_SingleMu25/1.00 L1_SingleMu6er1p5/0.00 L1_SingleMu7er1p5/0.00 L1_SingleMu8er1p5/0.00 L1_SingleMu9er1p5/0.00 L1_SingleMu10er1p5/0.00 L1_SingleMu12er1p5/0.00 L1_SingleMu14er1p5/0.00 L1_SingleMu18er1p5/0.00
320917,99,3,0.00,HLT_Mu8_IP6_part0_v2/0,OR,L1_SingleMu22/1.00 L1_SingleMu25/1.00 L1_SingleMu6er1p5/0.00 L1_SingleMu7er1p5/0.00 L1_SingleMu8er1p5/0.00 L1_SingleMu9er1p5/0.00 L1_SingleMu10er1p5/0.00 L1_SingleMu12er1p5/1.00 L1_SingleMu14er1p5/0.00 L1_SingleMu18er1p5/0.00
320917,326,4,0.00,HLT_Mu8_IP6_part0_v2/0,OR,L1_SingleMu22/1.00 L1_SingleMu25/1.00 L1_SingleMu6er1p5/0.00 L1_SingleMu7er1p5/0.00 L1_SingleMu8er1p5/0.00 L1_SingleMu9er1p5/0.00 L1_SingleMu10er1p5/1.00 L1_SingleMu12er1p5/1.00 L1_SingleMu14er1p5/1.00 L1_SingleMu18er1p5/1.00
320917,605,5,0.00,HLT_Mu8_IP6_part0_v2/0,OR,L1_SingleMu22/1.00 L1_SingleMu25/1.00 L1_SingleMu6er1p5/0.00 L1_SingleMu7er1p5/0.00 L1_SingleMu8er1p5/0.00 L1_SingleMu9er1p5/1.00 L1_SingleMu10er1p5/1.00 L1_SingleMu12er1p5/1.00 L1_SingleMu14er1p5/1.00 L1_SingleMu18er1p5/1.00
320917,952,6,0.00,HLT_Mu8_IP6_part0_v2/0,OR,L1_SingleMu22/1.00 L1_SingleMu25/1.00 L1_SingleMu6er1p5/0.00 L1_SingleMu7er1p5/0.00 L1_SingleMu8er1p5/1.00 L1_SingleMu9er1p5/1.00 L1_SingleMu10er1p5/1.00 L1_SingleMu12er1p5/1.00 L1_SingleMu14er1p5/1.00 L1_SingleMu18er1p5/1.00
320917,1469,7,0.00,HLT_Mu8_IP6_part0_v2/0,OR,L1_SingleMu22/1.00 L1_SingleMu25/1.00 L1_SingleMu6er1p5/0.00 L1_SingleMu7er1p5/1.00 L1_SingleMu8er1p5/1.00 L1_SingleMu9er1p5/1.00 L1_SingleMu10er1p5/1.00 L1_SingleMu12er1p5/1.00 L1_SingleMu14er1p5/1.00 L1_SingleMu18er1p5/1.00
320917,1,2,0.00,HLT_Mu8_IP6_part0_v2/0,OR,L1_SingleMu22/1.00 L1_SingleMu25/1.00 L1_SingleMu6er1p5/0.00 L1_SingleMu7er1p5/0.00 L1_SingleMu8er1p5/0.00 L1_SingleMu9er1p5/0.00 L1_SingleMu10er1p5/0.00 L1_SingleMu12er1p5/0.00 L1_SingleMu14er1p5/0.00 L1_SingleMu18er1p5/0.00
320917,99,3,0.00,HLT_Mu8_IP6_part0_v2/0,OR,L1_SingleMu22/1.00 L1_SingleMu25/1.00 L1_SingleMu6er1p5/0.00 L1_SingleMu7er1p5/0.00 L1_SingleMu8er1p5/0.00 L1_SingleMu9er1p5/0.00 L1_SingleMu10er1p5/0.00 L1_SingleMu12er1p5/1.00 L1_SingleMu14er1p5/0.00 L1_SingleMu18er1p5/0.00
320917,326,4,0.00,HLT_Mu8_IP6_part0_v2/0,OR,L1_SingleMu22/1.00 L1_SingleMu25/1.00 L1_SingleMu6er1p5/0.00 L1_SingleMu7er1p5/0.00 L1_SingleMu8er1p5/0.00 L1_SingleMu9er1p5/0.00 L1_SingleMu10er1p5/1.00 L1_SingleMu12er1p5/1.00 L1_SingleMu14er1p5/1.00 L1_SingleMu18er1p5/1.00
320917,605,5,0.00,HLT_Mu8_IP6_part0_v2/0,OR,L1_SingleMu22/1.00 L1_SingleMu25/1.00 L1_SingleMu6er1p5/0.00 L1_SingleMu7er1p5/0.00 L1_SingleMu8er1p5/0.00 L1_SingleMu9er1p5/1.00 L1_SingleMu10er1p5/1.00 L1_SingleMu12er1p5/1.00 L1_SingleMu14er1p5/1.00 L1_SingleMu18er1p5/1.00
320917,952,6,0.00,HLT_Mu8_IP6_part0_v2/0,OR,L1_SingleMu22/1.00 L1_SingleMu25/1.00 L1_SingleMu6er1p5/0.00 L1_SingleMu7er1p5/0.00 L1_SingleMu8er1p5/1.00 L1_SingleMu9er1p5/1.00 L1_SingleMu10er1p5/1.00 L1_SingleMu12er1p5/1.00 L1_SingleMu14er1p5/1.00 L1_SingleMu18er1p5/1.00
320917,1469,7,0.00,HLT_Mu8_IP6_part0_v2/0,OR,L1_SingleMu22/1.00 L1_SingleMu25/1.00 L1_SingleMu6er1p5/0.00 L1_SingleMu7er1p5/1.00 L1_SingleMu8er1p5/1.00 L1_SingleMu9er1p5/1.00 L1_SingleMu10er1p5/1.00 L1_SingleMu12er1p5/1.00 L1_SingleMu14er1p5/1.00 L1_SingleMu18er1p5/1.00
320917,1,2,0.00,HLT_Mu8_IP6_part0_v2/0,OR,L1_SingleMu22/1.00 L1_SingleMu25/1.00 L1_SingleMu6er1p5/0.00 L1_SingleMu7er1p5/0.00 L1_SingleMu8er1p5/0.00 L1_SingleMu9er1p5/0.00 L1_SingleMu10er1p5/0.00 L1_SingleMu12er1p5/0.00 L1_SingleMu14er1p5/0.00 L1_SingleMu18er1p5/0.00
320917,99,3,0.00,HLT_Mu8_IP6_part0_v2/0,OR,L1_SingleMu22/1.00 L1_SingleMu25/1.00 L1_SingleMu6er1p5/0.00 L1_SingleMu7er1p5/0.00 L1_SingleMu8er1p5/0.00 L1_SingleMu9er1p5/0.00 L1_SingleMu10er1p5/0.00 L1_SingleMu12er1p5/1.00 L1_SingleMu14er1p5/0.00 L1_SingleMu18er1p5/0.00
320917,326,4,0.00,HLT_Mu8_IP6_part0_v2/0,OR,L1_SingleMu22/1.00 L1_SingleMu25/1.00 L1_SingleMu6er1p5/0.00 L1_SingleMu7er1p5/0.00 L1_SingleMu8er1p5/0.00 L1_SingleMu9er1p5/0.00 L1_SingleMu10er1p5/1.00 L1_SingleMu12er1p5/1.00 L1_SingleMu14er1p5/1.00 L1_SingleMu18er1p5/1.00
320917,605,5,0.00,HLT_Mu8_IP6_part0_v2/0,OR,L1_SingleMu22/1.00 L1_SingleMu25/1.00 L1_SingleMu6er1p5/0.00 L1_SingleMu7er1p5/0.00 L1_SingleMu8er1p5/0.00 L1_SingleMu9er1p5/1.00 L1_SingleMu10er1p5/1.00 L1_SingleMu12er1p5/1.00 L1_SingleMu14er1p5/1.00 L1_SingleMu18er1p5/1.00
320917,952,6,0.00,HLT_Mu8_IP6_part0_v2/0,OR,L1_SingleMu22/1.00 L1_SingleMu25/1.00 L1_SingleMu6er1p5/0.00 L1_SingleMu7er1p5/0.00 L1_SingleMu8er1p5/1.00 L1_SingleMu9er1p5/1.00 L1_SingleMu10er1p5/1.00 L1_SingleMu12er1p5/1.00 L1_SingleMu14er1p5/1.00 L1_SingleMu18er1p5/1.00
320917,1469,7,0.00,HLT_Mu8_IP6_part0_v2/0,OR,L1_SingleMu22/1.00 L1_SingleMu25/1.00 L1_SingleMu6er1p5/0.00 L1_SingleMu7er1p5/1.00 L1_SingleMu8er1p5/1.00 L1_SingleMu9er1p5/1.00 L1_SingleMu10er1p5/1.00 L1_SingleMu12er1p5/1.00 L1_SingleMu14er1p5/1.00 L1_SingleMu18er1p5/1.00
320917,1,2,0.00,HLT_Mu8_IP6_part0_v2/0,OR,L1_SingleMu22/1.00 L1_SingleMu25/1.00 L1_SingleMu6er1p5/0.00 L1_SingleMu7er1p5/0.00 L1_SingleMu8er1p5/0.00 L1_SingleMu9er1p5/0.00 L1_SingleMu10er1p5/0.00 L1_SingleMu12er1p5/0.00 L1_SingleMu14er1p5/0.00 L1_SingleMu18er1p5/0.00
320917,99,3,0.00,HLT_Mu8_IP6_part0_v2/0,OR,L1_SingleMu22/1.00 L1_SingleMu25/1.00 L1_SingleMu6er1p5/0.00 L1_SingleMu7er1p5/0.00 L1_SingleMu8er1p5/0.00 L1_SingleMu9er1p5/0.00 L1_SingleMu10er1p5/0.00 L1_SingleMu12er1p5/1.00 L1_SingleMu14er1p5/0.00 L1_SingleMu18er1p5/0.00
320917,326,4,0.00,HLT_Mu8_IP6_part0_v2/0,OR,L1_SingleMu22/1.00 L1_SingleMu25/1.00 L1_SingleMu6er1p5/0.00 L1_SingleMu7er1p5/0.00 L1_SingleMu8er1p5/0.00 L1_SingleMu9er1p5/0.00 L1_SingleMu10er1p5/1.00 L1_SingleMu12er1p5/1.00 L1_SingleMu14er1p5/1.00 L1_SingleMu18er1p5/1.00
320917,605,5,0.00,HLT_Mu8_IP6_part0_v2/0,OR,L1_SingleMu22/1.00 L1_SingleMu25/1.00 L1_SingleMu6er1p5/0.00 L1_SingleMu7er1p5/0.00 L1_SingleMu8er1p5/0.00 L1_SingleMu9er1p5/1.00 L1_SingleMu10er1p5/1.00 L1_SingleMu12er1p5/1.00 L1_SingleMu14er1p5/1.00 L1_SingleMu18er1p5/1.00
320917,952,6,0.00,HLT_Mu8_IP6_part0_v2/0,OR,L1_SingleMu22/1.00 L1_SingleMu25/1.00 L1_SingleMu6er1p5/0.00 L1_SingleMu7er1p5/0.00 L1_SingleMu8er1p5/1.00 L1_SingleMu9er1p5/1.00 L1_SingleMu10er1p5/1.00 L1_SingleMu12er1p5/1.00 L1_SingleMu14er1p5/1.00 L1_SingleMu18er1p5/1.00
320917,1469,7,0.00,HLT_Mu8_IP6_part0_v2/0,OR,L1_SingleMu22/1.00 L1_SingleMu25/1.00 L1_SingleMu6er1p5/0.00 L1_SingleMu7er1p5/1.00 L1_SingleMu8er1p5/1.00 L1_SingleMu9er1p5/1.00 L1_SingleMu10er1p5/1.00 L1_SingleMu12er1p5/1.00 L1_SingleMu14er1p5/1.00 L1_SingleMu18er1p5/1.00
320920,1,7,0.00,HLT_Mu8_IP6_part0_v2/0,OR,L1_SingleMu22/1.00 L1_SingleMu25/1.00 L1_SingleMu6er1p5/0.00 L1_SingleMu7er1p5/1.00 L1_SingleMu8er1p5/1.00 L1_SingleMu9er1p5/1.00 L1_SingleMu10er1p5/1.00 L1_SingleMu12er1p5/1.00 L1_SingleMu14er1p5/1.00 L1_SingleMu18er1p5/1.00
320933,1,2,0.00,HLT_Mu8_IP6_part0_v2/0,OR,L1_SingleMu22/1.00 L1_SingleMu25/1.00 L1_SingleMu6er1p5/0.00 L1_SingleMu7er1p5/0.00 L1_SingleMu8er1p5/0.00 L1_SingleMu9er1p5/0.00 L1_SingleMu10er1p5/0.00 L1_SingleMu12er1p5/0.00 L1_SingleMu14er1p5/0.00 L1_SingleMu18er1p5/0.00
320933,52,4,0.00,HLT_Mu8_IP6_part0_v2/0,OR,L1_SingleMu22/1.00 L1_SingleMu25/1.00 L1_SingleMu6er1p5/0.00 L1_SingleMu7er1p5/0.00 L1_SingleMu8er1p5/0.00 L1_SingleMu9er1p5/0.00 L1_SingleMu10er1p5/1.00 L1_SingleMu12er1p5/1.00 L1_SingleMu14er1p5/1.00 L1_SingleMu18er1p5/1.00
320934,1,4,0.00,HLT_Mu8_IP6_part0_v2/0,OR,L1_SingleMu22/1.00 L1_SingleMu25/1.00 L1_SingleMu6er1p5/0.00 L1_SingleMu7er1p5/0.00 L1_SingleMu8er1p5/0.00 L1_SingleMu9er1p5/0.00 L1_SingleMu10er1p5/1.00 L1_SingleMu12er1p5/1.00 L1_SingleMu14er1p5/1.00 L1_SingleMu18er1p5/1.00
320934,169,5,0.00,HLT_Mu8_IP6_part0_v2/0,OR,L1_SingleMu22/1.00 L1_SingleMu25/1.00 L1_SingleMu6er1p5/0.00 L1_SingleMu7er1p5/0.00 L1_SingleMu8er1p5/0.00 L1_SingleMu9er1p5/1.00 L1_SingleMu10er1p5/1.00 L1_SingleMu12er1p5/1.00 L1_SingleMu14er1p5/1.00 L1_SingleMu18er1p5/1.00
320934,530,6,0.00,HLT_Mu8_IP6_part0_v2/0,OR,L1_SingleMu22/1.00 L1_SingleMu25/1.00 L1_SingleMu6er1p5/0.00 L1_SingleMu7er1p5/0.00 L1_SingleMu8er1p5/1.00 L1_SingleMu9er1p5/1.00 L1_SingleMu10er1p5/1.00 L1_SingleMu12er1p5/1.00 L1_SingleMu14er1p5/1.00 L1_SingleMu18er1p5/1.00
320934,1,4,0.00,HLT_Mu8_IP6_part0_v2/0,OR,L1_SingleMu22/1.00 L1_SingleMu25/1.00 L1_SingleMu6er1p5/0.00 L1_SingleMu7er1p5/0.00 L1_SingleMu8er1p5/0.00 L1_SingleMu9er1p5/0.00 L1_SingleMu10er1p5/1.00 L1_SingleMu12er1p5/1.00 L1_SingleMu14er1p5/1.00 L1_SingleMu18er1p5/1.00
320934,169,5,0.00,HLT_Mu8_IP6_part0_v2/0,OR,L1_SingleMu22/1.00 L1_SingleMu25/1.00 L1_SingleMu6er1p5/0.00 L1_SingleMu7er1p5/0.00 L1_SingleMu8er1p5/0.00 L1_SingleMu9er1p5/1.00 L1_SingleMu10er1p5/1.00 L1_SingleMu12er1p5/1.00 L1_SingleMu14er1p5/1.00 L1_SingleMu18er1p5/1.00
320934,530,6,0.00,HLT_Mu8_IP6_part0_v2/0,OR,L1_SingleMu22/1.00 L1_SingleMu25/1.00 L1_SingleMu6er1p5/0.00 L1_SingleMu7er1p5/0.00 L1_SingleMu8er1p5/1.00 L1_SingleMu9er1p5/1.00 L1_SingleMu10er1p5/1.00 L1_SingleMu12er1p5/1.00 L1_SingleMu14er1p5/1.00 L1_SingleMu18er1p5/1.00
320936,1,6,0.00,HLT_Mu8_IP6_part0_v2/0,OR,L1_SingleMu22/1.00 L1_SingleMu25/1.00 L1_SingleMu6er1p5/0.00 L1_SingleMu7er1p5/0.00 L1_SingleMu8er1p5/1.00 L1_SingleMu9er1p5/1.00 L1_SingleMu10er1p5/1.00 L1_SingleMu12er1p5/1.00 L1_SingleMu14er1p5/1.00 L1_SingleMu18er1p5/1.00
320941,1,6,0.00,HLT_Mu8_IP6_part0_v2/0,OR,L1_SingleMu22/1.00 L1_SingleMu25/1.00 L1_SingleMu6er1p5/0.00 L1_SingleMu7er1p5/0.00 L1_SingleMu8er1p5/1.00 L1_SingleMu9er1p5/1.00 L1_SingleMu10er1p5/1.00 L1_SingleMu12er1p5/1.00 L1_SingleMu14er1p5/1.00 L1_SingleMu18er1p5/1.00
320941,4,7,0.00,HLT_Mu8_IP6_part0_v2/0,OR,L1_SingleMu22/1.00 L1_SingleMu25/1.00 L1_SingleMu6er1p5/0.00 L1_SingleMu7er1p5/1.00 L1_SingleMu8er1p5/1.00 L1_SingleMu9er1p5/1.00 L1_SingleMu10er1p5/1.00 L1_SingleMu12er1p5/1.00 L1_SingleMu14er1p5/1.00 L1_SingleMu18er1p5/1.00
320941,1,6,0.00,HLT_Mu8_IP6_part0_v2/0,OR,L1_SingleMu22/1.00 L1_SingleMu25/1.00 L1_SingleMu6er1p5/0.00 L1_SingleMu7er1p5/0.00 L1_SingleMu8er1p5/1.00 L1_SingleMu9er1p5/1.00 L1_SingleMu10er1p5/1.00 L1_SingleMu12er1p5/1.00 L1_SingleMu14er1p5/1.00 L1_SingleMu18er1p5/1.00
320941,4,7,0.00,HLT_Mu8_IP6_part0_v2/0,OR,L1_SingleMu22/1.00 L1_SingleMu25/1.00 L1_SingleMu6er1p5/0.00 L1_SingleMu7er1p5/1.00 L1_SingleMu8er1p5/1.00 L1_SingleMu9er1p5/1.00 L1_SingleMu10er1p5/1.00 L1_SingleMu12er1p5/1.00 L1_SingleMu14er1p5/1.00 L1_SingleMu18er1p5/1.00
320995,1,2,0.00,HLT_Mu8_IP6_part0_v2/0,OR,L1_SingleMu22/1.00 L1_SingleMu25/1.00 L1_SingleMu6er1p5/0.00 L1_SingleMu7er1p5/0.00 L1_SingleMu8er1p5/0.00 L1_SingleMu9er1p5/0.00 L1_SingleMu10er1p5/0.00 L1_SingleMu12er1p5/0.00 L1_SingleMu14er1p5/0.00 L1_SingleMu18er1p5/0.00
320995,4,12,0.00,HLT_Mu8_IP6_part0_v2/0,OR,L1_SingleMu22/1.00 L1_SingleMu25/1.00 L1_SingleMu6er1p5/0.00 L1_SingleMu7er1p5/0.00 L1_SingleMu8er1p5/1.00 L1_SingleMu9er1p5/1.00 L1_SingleMu10er1p5/1.00 L1_SingleMu12er1p5/1.00 L1_SingleMu14er1p5/1.00 L1_SingleMu18er1p5/1.00
320996,1,12,0.00,HLT_Mu8_IP6_part0_v2/0,OR,L1_SingleMu22/1.00 L1_SingleMu25/1.00 L1_SingleMu6er1p5/0.00 L1_SingleMu7er1p5/0.00 L1_SingleMu8er1p5/1.00 L1_SingleMu9er1p5/1.00 L1_SingleMu10er1p5/1.00 L1_SingleMu12er1p5/1.00 L1_SingleMu14er1p5/1.00 L1_SingleMu18er1p5/1.00
321004,1,2,0.00,HLT_Mu8_IP6_part0_v2/0,OR,L1_SingleMu22/1.00 L1_SingleMu25/1.00 L1_SingleMu6er1p5/0.00 L1_SingleMu7er1p5/0.00 L1_SingleMu8er1p5/0.00 L1_SingleMu9er1p5/0.00 L1_SingleMu10er1p5/0.00 L1_SingleMu12er1p5/0.00 L1_SingleMu14er1p5/0.00 L1_SingleMu18er1p5/0.00
321004,66,3,0.00,HLT_Mu8_IP6_part0_v2/0,OR,L1_SingleMu22/1.00 L1_SingleMu25/1.00 L1_SingleMu6er1p5/0.00 L1_SingleMu7er1p5/0.00 L1_SingleMu8er1p5/0.00 L1_SingleMu9er1p5/0.00 L1_SingleMu10er1p5/0.00 L1_SingleMu12er1p5/1.00 L1_SingleMu14er1p5/0.00 L1_SingleMu18er1p5/0.00
321004,165,4,0.00,HLT_Mu8_IP6_part0_v2/0,OR,L1_SingleMu22/1.00 L1_SingleMu25/1.00 L1_SingleMu6er1p5/0.00 L1_SingleMu7er1p5/0.00 L1_SingleMu8er1p5/0.00 L1_SingleMu9er1p5/0.00 L1_SingleMu10er1p5/1.00 L1_SingleMu12er1p5/1.00 L1_SingleMu14er1p5/1.00 L1_SingleMu18er1p5/1.00
321004,1,2,0.00,HLT_Mu8_IP6_part0_v2/0,OR,L1_SingleMu22/1.00 L1_SingleMu25/1.00 L1_SingleMu6er1p5/0.00 L1_SingleMu7er1p5/0.00 L1_SingleMu8er1p5/0.00 L1_SingleMu9er1p5/0.00 L1_SingleMu10er1p5/0.00 L1_SingleMu12er1p5/0.00 L1_SingleMu14er1p5/0.00 L1_SingleMu18er1p5/0.00
321004,66,3,0.00,HLT_Mu8_IP6_part0_v2/0,OR,L1_SingleMu22/1.00 L1_SingleMu25/1.00 L1_SingleMu6er1p5/0.00 L1_SingleMu7er1p5/0.00 L1_SingleMu8er1p5/0.00 L1_SingleMu9er1p5/0.00 L1_SingleMu10er1p5/0.00 L1_SingleMu12er1p5/1.00 L1_SingleMu14er1p5/0.00 L1_SingleMu18er1p5/0.00
321004,165,4,0.00,HLT_Mu8_IP6_part0_v2/0,OR,L1_SingleMu22/1.00 L1_SingleMu25/1.00 L1_SingleMu6er1p5/0.00 L1_SingleMu7er1p5/0.00 L1_SingleMu8er1p5/0.00 L1_SingleMu9er1p5/0.00 L1_SingleMu10er1p5/1.00 L1_SingleMu12er1p5/1.00 L1_SingleMu14er1p5/1.00 L1_SingleMu18er1p5/1.00
321005,1,4,0.00,HLT_Mu8_IP6_part0_v2/0,OR,L1_SingleMu22/1.00 L1_SingleMu25/1.00 L1_SingleMu6er1p5/0.00 L1_SingleMu7er1p5/0.00 L1_SingleMu8er1p5/0.00 L1_SingleMu9er1p5/0.00 L1_SingleMu10er1p5/1.00 L1_SingleMu12er1p5/1.00 L1_SingleMu14er1p5/1.00 L1_SingleMu18er1p5/1.00
321006,1,4,0.00,HLT_Mu8_IP6_part0_v2/0,OR,L1_SingleMu22/1.00 L1_SingleMu25/1.00 L1_SingleMu6er1p5/0.00 L1_SingleMu7er1p5/0.00 L1_SingleMu8er1p5/0.00 L1_SingleMu9er1p5/0.00 L1_SingleMu10er1p5/1.00 L1_SingleMu12er1p5/1.00 L1_SingleMu14er1p5/1.00 L1_SingleMu18er1p5/1.00
321007,1,4,0.00,HLT_Mu8_IP6_part0_v2/0,OR,L1_SingleMu22/1.00 L1_SingleMu25/1.00 L1_SingleMu6er1p5/0.00 L1_SingleMu7er1p5/0.00 L1_SingleMu8er1p5/0.00 L1_SingleMu9er1p5/0.00 L1_SingleMu10er1p5/1.00 L1_SingleMu12er1p5/1.00 L1_SingleMu14er1p5/1.00 L1_SingleMu18er1p5/1.00
321007,102,5,0.00,HLT_Mu8_IP6_part0_v2/0,OR,L1_SingleMu22/1.00 L1_SingleMu25/1.00 L1_SingleMu6er1p5/0.00 L1_SingleMu7er1p5/0.00 L1_SingleMu8er1p5/0.00 L1_SingleMu9er1p5/1.00 L1_SingleMu10er1p5/1.00 L1_SingleMu12er1p5/1.00 L1_SingleMu14er1p5/1.00 L1_SingleMu18er1p5/1.00
321007,433,6,0.00,HLT_Mu8_IP6_part0_v2/0,OR,L1_SingleMu22/1.00 L1_SingleMu25/1.00 L1_SingleMu6er1p5/0.00 L1_SingleMu7er1p5/0.00 L1_SingleMu8er1p5/1.00 L1_SingleMu9er1p5/1.00 L1_SingleMu10er1p5/1.00 L1_SingleMu12er1p5/1.00 L1_SingleMu14er1p5/1.00 L1_SingleMu18er1p5/1.00
321007,1,4,0.00,HLT_Mu8_IP6_part0_v2/0,OR,L1_SingleMu22/1.00 L1_SingleMu25/1.00 L1_SingleMu6er1p5/0.00 L1_SingleMu7er1p5/0.00 L1_SingleMu8er1p5/0.00 L1_SingleMu9er1p5/0.00 L1_SingleMu10er1p5/1.00 L1_SingleMu12er1p5/1.00 L1_SingleMu14er1p5/1.00 L1_SingleMu18er1p5/1.00
321007,102,5,0.00,HLT_Mu8_IP6_part0_v2/0,OR,L1_SingleMu22/1.00 L1_SingleMu25/1.00 L1_SingleMu6er1p5/0.00 L1_SingleMu7er1p5/0.00 L1_SingleMu8er1p5/0.00 L1_SingleMu9er1p5/1.00 L1_SingleMu10er1p5/1.00 L1_SingleMu12er1p5/1.00 L1_SingleMu14er1p5/1.00 L1_SingleMu18er1p5/1.00
321007,433,6,0.00,HLT_Mu8_IP6_part0_v2/0,OR,L1_SingleMu22/1.00 L1_SingleMu25/1.00 L1_SingleMu6er1p5/0.00 L1_SingleMu7er1p5/0.00 L1_SingleMu8er1p5/1.00 L1_SingleMu9er1p5/1.00 L1_SingleMu10er1p5/1.00 L1_SingleMu12er1p5/1.00 L1_SingleMu14er1p5/1.00 L1_SingleMu18er1p5/1.00
321009,1,6,0.00,HLT_Mu8_IP6_part0_v2/0,OR,L1_SingleMu22/1.00 L1_SingleMu25/1.00 L1_SingleMu6er1p5/0.00 L1_SingleMu7er1p5/0.00 L1_SingleMu8er1p5/1.00 L1_SingleMu9er1p5/1.00 L1_SingleMu10er1p5/1.00 L1_SingleMu12er1p5/1.00 L1_SingleMu14er1p5/1.00 L1_SingleMu18er1p5/1.00
321009,44,7,0.00,HLT_Mu8_IP6_part0_v2/0,OR,L1_SingleMu22/1.00 L1_SingleMu25/1.00 L1_SingleMu6er1p5/0.00 L1_SingleMu7er1p5/1.00 L1_SingleMu8er1p5/1.00 L1_SingleMu9er1p5/1.00 L1_SingleMu10er1p5/1.00 L1_SingleMu12er1p5/1.00 L1_SingleMu14er1p5/1.00 L1_SingleMu18er1p5/1.00
321009,1,6,0.00,HLT_Mu8_IP6_part0_v2/0,OR,L1_SingleMu22/1.00 L1_SingleMu25/1.00 L1_SingleMu6er1p5/0.00 L1_SingleMu7er1p5/0.00 L1_SingleMu8er1p5/1.00 L1_SingleMu9er1p5/1.00 L1_SingleMu10er1p5/1.00 L1_SingleMu12er1p5/1.00 L1_SingleMu14er1p5/1.00 L1_SingleMu18er1p5/1.00
321009,44,7,0.00,HLT_Mu8_IP6_part0_v2/0,OR,L1_SingleMu22/1.00 L1_SingleMu25/1.00 L1_SingleMu6er1p5/0.00 L1_SingleMu7er1p5/1.00 L1_SingleMu8er1p5/1.00 L1_SingleMu9er1p5/1.00 L1_SingleMu10er1p5/1.00 L1_SingleMu12er1p5/1.00 L1_SingleMu14er1p5/1.00 L1_SingleMu18er1p5/1.00
321010,1,7,0.00,HLT_Mu8_IP6_part0_v2/0,OR,L1_SingleMu22/1.00 L1_SingleMu25/1.00 L1_SingleMu6er1p5/0.00 L1_SingleMu7er1p5/1.00 L1_SingleMu8er1p5/1.00 L1_SingleMu9er1p5/1.00 L1_SingleMu10er1p5/1.00 L1_SingleMu12er1p5/1.00 L1_SingleMu14er1p5/1.00 L1_SingleMu18er1p5/1.00
321011,1,7,0.00,HLT_Mu8_IP6_part0_v2/0,OR,L1_SingleMu22/1.00 L1_SingleMu25/1.00 L1_SingleMu6er1p5/0.00 L1_SingleMu7er1p5/1.00 L1_SingleMu8er1p5/1.00 L1_SingleMu9er1p5/1.00 L1_SingleMu10er1p5/1.00 L1_SingleMu12er1p5/1.00 L1_SingleMu14er1p5/1.00 L1_SingleMu18er1p5/1.00
321012,1,7,0.00,HLT_Mu8_IP6_part0_v2/0,OR,L1_SingleMu22/1.00 L1_SingleMu25/1.00 L1_SingleMu6er1p5/0.00 L1_SingleMu7er1p5/1.00 L1_SingleMu8er1p5/1.00 L1_SingleMu9er1p5/1.00 L1_SingleMu10er1p5/1.00 L1_SingleMu12er1p5/1.00 L1_SingleMu14er1p5/1.00 L1_SingleMu18er1p5/1.00
321051,1,2,0.00,HLT_Mu8_IP6_part0_v2/0,OR,L1_SingleMu22/1.00 L1_SingleMu25/1.00 L1_SingleMu6er1p5/0.00 L1_SingleMu7er1p5/0.00 L1_SingleMu8er1p5/0.00 L1_SingleMu9er1p5/0.00 L1_SingleMu10er1p5/0.00 L1_SingleMu12er1p5/0.00 L1_SingleMu14er1p5/0.00 L1_SingleMu18er1p5/0.00
321051,209,3,0.00,HLT_Mu8_IP6_part0_v2/0,OR,L1_SingleMu22/1.00 L1_SingleMu25/1.00 L1_SingleMu6er1p5/0.00 L1_SingleMu7er1p5/0.00 L1_SingleMu8er1p5/0.00 L1_SingleMu9er1p5/0.00 L1_SingleMu10er1p5/0.00 L1_SingleMu12er1p5/1.00 L1_SingleMu14er1p5/0.00 L1_SingleMu18er1p5/0.00
321051,454,4,0.00,HLT_Mu8_IP6_part0_v2/0,OR,L1_SingleMu22/1.00 L1_SingleMu25/1.00 L1_SingleMu6er1p5/0.00 L1_SingleMu7er1p5/0.00 L1_SingleMu8er1p5/0.00 L1_SingleMu9er1p5/0.00 L1_SingleMu10er1p5/1.00 L1_SingleMu12er1p5/1.00 L1_SingleMu14er1p5/1.00 L1_SingleMu18er1p5/1.00
321051,716,5,0.00,HLT_Mu8_IP6_part0_v2/0,OR,L1_SingleMu22/1.00 L1_SingleMu25/1.00 L1_SingleMu6er1p5/0.00 L1_SingleMu7er1p5/0.00 L1_SingleMu8er1p5/0.00 L1_SingleMu9er1p5/1.00 L1_SingleMu10er1p5/1.00 L1_SingleMu12er1p5/1.00 L1_SingleMu14er1p5/1.00 L1_SingleMu18er1p5/1.00
321051,1049,6,0.00,HLT_Mu8_IP6_part0_v2/0,OR,L1_SingleMu22/1.00 L1_SingleMu25/1.00 L1_SingleMu6er1p5/0.00 L1_SingleMu7er1p5/0.00 L1_SingleMu8er1p5/1.00 L1_SingleMu9er1p5/1.00 L1_SingleMu10er1p5/1.00 L1_SingleMu12er1p5/1.00 L1_SingleMu14er1p5/1.00 L1_SingleMu18er1p5/1.00
321051,1,2,0.00,HLT_Mu8_IP6_part0_v2/0,OR,L1_SingleMu22/1.00 L1_SingleMu25/1.00 L1_SingleMu6er1p5/0.00 L1_SingleMu7er1p5/0.00 L1_SingleMu8er1p5/0.00 L1_SingleMu9er1p5/0.00 L1_SingleMu10er1p5/0.00 L1_SingleMu12er1p5/0.00 L1_SingleMu14er1p5/0.00 L1_SingleMu18er1p5/0.00
321051,209,3,0.00,HLT_Mu8_IP6_part0_v2/0,OR,L1_SingleMu22/1.00 L1_SingleMu25/1.00 L1_SingleMu6er1p5/0.00 L1_SingleMu7er1p5/0.00 L1_SingleMu8er1p5/0.00 L1_SingleMu9er1p5/0.00 L1_SingleMu10er1p5/0.00 L1_SingleMu12er1p5/1.00 L1_SingleMu14er1p5/0.00 L1_SingleMu18er1p5/0.00
321051,454,4,0.00,HLT_Mu8_IP6_part0_v2/0,OR,L1_SingleMu22/1.00 L1_SingleMu25/1.00 L1_SingleMu6er1p5/0.00 L1_SingleMu7er1p5/0.00 L1_SingleMu8er1p5/0.00 L1_SingleMu9er1p5/0.00 L1_SingleMu10er1p5/1.00 L1_SingleMu12er1p5/1.00 L1_SingleMu14er1p5/1.00 L1_SingleMu18er1p5/1.00
321051,716,5,0.00,HLT_Mu8_IP6_part0_v2/0,OR,L1_SingleMu22/1.00 L1_SingleMu25/1.00 L1_SingleMu6er1p5/0.00 L1_SingleMu7er1p5/0.00 L1_SingleMu8er1p5/0.00 L1_SingleMu9er1p5/1.00 L1_SingleMu10er1p5/1.00 L1_SingleMu12er1p5/1.00 L1_SingleMu14er1p5/1.00 L1_SingleMu18er1p5/1.00
321051,1049,6,0.00,HLT_Mu8_IP6_part0_v2/0,OR,L1_SingleMu22/1.00 L1_SingleMu25/1.00 L1_SingleMu6er1p5/0.00 L1_SingleMu7er1p5/0.00 L1_SingleMu8er1p5/1.00 L1_SingleMu9er1p5/1.00 L1_SingleMu10er1p5/1.00 L1_SingleMu12er1p5/1.00 L1_SingleMu14er1p5/1.00 L1_SingleMu18er1p5/1.00
321051,1,2,0.00,HLT_Mu8_IP6_part0_v2/0,OR,L1_SingleMu22/1.00 L1_SingleMu25/1.00 L1_SingleMu6er1p5/0.00 L1_SingleMu7er1p5/0.00 L1_SingleMu8er1p5/0.00 L1_SingleMu9er1p5/0.00 L1_SingleMu10er1p5/0.00 L1_SingleMu12er1p5/0.00 L1_SingleMu14er1p5/0.00 L1_SingleMu18er1p5/0.00
321051,209,3,0.00,HLT_Mu8_IP6_part0_v2/0,OR,L1_SingleMu22/1.00 L1_SingleMu25/1.00 L1_SingleMu6er1p5/0.00 L1_SingleMu7er1p5/0.00 L1_SingleMu8er1p5/0.00 L1_SingleMu9er1p5/0.00 L1_SingleMu10er1p5/0.00 L1_SingleMu12er1p5/1.00 L1_SingleMu14er1p5/0.00 L1_SingleMu18er1p5/0.00
321051,454,4,0.00,HLT_Mu8_IP6_part0_v2/0,OR,L1_SingleMu22/1.00 L1_SingleMu25/1.00 L1_SingleMu6er1p5/0.00 L1_SingleMu7er1p5/0.00 L1_SingleMu8er1p5/0.00 L1_SingleMu9er1p5/0.00 L1_SingleMu10er1p5/1.00 L1_SingleMu12er1p5/1.00 L1_SingleMu14er1p5/1.00 L1_SingleMu18er1p5/1.00
321051,716,5,0.00,HLT_Mu8_IP6_part0_v2/0,OR,L1_SingleMu22/1.00 L1_SingleMu25/1.00 L1_SingleMu6er1p5/0.00 L1_SingleMu7er1p5/0.00 L1_SingleMu8er1p5/0.00 L1_SingleMu9er1p5/1.00 L1_SingleMu10er1p5/1.00 L1_SingleMu12er1p5/1.00 L1_SingleMu14er1p5/1.00 L1_SingleMu18er1p5/1.00
321051,1049,6,0.00,HLT_Mu8_IP6_part0_v2/0,OR,L1_SingleMu22/1.00 L1_SingleMu25/1.00 L1_SingleMu6er1p5/0.00 L1_SingleMu7er1p5/0.00 L1_SingleMu8er1p5/1.00 L1_SingleMu9er1p5/1.00 L1_SingleMu10er1p5/1.00 L1_SingleMu12er1p5/1.00 L1_SingleMu14er1p5/1.00 L1_SingleMu18er1p5/1.00
321055,1,6,0.00,HLT_Mu8_IP6_part0_v2/0,OR,L1_SingleMu22/1.00 L1_SingleMu25/1.00 L1_SingleMu6er1p5/0.00 L1_SingleMu7er1p5/0.00 L1_SingleMu8er1p5/1.00 L1_SingleMu9er1p5/1.00 L1_SingleMu10er1p5/1.00 L1_SingleMu12er1p5/1.00 L1_SingleMu14er1p5/1.00 L1_SingleMu18er1p5/1.00
321055,350,7,0.00,HLT_Mu8_IP6_part0_v2/0,OR,L1_SingleMu22/1.00 L1_SingleMu25/1.00 L1_SingleMu6er1p5/0.00 L1_SingleMu7er1p5/1.00 L1_SingleMu8er1p5/1.00 L1_SingleMu9er1p5/1.00 L1_SingleMu10er1p5/1.00 L1_SingleMu12er1p5/1.00 L1_SingleMu14er1p5/1.00 L1_SingleMu18er1p5/1.00
321055,1,6,0.00,HLT_Mu8_IP6_part0_v2/0,OR,L1_SingleMu22/1.00 L1_SingleMu25/1.00 L1_SingleMu6er1p5/0.00 L1_SingleMu7er1p5/0.00 L1_SingleMu8er1p5/1.00 L1_SingleMu9er1p5/1.00 L1_SingleMu10er1p5/1.00 L1_SingleMu12er1p5/1.00 L1_SingleMu14er1p5/1.00 L1_SingleMu18er1p5/1.00
321055,350,7,0.00,HLT_Mu8_IP6_part0_v2/0,OR,L1_SingleMu22/1.00 L1_SingleMu25/1.00 L1_SingleMu6er1p5/0.00 L1_SingleMu7er1p5/1.00 L1_SingleMu8er1p5/1.00 L1_SingleMu9er1p5/1.00 L1_SingleMu10er1p5/1.00 L1_SingleMu12er1p5/1.00 L1_SingleMu14er1p5/1.00 L1_SingleMu18er1p5/1.00
321067,1,2,0.00,HLT_Mu8_IP6_part0_v2/0,OR,L1_SingleMu22/1.00 L1_SingleMu25/1.00 L1_SingleMu6er1p5/0.00 L1_SingleMu7er1p5/0.00 L1_SingleMu8er1p5/0.00 L1_SingleMu9er1p5/0.00 L1_SingleMu10er1p5/0.00 L1_SingleMu12er1p5/0.00 L1_SingleMu14er1p5/0.00 L1_SingleMu18er1p5/0.00
321067,42,3,0.00,HLT_Mu8_IP6_part0_v2/0,OR,L1_SingleMu22/1.00 L1_SingleMu25/1.00 L1_SingleMu6er1p5/0.00 L1_SingleMu7er1p5/0.00 L1_SingleMu8er1p5/0.00 L1_SingleMu9er1p5/0.00 L1_SingleMu10er1p5/0.00 L1_SingleMu12er1p5/1.00 L1_SingleMu14er1p5/0.00 L1_SingleMu18er1p5/0.00
321067,401,4,0.00,HLT_Mu8_IP6_part0_v2/0,OR,L1_SingleMu22/1.00 L1_SingleMu25/1.00 L1_SingleMu6er1p5/0.00 L1_SingleMu7er1p5/0.00 L1_SingleMu8er1p5/0.00 L1_SingleMu9er1p5/0.00 L1_SingleMu10er1p5/1.00 L1_SingleMu12er1p5/1.00 L1_SingleMu14er1p5/1.00 L1_SingleMu18er1p5/1.00
321067,530,5,0.00,HLT_Mu8_IP6_part0_v2/0,OR,L1_SingleMu22/1.00 L1_SingleMu25/1.00 L1_SingleMu6er1p5/0.00 L1_SingleMu7er1p5/0.00 L1_SingleMu8er1p5/0.00 L1_SingleMu9er1p5/1.00 L1_SingleMu10er1p5/1.00 L1_SingleMu12er1p5/1.00 L1_SingleMu14er1p5/1.00 L1_SingleMu18er1p5/1.00
321067,1,2,0.00,HLT_Mu8_IP6_part0_v2/0,OR,L1_SingleMu22/1.00 L1_SingleMu25/1.00 L1_SingleMu6er1p5/0.00 L1_SingleMu7er1p5/0.00 L1_SingleMu8er1p5/0.00 L1_SingleMu9er1p5/0.00 L1_SingleMu10er1p5/0.00 L1_SingleMu12er1p5/0.00 L1_SingleMu14er1p5/0.00 L1_SingleMu18er1p5/0.00
321067,42,3,0.00,HLT_Mu8_IP6_part0_v2/0,OR,L1_SingleMu22/1.00 L1_SingleMu25/1.00 L1_SingleMu6er1p5/0.00 L1_SingleMu7er1p5/0.00 L1_SingleMu8er1p5/0.00 L1_SingleMu9er1p5/0.00 L1_SingleMu10er1p5/0.00 L1_SingleMu12er1p5/1.00 L1_SingleMu14er1p5/0.00 L1_SingleMu18er1p5/0.00
321067,401,4,0.00,HLT_Mu8_IP6_part0_v2/0,OR,L1_SingleMu22/1.00 L1_SingleMu25/1.00 L1_SingleMu6er1p5/0.00 L1_SingleMu7er1p5/0.00 L1_SingleMu8er1p5/0.00 L1_SingleMu9er1p5/0.00 L1_SingleMu10er1p5/1.00 L1_SingleMu12er1p5/1.00 L1_SingleMu14er1p5/1.00 L1_SingleMu18er1p5/1.00
321067,530,5,0.00,HLT_Mu8_IP6_part0_v2/0,OR,L1_SingleMu22/1.00 L1_SingleMu25/1.00 L1_SingleMu6er1p5/0.00 L1_SingleMu7er1p5/0.00 L1_SingleMu8er1p5/0.00 L1_SingleMu9er1p5/1.00 L1_SingleMu10er1p5/1.00 L1_SingleMu12er1p5/1.00 L1_SingleMu14er1p5/1.00 L1_SingleMu18er1p5/1.00
321067,1,2,0.00,HLT_Mu8_IP6_part0_v2/0,OR,L1_SingleMu22/1.00 L1_SingleMu25/1.00 L1_SingleMu6er1p5/0.00 L1_SingleMu7er1p5/0.00 L1_SingleMu8er1p5/0.00 L1_SingleMu9er1p5/0.00 L1_SingleMu10er1p5/0.00 L1_SingleMu12er1p5/0.00 L1_SingleMu14er1p5/0.00 L1_SingleMu18er1p5/0.00
321067,42,3,0.00,HLT_Mu8_IP6_part0_v2/0,OR,L1_SingleMu22/1.00 L1_SingleMu25/1.00 L1_SingleMu6er1p5/0.00 L1_SingleMu7er1p5/0.00 L1_SingleMu8er1p5/0.00 L1_SingleMu9er1p5/0.00 L1_SingleMu10er1p5/0.00 L1_SingleMu12er1p5/1.00 L1_SingleMu14er1p5/0.00 L1_SingleMu18er1p5/0.00
321067,401,4,0.00,HLT_Mu8_IP6_part0_v2/0,OR,L1_SingleMu22/1.00 L1_SingleMu25/1.00 L1_SingleMu6er1p5/0.00 L1_SingleMu7er1p5/0.00 L1_SingleMu8er1p5/0.00 L1_SingleMu9er1p5/0.00 L1_SingleMu10er1p5/1.00 L1_SingleMu12er1p5/1.00 L1_SingleMu14er1p5/1.00 L1_SingleMu18er1p5/1.00
321067,530,5,0.00,HLT_Mu8_IP6_part0_v2/0,OR,L1_SingleMu22/1.00 L1_SingleMu25/1.00 L1_SingleMu6er1p5/0.00 L1_SingleMu7er1p5/0.00 L1_SingleMu8er1p5/0.00 L1_SingleMu9er1p5/1.00 L1_SingleMu10er1p5/1.00 L1_SingleMu12er1p5/1.00 L1_SingleMu14er1p5/1.00 L1_SingleMu18er1p5/1.00
321068,1,5,0.00,HLT_Mu8_IP6_part0_v2/0,OR,L1_SingleMu22/1.00 L1_SingleMu25/1.00 L1_SingleMu6er1p5/0.00 L1_SingleMu7er1p5/0.00 L1_SingleMu8er1p5/0.00 L1_SingleMu9er1p5/1.00 L1_SingleMu10er1p5/1.00 L1_SingleMu12er1p5/1.00 L1_SingleMu14er1p5/1.00 L1_SingleMu18er1p5/1.00
321068,179,6,0.00,HLT_Mu8_IP6_part0_v2/0,OR,L1_SingleMu22/1.00 L1_SingleMu25/1.00 L1_SingleMu6er1p5/0.00 L1_SingleMu7er1p5/0.00 L1_SingleMu8er1p5/1.00 L1_SingleMu9er1p5/1.00 L1_SingleMu10er1p5/1.00 L1_SingleMu12er1p5/1.00 L1_SingleMu14er1p5/1.00 L1_SingleMu18er1p5/1.00
321068,647,7,0.00,HLT_Mu8_IP6_part0_v2/0,OR,L1_SingleMu22/1.00 L1_SingleMu25/1.00 L1_SingleMu6er1p5/0.00 L1_SingleMu7er1p5/1.00 L1_SingleMu8er1p5/1.00 L1_SingleMu9er1p5/1.00 L1_SingleMu10er1p5/1.00 L1_SingleMu12er1p5/1.00 L1_SingleMu14er1p5/1.00 L1_SingleMu18er1p5/1.00
321068,1,5,0.00,HLT_Mu8_IP6_part0_v2/0,OR,L1_SingleMu22/1.00 L1_SingleMu25/1.00 L1_SingleMu6er1p5/0.00 L1_SingleMu7er1p5/0.00 L1_SingleMu8er1p5/0.00 L1_SingleMu9er1p5/1.00 L1_SingleMu10er1p5/1.00 L1_SingleMu12er1p5/1.00 L1_SingleMu14er1p5/1.00 L1_SingleMu18er1p5/1.00
321068,179,6,0.00,HLT_Mu8_IP6_part0_v2/0,OR,L1_SingleMu22/1.00 L1_SingleMu25/1.00 L1_SingleMu6er1p5/0.00 L1_SingleMu7er1p5/0.00 L1_SingleMu8er1p5/1.00 L1_SingleMu9er1p5/1.00 L1_SingleMu10er1p5/1.00 L1_SingleMu12er1p5/1.00 L1_SingleMu14er1p5/1.00 L1_SingleMu18er1p5/1.00
321068,647,7,0.00,HLT_Mu8_IP6_part0_v2/0,OR,L1_SingleMu22/1.00 L1_SingleMu25/1.00 L1_SingleMu6er1p5/0.00 L1_SingleMu7er1p5/1.00 L1_SingleMu8er1p5/1.00 L1_SingleMu9er1p5/1.00 L1_SingleMu10er1p5/1.00 L1_SingleMu12er1p5/1.00 L1_SingleMu14er1p5/1.00 L1_SingleMu18er1p5/1.00
321069,1,7,0.00,HLT_Mu8_IP6_part0_v2/0,OR,L1_SingleMu22/1.00 L1_SingleMu25/1.00 L1_SingleMu6er1p5/0.00 L1_SingleMu7er1p5/1.00 L1_SingleMu8er1p5/1.00 L1_SingleMu9er1p5/1.00 L1_SingleMu10er1p5/1.00 L1_SingleMu12er1p5/1.00 L1_SingleMu14er1p5/1.00 L1_SingleMu18er1p5/1.00
321121,1,3,0.00,HLT_Mu8_IP6_part0_v2/0,OR,L1_SingleMu22/1.00 L1_SingleMu25/1.00 L1_SingleMu6er1p5/0.00 L1_SingleMu7er1p5/0.00 L1_SingleMu8er1p5/0.00 L1_SingleMu9er1p5/0.00 L1_SingleMu10er1p5/0.00 L1_SingleMu12er1p5/1.00 L1_SingleMu14er1p5/0.00 L1_SingleMu18er1p5/0.00
321122,1,3,0.00,HLT_Mu8_IP6_part0_v2/0,OR,L1_SingleMu22/1.00 L1_SingleMu25/1.00 L1_SingleMu6er1p5/0.00 L1_SingleMu7er1p5/0.00 L1_SingleMu8er1p5/0.00 L1_SingleMu9er1p5/0.00 L1_SingleMu10er1p5/0.00 L1_SingleMu12er1p5/1.00 L1_SingleMu14er1p5/0.00 L1_SingleMu18er1p5/0.00
321122,212,4,0.00,HLT_Mu8_IP6_part0_v2/0,OR,L1_SingleMu22/1.00 L1_SingleMu25/1.00 L1_SingleMu6er1p5/0.00 L1_SingleMu7er1p5/0.00 L1_SingleMu8er1p5/0.00 L1_SingleMu9er1p5/0.00 L1_SingleMu10er1p5/1.00 L1_SingleMu12er1p5/1.00 L1_SingleMu14er1p5/1.00 L1_SingleMu18er1p5/1.00
321122,1,3,0.00,HLT_Mu8_IP6_part0_v2/0,OR,L1_SingleMu22/1.00 L1_SingleMu25/1.00 L1_SingleMu6er1p5/0.00 L1_SingleMu7er1p5/0.00 L1_SingleMu8er1p5/0.00 L1_SingleMu9er1p5/0.00 L1_SingleMu10er1p5/0.00 L1_SingleMu12er1p5/1.00 L1_SingleMu14er1p5/0.00 L1_SingleMu18er1p5/0.00
321122,212,4,0.00,HLT_Mu8_IP6_part0_v2/0,OR,L1_SingleMu22/1.00 L1_SingleMu25/1.00 L1_SingleMu6er1p5/0.00 L1_SingleMu7er1p5/0.00 L1_SingleMu8er1p5/0.00 L1_SingleMu9er1p5/0.00 L1_SingleMu10er1p5/1.00 L1_SingleMu12er1p5/1.00 L1_SingleMu14er1p5/1.00 L1_SingleMu18er1p5/1.00
321124,1,4,0.00,HLT_Mu8_IP6_part0_v2/0,OR,L1_SingleMu22/1.00 L1_SingleMu25/1.00 L1_SingleMu6er1p5/0.00 L1_SingleMu7er1p5/0.00 L1_SingleMu8er1p5/0.00 L1_SingleMu9er1p5/0.00 L1_SingleMu10er1p5/1.00 L1_SingleMu12er1p5/1.00 L1_SingleMu14er1p5/1.00 L1_SingleMu18er1p5/1.00
321124,116,5,0.00,HLT_Mu8_IP6_part0_v2/0,OR,L1_SingleMu22/1.00 L1_SingleMu25/1.00 L1_SingleMu6er1p5/0.00 L1_SingleMu7er1p5/0.00 L1_SingleMu8er1p5/0.00 L1_SingleMu9er1p5/1.00 L1_SingleMu10er1p5/1.00 L1_SingleMu12er1p5/1.00 L1_SingleMu14er1p5/1.00 L1_SingleMu18er1p5/1.00
321124,397,6,0.00,HLT_Mu8_IP6_part0_v2/0,OR,L1_SingleMu22/1.00 L1_SingleMu25/1.00 L1_SingleMu6er1p5/0.00 L1_SingleMu7er1p5/0.00 L1_SingleMu8er1p5/1.00 L1_SingleMu9er1p5/1.00 L1_SingleMu10er1p5/1.00 L1_SingleMu12er1p5/1.00 L1_SingleMu14er1p5/1.00 L1_SingleMu18er1p5/1.00
321124,1,4,0.00,HLT_Mu8_IP6_part0_v2/0,OR,L1_SingleMu22/1.00 L1_SingleMu25/1.00 L1_SingleMu6er1p5/0.00 L1_SingleMu7er1p5/0.00 L1_SingleMu8er1p5/0.00 L1_SingleMu9er1p5/0.00 L1_SingleMu10er1p5/1.00 L1_SingleMu12er1p5/1.00 L1_SingleMu14er1p5/1.00 L1_SingleMu18er1p5/1.00
321124,116,5,0.00,HLT_Mu8_IP6_part0_v2/0,OR,L1_SingleMu22/1.00 L1_SingleMu25/1.00 L1_SingleMu6er1p5/0.00 L1_SingleMu7er1p5/0.00 L1_SingleMu8er1p5/0.00 L1_SingleMu9er1p5/1.00 L1_SingleMu10er1p5/1.00 L1_SingleMu12er1p5/1.00 L1_SingleMu14er1p5/1.00 L1_SingleMu18er1p5/1.00
321124,397,6,0.00,HLT_Mu8_IP6_part0_v2/0,OR,L1_SingleMu22/1.00 L1_SingleMu25/1.00 L1_SingleMu6er1p5/0.00 L1_SingleMu7er1p5/0.00 L1_SingleMu8er1p5/1.00 L1_SingleMu9er1p5/1.00 L1_SingleMu10er1p5/1.00 L1_SingleMu12er1p5/1.00 L1_SingleMu14er1p5/1.00 L1_SingleMu18er1p5/1.00
321126,1,2,0.00,HLT_Mu8_IP6_part0_v2/0,OR,L1_SingleMu22/1.00 L1_SingleMu25/1.00 L1_SingleMu6er1p5/0.00 L1_SingleMu7er1p5/0.00 L1_SingleMu8er1p5/0.00 L1_SingleMu9er1p5/0.00 L1_SingleMu10er1p5/0.00 L1_SingleMu12er1p5/0.00 L1_SingleMu14er1p5/0.00 L1_SingleMu18er1p5/0.00
321126,14,6,0.00,HLT_Mu8_IP6_part0_v2/0,OR,L1_SingleMu22/1.00 L1_SingleMu25/1.00 L1_SingleMu6er1p5/0.00 L1_SingleMu7er1p5/0.00 L1_SingleMu8er1p5/1.00 L1_SingleMu9er1p5/1.00 L1_SingleMu10er1p5/1.00 L1_SingleMu12er1p5/1.00 L1_SingleMu14er1p5/1.00 L1_SingleMu18er1p5/1.00
321126,110,7,0.00,HLT_Mu8_IP6_part0_v2/0,OR,L1_SingleMu22/1.00 L1_SingleMu25/1.00 L1_SingleMu6er1p5/0.00 L1_SingleMu7er1p5/1.00 L1_SingleMu8er1p5/1.00 L1_SingleMu9er1p5/1.00 L1_SingleMu10er1p5/1.00 L1_SingleMu12er1p5/1.00 L1_SingleMu14er1p5/1.00 L1_SingleMu18er1p5/1.00
321126,1,2,0.00,HLT_Mu8_IP6_part0_v2/0,OR,L1_SingleMu22/1.00 L1_SingleMu25/1.00 L1_SingleMu6er1p5/0.00 L1_SingleMu7er1p5/0.00 L1_SingleMu8er1p5/0.00 L1_SingleMu9er1p5/0.00 L1_SingleMu10er1p5/0.00 L1_SingleMu12er1p5/0.00 L1_SingleMu14er1p5/0.00 L1_SingleMu18er1p5/0.00
321126,14,6,0.00,HLT_Mu8_IP6_part0_v2/0,OR,L1_SingleMu22/1.00 L1_SingleMu25/1.00 L1_SingleMu6er1p5/0.00 L1_SingleMu7er1p5/0.00 L1_SingleMu8er1p5/1.00 L1_SingleMu9er1p5/1.00 L1_SingleMu10er1p5/1.00 L1_SingleMu12er1p5/1.00 L1_SingleMu14er1p5/1.00 L1_SingleMu18er1p5/1.00
321126,110,7,0.00,HLT_Mu8_IP6_part0_v2/0,OR,L1_SingleMu22/1.00 L1_SingleMu25/1.00 L1_SingleMu6er1p5/0.00 L1_SingleMu7er1p5/1.00 L1_SingleMu8er1p5/1.00 L1_SingleMu9er1p5/1.00 L1_SingleMu10er1p5/1.00 L1_SingleMu12er1p5/1.00 L1_SingleMu14er1p5/1.00 L1_SingleMu18er1p5/1.00
321134,1,2,0.00,HLT_Mu8_IP6_part0_v2/0,OR,L1_SingleMu22/1.00 L1_SingleMu25/1.00 L1_SingleMu6er1p5/0.00 L1_SingleMu7er1p5/0.00 L1_SingleMu8er1p5/0.00 L1_SingleMu9er1p5/0.00 L1_SingleMu10er1p5/0.00 L1_SingleMu12er1p5/0.00 L1_SingleMu14er1p5/0.00 L1_SingleMu18er1p5/0.00
321134,35,5,0.00,HLT_Mu8_IP6_part0_v2/0,OR,L1_SingleMu22/1.00 L1_SingleMu25/1.00 L1_SingleMu6er1p5/0.00 L1_SingleMu7er1p5/0.00 L1_SingleMu8er1p5/0.00 L1_SingleMu9er1p5/1.00 L1_SingleMu10er1p5/1.00 L1_SingleMu12er1p5/1.00 L1_SingleMu14er1p5/1.00 L1_SingleMu18er1p5/1.00
321138,1,5,0.00,HLT_Mu8_IP6_part0_v2/0,OR,L1_SingleMu22/1.00 L1_SingleMu25/1.00 L1_SingleMu6er1p5/0.00 L1_SingleMu7er1p5/0.00 L1_SingleMu8er1p5/0.00 L1_SingleMu9er1p5/1.00 L1_SingleMu10er1p5/1.00 L1_SingleMu12er1p5/1.00 L1_SingleMu14er1p5/1.00 L1_SingleMu18er1p5/1.00
321138,105,6,0.00,HLT_Mu8_IP6_part0_v2/0,OR,L1_SingleMu22/1.00 L1_SingleMu25/1.00 L1_SingleMu6er1p5/0.00 L1_SingleMu7er1p5/0.00 L1_SingleMu8er1p5/1.00 L1_SingleMu9er1p5/1.00 L1_SingleMu10er1p5/1.00 L1_SingleMu12er1p5/1.00 L1_SingleMu14er1p5/1.00 L1_SingleMu18er1p5/1.00
321138,647,7,0.00,HLT_Mu8_IP6_part0_v2/0,OR,L1_SingleMu22/1.00 L1_SingleMu25/1.00 L1_SingleMu6er1p5/0.00 L1_SingleMu7er1p5/1.00 L1_SingleMu8er1p5/1.00 L1_SingleMu9er1p5/1.00 L1_SingleMu10er1p5/1.00 L1_SingleMu12er1p5/1.00 L1_SingleMu14er1p5/1.00 L1_SingleMu18er1p5/1.00
321138,1,5,0.00,HLT_Mu8_IP6_part0_v2/0,OR,L1_SingleMu22/1.00 L1_SingleMu25/1.00 L1_SingleMu6er1p5/0.00 L1_SingleMu7er1p5/0.00 L1_SingleMu8er1p5/0.00 L1_SingleMu9er1p5/1.00 L1_SingleMu10er1p5/1.00 L1_SingleMu12er1p5/1.00 L1_SingleMu14er1p5/1.00 L1_SingleMu18er1p5/1.00
321138,105,6,0.00,HLT_Mu8_IP6_part0_v2/0,OR,L1_SingleMu22/1.00 L1_SingleMu25/1.00 L1_SingleMu6er1p5/0.00 L1_SingleMu7er1p5/0.00 L1_SingleMu8er1p5/1.00 L1_SingleMu9er1p5/1.00 L1_SingleMu10er1p5/1.00 L1_SingleMu12er1p5/1.00 L1_SingleMu14er1p5/1.00 L1_SingleMu18er1p5/1.00
321138,647,7,0.00,HLT_Mu8_IP6_part0_v2/0,OR,L1_SingleMu22/1.00 L1_SingleMu25/1.00 L1_SingleMu6er1p5/0.00 L1_SingleMu7er1p5/1.00 L1_SingleMu8er1p5/1.00 L1_SingleMu9er1p5/1.00 L1_SingleMu10er1p5/1.00 L1_SingleMu12er1p5/1.00 L1_SingleMu14er1p5/1.00 L1_SingleMu18er1p5/1.00
321140,1,7,0.00,HLT_Mu8_IP6_part0_v2/0,OR,L1_SingleMu22/1.00 L1_SingleMu25/1.00 L1_SingleMu6er1p5/0.00 L1_SingleMu7er1p5/1.00 L1_SingleMu8er1p5/1.00 L1_SingleMu9er1p5/1.00 L1_SingleMu10er1p5/1.00 L1_SingleMu12er1p5/1.00 L1_SingleMu14er1p5/1.00 L1_SingleMu18er1p5/1.00
321149,1,2,0.00,HLT_Mu8_IP6_part0_v2/0,OR,L1_SingleMu22/1.00 L1_SingleMu25/1.00 L1_SingleMu6er1p5/0.00 L1_SingleMu7er1p5/0.00 L1_SingleMu8er1p5/0.00 L1_SingleMu9er1p5/0.00 L1_SingleMu10er1p5/0.00 L1_SingleMu12er1p5/0.00 L1_SingleMu14er1p5/0.00 L1_SingleMu18er1p5/0.00
321149,269,3,0.00,HLT_Mu8_IP6_part0_v2/0,OR,L1_SingleMu22/1.00 L1_SingleMu25/1.00 L1_SingleMu6er1p5/0.00 L1_SingleMu7er1p5/0.00 L1_SingleMu8er1p5/0.00 L1_SingleMu9er1p5/0.00 L1_SingleMu10er1p5/0.00 L1_SingleMu12er1p5/1.00 L1_SingleMu14er1p5/0.00 L1_SingleMu18er1p5/0.00
321149,478,4,0.00,HLT_Mu8_IP6_part0_v2/0,OR,L1_SingleMu22/1.00 L1_SingleMu25/1.00 L1_SingleMu6er1p5/0.00 L1_SingleMu7er1p5/0.00 L1_SingleMu8er1p5/0.00 L1_SingleMu9er1p5/0.00 L1_SingleMu10er1p5/1.00 L1_SingleMu12er1p5/1.00 L1_SingleMu14er1p5/1.00 L1_SingleMu18er1p5/1.00
321149,741,5,0.00,HLT_Mu8_IP6_part0_v2/0,OR,L1_SingleMu22/1.00 L1_SingleMu25/1.00 L1_SingleMu6er1p5/0.00 L1_SingleMu7er1p5/0.00 L1_SingleMu8er1p5/0.00 L1_SingleMu9er1p5/1.00 L1_SingleMu10er1p5/1.00 L1_SingleMu12er1p5/1.00 L1_SingleMu14er1p5/1.00 L1_SingleMu18er1p5/1.00
321149,1056,6,0.00,HLT_Mu8_IP6_part0_v2/0,OR,L1_SingleMu22/1.00 L1_SingleMu25/1.00 L1_SingleMu6er1p5/0.00 L1_SingleMu7er1p5/0.00 L1_SingleMu8er1p5/1.00 L1_SingleMu9er1p5/1.00 L1_SingleMu10er1p5/1.00 L1_SingleMu12er1p5/1.00 L1_SingleMu14er1p5/1.00 L1_SingleMu18er1p5/1.00
321149,1527,7,0.00,HLT_Mu8_IP6_part0_v2/0,OR,L1_SingleMu22/1.00 L1_SingleMu25/1.00 L1_SingleMu6er1p5/0.00 L1_SingleMu7er1p5/1.00 L1_SingleMu8er1p5/1.00 L1_SingleMu9er1p5/1.00 L1_SingleMu10er1p5/1.00 L1_SingleMu12er1p5/1.00 L1_SingleMu14er1p5/1.00 L1_SingleMu18er1p5/1.00
321149,1,2,0.00,HLT_Mu8_IP6_part0_v2/0,OR,L1_SingleMu22/1.00 L1_SingleMu25/1.00 L1_SingleMu6er1p5/0.00 L1_SingleMu7er1p5/0.00 L1_SingleMu8er1p5/0.00 L1_SingleMu9er1p5/0.00 L1_SingleMu10er1p5/0.00 L1_SingleMu12er1p5/0.00 L1_SingleMu14er1p5/0.00 L1_SingleMu18er1p5/0.00
321149,269,3,0.00,HLT_Mu8_IP6_part0_v2/0,OR,L1_SingleMu22/1.00 L1_SingleMu25/1.00 L1_SingleMu6er1p5/0.00 L1_SingleMu7er1p5/0.00 L1_SingleMu8er1p5/0.00 L1_SingleMu9er1p5/0.00 L1_SingleMu10er1p5/0.00 L1_SingleMu12er1p5/1.00 L1_SingleMu14er1p5/0.00 L1_SingleMu18er1p5/0.00
321149,478,4,0.00,HLT_Mu8_IP6_part0_v2/0,OR,L1_SingleMu22/1.00 L1_SingleMu25/1.00 L1_SingleMu6er1p5/0.00 L1_SingleMu7er1p5/0.00 L1_SingleMu8er1p5/0.00 L1_SingleMu9er1p5/0.00 L1_SingleMu10er1p5/1.00 L1_SingleMu12er1p5/1.00 L1_SingleMu14er1p5/1.00 L1_SingleMu18er1p5/1.00
321149,741,5,0.00,HLT_Mu8_IP6_part0_v2/0,OR,L1_SingleMu22/1.00 L1_SingleMu25/1.00 L1_SingleMu6er1p5/0.00 L1_SingleMu7er1p5/0.00 L1_SingleMu8er1p5/0.00 L1_SingleMu9er1p5/1.00 L1_SingleMu10er1p5/1.00 L1_SingleMu12er1p5/1.00 L1_SingleMu14er1p5/1.00 L1_SingleMu18er1p5/1.00
321149,1056,6,0.00,HLT_Mu8_IP6_part0_v2/0,OR,L1_SingleMu22/1.00 L1_SingleMu25/1.00 L1_SingleMu6er1p5/0.00 L1_SingleMu7er1p5/0.00 L1_SingleMu8er1p5/1.00 L1_SingleMu9er1p5/1.00 L1_SingleMu10er1p5/1.00 L1_SingleMu12er1p5/1.00 L1_SingleMu14er1p5/1.00 L1_SingleMu18er1p5/1.00
321149,1527,7,0.00,HLT_Mu8_IP6_part0_v2/0,OR,L1_SingleMu22/1.00 L1_SingleMu25/1.00 L1_SingleMu6er1p5/0.00 L1_SingleMu7er1p5/1.00 L1_SingleMu8er1p5/1.00 L1_SingleMu9er1p5/1.00 L1_SingleMu10er1p5/1.00 L1_SingleMu12er1p5/1.00 L1_SingleMu14er1p5/1.00 L1_SingleMu18er1p5/1.00
321149,1,2,0.00,HLT_Mu8_IP6_part0_v2/0,OR,L1_SingleMu22/1.00 L1_SingleMu25/1.00 L1_SingleMu6er1p5/0.00 L1_SingleMu7er1p5/0.00 L1_SingleMu8er1p5/0.00 L1_SingleMu9er1p5/0.00 L1_SingleMu10er1p5/0.00 L1_SingleMu12er1p5/0.00 L1_SingleMu14er1p5/0.00 L1_SingleMu18er1p5/0.00
321149,269,3,0.00,HLT_Mu8_IP6_part0_v2/0,OR,L1_SingleMu22/1.00 L1_SingleMu25/1.00 L1_SingleMu6er1p5/0.00 L1_SingleMu7er1p5/0.00 L1_SingleMu8er1p5/0.00 L1_SingleMu9er1p5/0.00 L1_SingleMu10er1p5/0.00 L1_SingleMu12er1p5/1.00 L1_SingleMu14er1p5/0.00 L1_SingleMu18er1p5/0.00
321149,478,4,0.00,HLT_Mu8_IP6_part0_v2/0,OR,L1_SingleMu22/1.00 L1_SingleMu25/1.00 L1_SingleMu6er1p5/0.00 L1_SingleMu7er1p5/0.00 L1_SingleMu8er1p5/0.00 L1_SingleMu9er1p5/0.00 L1_SingleMu10er1p5/1.00 L1_SingleMu12er1p5/1.00 L1_SingleMu14er1p5/1.00 L1_SingleMu18er1p5/1.00
321149,741,5,0.00,HLT_Mu8_IP6_part0_v2/0,OR,L1_SingleMu22/1.00 L1_SingleMu25/1.00 L1_SingleMu6er1p5/0.00 L1_SingleMu7er1p5/0.00 L1_SingleMu8er1p5/0.00 L1_SingleMu9er1p5/1.00 L1_SingleMu10er1p5/1.00 L1_SingleMu12er1p5/1.00 L1_SingleMu14er1p5/1.00 L1_SingleMu18er1p5/1.00
321149,1056,6,0.00,HLT_Mu8_IP6_part0_v2/0,OR,L1_SingleMu22/1.00 L1_SingleMu25/1.00 L1_SingleMu6er1p5/0.00 L1_SingleMu7er1p5/0.00 L1_SingleMu8er1p5/1.00 L1_SingleMu9er1p5/1.00 L1_SingleMu10er1p5/1.00 L1_SingleMu12er1p5/1.00 L1_SingleMu14er1p5/1.00 L1_SingleMu18er1p5/1.00
321149,1527,7,0.00,HLT_Mu8_IP6_part0_v2/0,OR,L1_SingleMu22/1.00 L1_SingleMu25/1.00 L1_SingleMu6er1p5/0.00 L1_SingleMu7er1p5/1.00 L1_SingleMu8er1p5/1.00 L1_SingleMu9er1p5/1.00 L1_SingleMu10er1p5/1.00 L1_SingleMu12er1p5/1.00 L1_SingleMu14er1p5/1.00 L1_SingleMu18er1p5/1.00
321149,1,2,0.00,HLT_Mu8_IP6_part0_v2/0,OR,L1_SingleMu22/1.00 L1_SingleMu25/1.00 L1_SingleMu6er1p5/0.00 L1_SingleMu7er1p5/0.00 L1_SingleMu8er1p5/0.00 L1_SingleMu9er1p5/0.00 L1_SingleMu10er1p5/0.00 L1_SingleMu12er1p5/0.00 L1_SingleMu14er1p5/0.00 L1_SingleMu18er1p5/0.00
321149,269,3,0.00,HLT_Mu8_IP6_part0_v2/0,OR,L1_SingleMu22/1.00 L1_SingleMu25/1.00 L1_SingleMu6er1p5/0.00 L1_SingleMu7er1p5/0.00 L1_SingleMu8er1p5/0.00 L1_SingleMu9er1p5/0.00 L1_SingleMu10er1p5/0.00 L1_SingleMu12er1p5/1.00 L1_SingleMu14er1p5/0.00 L1_SingleMu18er1p5/0.00
321149,478,4,0.00,HLT_Mu8_IP6_part0_v2/0,OR,L1_SingleMu22/1.00 L1_SingleMu25/1.00 L1_SingleMu6er1p5/0.00 L1_SingleMu7er1p5/0.00 L1_SingleMu8er1p5/0.00 L1_SingleMu9er1p5/0.00 L1_SingleMu10er1p5/1.00 L1_SingleMu12er1p5/1.00 L1_SingleMu14er1p5/1.00 L1_SingleMu18er1p5/1.00
321149,741,5,0.00,HLT_Mu8_IP6_part0_v2/0,OR,L1_SingleMu22/1.00 L1_SingleMu25/1.00 L1_SingleMu6er1p5/0.00 L1_SingleMu7er1p5/0.00 L1_SingleMu8er1p5/0.00 L1_SingleMu9er1p5/1.00 L1_SingleMu10er1p5/1.00 L1_SingleMu12er1p5/1.00 L1_SingleMu14er1p5/1.00 L1_SingleMu18er1p5/1.00
321149,1056,6,0.00,HLT_Mu8_IP6_part0_v2/0,OR,L1_SingleMu22/1.00 L1_SingleMu25/1.00 L1_SingleMu6er1p5/0.00 L1_SingleMu7er1p5/0.00 L1_SingleMu8er1p5/1.00 L1_SingleMu9er1p5/1.00 L1_SingleMu10er1p5/1.00 L1_SingleMu12er1p5/1.00 L1_SingleMu14er1p5/1.00 L1_SingleMu18er1p5/1.00
321149,1527,7,0.00,HLT_Mu8_IP6_part0_v2/0,OR,L1_SingleMu22/1.00 L1_SingleMu25/1.00 L1_SingleMu6er1p5/0.00 L1_SingleMu7er1p5/1.00 L1_SingleMu8er1p5/1.00 L1_SingleMu9er1p5/1.00 L1_SingleMu10er1p5/1.00 L1_SingleMu12er1p5/1.00 L1_SingleMu14er1p5/1.00 L1_SingleMu18er1p5/1.00
321167,1,2,0.00,HLT_Mu8_IP6_part0_v2/0,OR,L1_SingleMu22/1.00 L1_SingleMu25/1.00 L1_SingleMu6er1p5/0.00 L1_SingleMu7er1p5/0.00 L1_SingleMu8er1p5/0.00 L1_SingleMu9er1p5/0.00 L1_SingleMu10er1p5/0.00 L1_SingleMu12er1p5/0.00 L1_SingleMu14er1p5/0.00 L1_SingleMu18er1p5/0.00
321167,145,3,0.00,HLT_Mu8_IP6_part0_v2/0,OR,L1_SingleMu22/1.00 L1_SingleMu25/1.00 L1_SingleMu6er1p5/0.00 L1_SingleMu7er1p5/0.00 L1_SingleMu8er1p5/0.00 L1_SingleMu9er1p5/0.00 L1_SingleMu10er1p5/0.00 L1_SingleMu12er1p5/1.00 L1_SingleMu14er1p5/0.00 L1_SingleMu18er1p5/0.00
321167,381,4,0.00,HLT_Mu8_IP6_part0_v2/0,OR,L1_SingleMu22/1.00 L1_SingleMu25/1.00 L1_SingleMu6er1p5/0.00 L1_SingleMu7er1p5/0.00 L1_SingleMu8er1p5/0.00 L1_SingleMu9er1p5/0.00 L1_SingleMu10er1p5/1.00 L1_SingleMu12er1p5/1.00 L1_SingleMu14er1p5/1.00 L1_SingleMu18er1p5/1.00
321167,660,5,0.00,HLT_Mu8_IP6_part0_v2/0,OR,L1_SingleMu22/1.00 L1_SingleMu25/1.00 L1_SingleMu6er1p5/0.00 L1_SingleMu7er1p5/0.00 L1_SingleMu8er1p5/0.00 L1_SingleMu9er1p5/1.00 L1_SingleMu10er1p5/1.00 L1_SingleMu12er1p5/1.00 L1_SingleMu14er1p5/1.00 L1_SingleMu18er1p5/1.00
321167,1,2,0.00,HLT_Mu8_IP6_part0_v2/0,OR,L1_SingleMu22/1.00 L1_SingleMu25/1.00 L1_SingleMu6er1p5/0.00 L1_SingleMu7er1p5/0.00 L1_SingleMu8er1p5/0.00 L1_SingleMu9er1p5/0.00 L1_SingleMu10er1p5/0.00 L1_SingleMu12er1p5/0.00 L1_SingleMu14er1p5/0.00 L1_SingleMu18er1p5/0.00
321167,145,3,0.00,HLT_Mu8_IP6_part0_v2/0,OR,L1_SingleMu22/1.00 L1_SingleMu25/1.00 L1_SingleMu6er1p5/0.00 L1_SingleMu7er1p5/0.00 L1_SingleMu8er1p5/0.00 L1_SingleMu9er1p5/0.00 L1_SingleMu10er1p5/0.00 L1_SingleMu12er1p5/1.00 L1_SingleMu14er1p5/0.00 L1_SingleMu18er1p5/0.00
321167,381,4,0.00,HLT_Mu8_IP6_part0_v2/0,OR,L1_SingleMu22/1.00 L1_SingleMu25/1.00 L1_SingleMu6er1p5/0.00 L1_SingleMu7er1p5/0.00 L1_SingleMu8er1p5/0.00 L1_SingleMu9er1p5/0.00 L1_SingleMu10er1p5/1.00 L1_SingleMu12er1p5/1.00 L1_SingleMu14er1p5/1.00 L1_SingleMu18er1p5/1.00
321167,660,5,0.00,HLT_Mu8_IP6_part0_v2/0,OR,L1_SingleMu22/1.00 L1_SingleMu25/1.00 L1_SingleMu6er1p5/0.00 L1_SingleMu7er1p5/0.00 L1_SingleMu8er1p5/0.00 L1_SingleMu9er1p5/1.00 L1_SingleMu10er1p5/1.00 L1_SingleMu12er1p5/1.00 L1_SingleMu14er1p5/1.00 L1_SingleMu18er1p5/1.00
321167,1,2,0.00,HLT_Mu8_IP6_part0_v2/0,OR,L1_SingleMu22/1.00 L1_SingleMu25/1.00 L1_SingleMu6er1p5/0.00 L1_SingleMu7er1p5/0.00 L1_SingleMu8er1p5/0.00 L1_SingleMu9er1p5/0.00 L1_SingleMu10er1p5/0.00 L1_SingleMu12er1p5/0.00 L1_SingleMu14er1p5/0.00 L1_SingleMu18er1p5/0.00
321167,145,3,0.00,HLT_Mu8_IP6_part0_v2/0,OR,L1_SingleMu22/1.00 L1_SingleMu25/1.00 L1_SingleMu6er1p5/0.00 L1_SingleMu7er1p5/0.00 L1_SingleMu8er1p5/0.00 L1_SingleMu9er1p5/0.00 L1_SingleMu10er1p5/0.00 L1_SingleMu12er1p5/1.00 L1_SingleMu14er1p5/0.00 L1_SingleMu18er1p5/0.00
321167,381,4,0.00,HLT_Mu8_IP6_part0_v2/0,OR,L1_SingleMu22/1.00 L1_SingleMu25/1.00 L1_SingleMu6er1p5/0.00 L1_SingleMu7er1p5/0.00 L1_SingleMu8er1p5/0.00 L1_SingleMu9er1p5/0.00 L1_SingleMu10er1p5/1.00 L1_SingleMu12er1p5/1.00 L1_SingleMu14er1p5/1.00 L1_SingleMu18er1p5/1.00
321167,660,5,0.00,HLT_Mu8_IP6_part0_v2/0,OR,L1_SingleMu22/1.00 L1_SingleMu25/1.00 L1_SingleMu6er1p5/0.00 L1_SingleMu7er1p5/0.00 L1_SingleMu8er1p5/0.00 L1_SingleMu9er1p5/1.00 L1_SingleMu10er1p5/1.00 L1_SingleMu12er1p5/1.00 L1_SingleMu14er1p5/1.00 L1_SingleMu18er1p5/1.00
321177,1,2,0.00,HLT_Mu8_IP6_part0_v2/0,OR,L1_SingleMu22/1.00 L1_SingleMu25/1.00 L1_SingleMu6er1p5/0.00 L1_SingleMu7er1p5/0.00 L1_SingleMu8er1p5/0.00 L1_SingleMu9er1p5/0.00 L1_SingleMu10er1p5/0.00 L1_SingleMu12er1p5/0.00 L1_SingleMu14er1p5/0.00 L1_SingleMu18er1p5/0.00
321177,356,3,0.00,HLT_Mu8_IP6_part0_v2/0,OR,L1_SingleMu22/1.00 L1_SingleMu25/1.00 L1_SingleMu6er1p5/0.00 L1_SingleMu7er1p5/0.00 L1_SingleMu8er1p5/0.00 L1_SingleMu9er1p5/0.00 L1_SingleMu10er1p5/0.00 L1_SingleMu12er1p5/1.00 L1_SingleMu14er1p5/0.00 L1_SingleMu18er1p5/0.00
321177,480,0,0.00,HLT_Mu8_IP6_part0_v2/0,OR,L1_SingleMu22/0.00 L1_SingleMu25/0.00 L1_SingleMu6er1p5/0.00 L1_SingleMu7er1p5/0.00 L1_SingleMu8er1p5/0.00 L1_SingleMu9er1p5/0.00 L1_SingleMu10er1p5/0.00 L1_SingleMu12er1p5/0.00 L1_SingleMu14er1p5/0.00 L1_SingleMu18er1p5/0.00
321178,1,0,0.00,HLT_Mu8_IP6_part0_v2/0,OR,L1_SingleMu22/0.00 L1_SingleMu25/0.00 L1_SingleMu6er1p5/0.00 L1_SingleMu7er1p5/0.00 L1_SingleMu8er1p5/0.00 L1_SingleMu9er1p5/0.00 L1_SingleMu10er1p5/0.00 L1_SingleMu12er1p5/0.00 L1_SingleMu14er1p5/0.00 L1_SingleMu18er1p5/0.00
321178,5,3,0.00,HLT_Mu8_IP6_part0_v2/0,OR,L1_SingleMu22/1.00 L1_SingleMu25/1.00 L1_SingleMu6er1p5/0.00 L1_SingleMu7er1p5/0.00 L1_SingleMu8er1p5/0.00 L1_SingleMu9er1p5/0.00 L1_SingleMu10er1p5/0.00 L1_SingleMu12er1p5/1.00 L1_SingleMu14er1p5/0.00 L1_SingleMu18er1p5/0.00
321178,46,4,0.00,HLT_Mu8_IP6_part0_v2/0,OR,L1_SingleMu22/1.00 L1_SingleMu25/1.00 L1_SingleMu6er1p5/0.00 L1_SingleMu7er1p5/0.00 L1_SingleMu8er1p5/0.00 L1_SingleMu9er1p5/0.00 L1_SingleMu10er1p5/1.00 L1_SingleMu12er1p5/1.00 L1_SingleMu14er1p5/1.00 L1_SingleMu18er1p5/1.00
321178,1,0,0.00,HLT_Mu8_IP6_part0_v2/0,OR,L1_SingleMu22/0.00 L1_SingleMu25/0.00 L1_SingleMu6er1p5/0.00 L1_SingleMu7er1p5/0.00 L1_SingleMu8er1p5/0.00 L1_SingleMu9er1p5/0.00 L1_SingleMu10er1p5/0.00 L1_SingleMu12er1p5/0.00 L1_SingleMu14er1p5/0.00 L1_SingleMu18er1p5/0.00
321178,5,3,0.00,HLT_Mu8_IP6_part0_v2/0,OR,L1_SingleMu22/1.00 L1_SingleMu25/1.00 L1_SingleMu6er1p5/0.00 L1_SingleMu7er1p5/0.00 L1_SingleMu8er1p5/0.00 L1_SingleMu9er1p5/0.00 L1_SingleMu10er1p5/0.00 L1_SingleMu12er1p5/1.00 L1_SingleMu14er1p5/0.00 L1_SingleMu18er1p5/0.00
321178,46,4,0.00,HLT_Mu8_IP6_part0_v2/0,OR,L1_SingleMu22/1.00 L1_SingleMu25/1.00 L1_SingleMu6er1p5/0.00 L1_SingleMu7er1p5/0.00 L1_SingleMu8er1p5/0.00 L1_SingleMu9er1p5/0.00 L1_SingleMu10er1p5/1.00 L1_SingleMu12er1p5/1.00 L1_SingleMu14er1p5/1.00 L1_SingleMu18er1p5/1.00
321218,1,2,0.00,HLT_Mu8_IP6_part0_v2/0,OR,L1_SingleMu22/1.00 L1_SingleMu25/1.00 L1_SingleMu6er1p5/0.00 L1_SingleMu7er1p5/0.00 L1_SingleMu8er1p5/0.00 L1_SingleMu9er1p5/0.00 L1_SingleMu10er1p5/0.00 L1_SingleMu12er1p5/0.00 L1_SingleMu14er1p5/0.00 L1_SingleMu18er1p5/0.00
321218,298,3,0.00,HLT_Mu8_IP6_part0_v2/0,OR,L1_SingleMu22/1.00 L1_SingleMu25/1.00 L1_SingleMu6er1p5/0.00 L1_SingleMu7er1p5/0.00 L1_SingleMu8er1p5/0.00 L1_SingleMu9er1p5/0.00 L1_SingleMu10er1p5/0.00 L1_SingleMu12er1p5/1.00 L1_SingleMu14er1p5/0.00 L1_SingleMu18er1p5/0.00
321218,553,4,0.00,HLT_Mu8_IP6_part0_v2/0,OR,L1_SingleMu22/1.00 L1_SingleMu25/1.00 L1_SingleMu6er1p5/0.00 L1_SingleMu7er1p5/0.00 L1_SingleMu8er1p5/0.00 L1_SingleMu9er1p5/0.00 L1_SingleMu10er1p5/1.00 L1_SingleMu12er1p5/1.00 L1_SingleMu14er1p5/1.00 L1_SingleMu18er1p5/1.00
321218,823,5,0.00,HLT_Mu8_IP6_part0_v2/0,OR,L1_SingleMu22/1.00 L1_SingleMu25/1.00 L1_SingleMu6er1p5/0.00 L1_SingleMu7er1p5/0.00 L1_SingleMu8er1p5/0.00 L1_SingleMu9er1p5/1.00 L1_SingleMu10er1p5/1.00 L1_SingleMu12er1p5/1.00 L1_SingleMu14er1p5/1.00 L1_SingleMu18er1p5/1.00
321218,1,2,0.00,HLT_Mu8_IP6_part0_v2/0,OR,L1_SingleMu22/1.00 L1_SingleMu25/1.00 L1_SingleMu6er1p5/0.00 L1_SingleMu7er1p5/0.00 L1_SingleMu8er1p5/0.00 L1_SingleMu9er1p5/0.00 L1_SingleMu10er1p5/0.00 L1_SingleMu12er1p5/0.00 L1_SingleMu14er1p5/0.00 L1_SingleMu18er1p5/0.00
321218,298,3,0.00,HLT_Mu8_IP6_part0_v2/0,OR,L1_SingleMu22/1.00 L1_SingleMu25/1.00 L1_SingleMu6er1p5/0.00 L1_SingleMu7er1p5/0.00 L1_SingleMu8er1p5/0.00 L1_SingleMu9er1p5/0.00 L1_SingleMu10er1p5/0.00 L1_SingleMu12er1p5/1.00 L1_SingleMu14er1p5/0.00 L1_SingleMu18er1p5/0.00
321218,553,4,0.00,HLT_Mu8_IP6_part0_v2/0,OR,L1_SingleMu22/1.00 L1_SingleMu25/1.00 L1_SingleMu6er1p5/0.00 L1_SingleMu7er1p5/0.00 L1_SingleMu8er1p5/0.00 L1_SingleMu9er1p5/0.00 L1_SingleMu10er1p5/1.00 L1_SingleMu12er1p5/1.00 L1_SingleMu14er1p5/1.00 L1_SingleMu18er1p5/1.00
321218,823,5,0.00,HLT_Mu8_IP6_part0_v2/0,OR,L1_SingleMu22/1.00 L1_SingleMu25/1.00 L1_SingleMu6er1p5/0.00 L1_SingleMu7er1p5/0.00 L1_SingleMu8er1p5/0.00 L1_SingleMu9er1p5/1.00 L1_SingleMu10er1p5/1.00 L1_SingleMu12er1p5/1.00 L1_SingleMu14er1p5/1.00 L1_SingleMu18er1p5/1.00
321218,1,2,0.00,HLT_Mu8_IP6_part0_v2/0,OR,L1_SingleMu22/1.00 L1_SingleMu25/1.00 L1_SingleMu6er1p5/0.00 L1_SingleMu7er1p5/0.00 L1_SingleMu8er1p5/0.00 L1_SingleMu9er1p5/0.00 L1_SingleMu10er1p5/0.00 L1_SingleMu12er1p5/0.00 L1_SingleMu14er1p5/0.00 L1_SingleMu18er1p5/0.00
321218,298,3,0.00,HLT_Mu8_IP6_part0_v2/0,OR,L1_SingleMu22/1.00 L1_SingleMu25/1.00 L1_SingleMu6er1p5/0.00 L1_SingleMu7er1p5/0.00 L1_SingleMu8er1p5/0.00 L1_SingleMu9er1p5/0.00 L1_SingleMu10er1p5/0.00 L1_SingleMu12er1p5/1.00 L1_SingleMu14er1p5/0.00 L1_SingleMu18er1p5/0.00
321218,553,4,0.00,HLT_Mu8_IP6_part0_v2/0,OR,L1_SingleMu22/1.00 L1_SingleMu25/1.00 L1_SingleMu6er1p5/0.00 L1_SingleMu7er1p5/0.00 L1_SingleMu8er1p5/0.00 L1_SingleMu9er1p5/0.00 L1_SingleMu10er1p5/1.00 L1_SingleMu12er1p5/1.00 L1_SingleMu14er1p5/1.00 L1_SingleMu18er1p5/1.00
321218,823,5,0.00,HLT_Mu8_IP6_part0_v2/0,OR,L1_SingleMu22/1.00 L1_SingleMu25/1.00 L1_SingleMu6er1p5/0.00 L1_SingleMu7er1p5/0.00 L1_SingleMu8er1p5/0.00 L1_SingleMu9er1p5/1.00 L1_SingleMu10er1p5/1.00 L1_SingleMu12er1p5/1.00 L1_SingleMu14er1p5/1.00 L1_SingleMu18er1p5/1.00
321219,1,5,0.00,HLT_Mu8_IP6_part0_v2/0,OR,L1_SingleMu22/1.00 L1_SingleMu25/1.00 L1_SingleMu6er1p5/0.00 L1_SingleMu7er1p5/0.00 L1_SingleMu8er1p5/0.00 L1_SingleMu9er1p5/1.00 L1_SingleMu10er1p5/1.00 L1_SingleMu12er1p5/1.00 L1_SingleMu14er1p5/1.00 L1_SingleMu18er1p5/1.00
321219,168,6,0.00,HLT_Mu8_IP6_part0_v2/0,OR,L1_SingleMu22/1.00 L1_SingleMu25/1.00 L1_SingleMu6er1p5/0.00 L1_SingleMu7er1p5/0.00 L1_SingleMu8er1p5/1.00 L1_SingleMu9er1p5/1.00 L1_SingleMu10er1p5/1.00 L1_SingleMu12er1p5/1.00 L1_SingleMu14er1p5/1.00 L1_SingleMu18er1p5/1.00
321219,604,7,0.00,HLT_Mu8_IP6_part0_v2/0,OR,L1_SingleMu22/1.00 L1_SingleMu25/1.00 L1_SingleMu6er1p5/0.00 L1_SingleMu7er1p5/1.00 L1_SingleMu8er1p5/1.00 L1_SingleMu9er1p5/1.00 L1_SingleMu10er1p5/1.00 L1_SingleMu12er1p5/1.00 L1_SingleMu14er1p5/1.00 L1_SingleMu18er1p5/1.00
321219,1,5,0.00,HLT_Mu8_IP6_part0_v2/0,OR,L1_SingleMu22/1.00 L1_SingleMu25/1.00 L1_SingleMu6er1p5/0.00 L1_SingleMu7er1p5/0.00 L1_SingleMu8er1p5/0.00 L1_SingleMu9er1p5/1.00 L1_SingleMu10er1p5/1.00 L1_SingleMu12er1p5/1.00 L1_SingleMu14er1p5/1.00 L1_SingleMu18er1p5/1.00
321219,168,6,0.00,HLT_Mu8_IP6_part0_v2/0,OR,L1_SingleMu22/1.00 L1_SingleMu25/1.00 L1_SingleMu6er1p5/0.00 L1_SingleMu7er1p5/0.00 L1_SingleMu8er1p5/1.00 L1_SingleMu9er1p5/1.00 L1_SingleMu10er1p5/1.00 L1_SingleMu12er1p5/1.00 L1_SingleMu14er1p5/1.00 L1_SingleMu18er1p5/1.00
321219,604,7,0.00,HLT_Mu8_IP6_part0_v2/0,OR,L1_SingleMu22/1.00 L1_SingleMu25/1.00 L1_SingleMu6er1p5/0.00 L1_SingleMu7er1p5/1.00 L1_SingleMu8er1p5/1.00 L1_SingleMu9er1p5/1.00 L1_SingleMu10er1p5/1.00 L1_SingleMu12er1p5/1.00 L1_SingleMu14er1p5/1.00 L1_SingleMu18er1p5/1.00
321221,1,7,0.00,HLT_Mu8_IP6_part0_v2/0,OR,L1_SingleMu22/1.00 L1_SingleMu25/1.00 L1_SingleMu6er1p5/0.00 L1_SingleMu7er1p5/1.00 L1_SingleMu8er1p5/1.00 L1_SingleMu9er1p5/1.00 L1_SingleMu10er1p5/1.00 L1_SingleMu12er1p5/1.00 L1_SingleMu14er1p5/1.00 L1_SingleMu18er1p5/1.00
321233,1,2,0.00,HLT_Mu8_IP6_part0_v2/0,OR,L1_SingleMu22/1.00 L1_SingleMu25/1.00 L1_SingleMu6er1p5/0.00 L1_SingleMu7er1p5/0.00 L1_SingleMu8er1p5/0.00 L1_SingleMu9er1p5/0.00 L1_SingleMu10er1p5/0.00 L1_SingleMu12er1p5/0.00 L1_SingleMu14er1p5/0.00 L1_SingleMu18er1p5/0.00
321233,162,3,0.00,HLT_Mu8_IP6_part0_v2/0,OR,L1_SingleMu22/1.00 L1_SingleMu25/1.00 L1_SingleMu6er1p5/0.00 L1_SingleMu7er1p5/0.00 L1_SingleMu8er1p5/0.00 L1_SingleMu9er1p5/0.00 L1_SingleMu10er1p5/0.00 L1_SingleMu12er1p5/1.00 L1_SingleMu14er1p5/0.00 L1_SingleMu18er1p5/0.00
321233,404,4,0.00,HLT_Mu8_IP6_part0_v2/0,OR,L1_SingleMu22/1.00 L1_SingleMu25/1.00 L1_SingleMu6er1p5/0.00 L1_SingleMu7er1p5/0.00 L1_SingleMu8er1p5/0.00 L1_SingleMu9er1p5/0.00 L1_SingleMu10er1p5/1.00 L1_SingleMu12er1p5/1.00 L1_SingleMu14er1p5/1.00 L1_SingleMu18er1p5/1.00
321233,669,5,0.00,HLT_Mu8_IP6_part0_v2/0,OR,L1_SingleMu22/1.00 L1_SingleMu25/1.00 L1_SingleMu6er1p5/0.00 L1_SingleMu7er1p5/0.00 L1_SingleMu8er1p5/0.00 L1_SingleMu9er1p5/1.00 L1_SingleMu10er1p5/1.00 L1_SingleMu12er1p5/1.00 L1_SingleMu14er1p5/1.00 L1_SingleMu18er1p5/1.00
321233,1,2,0.00,HLT_Mu8_IP6_part0_v2/0,OR,L1_SingleMu22/1.00 L1_SingleMu25/1.00 L1_SingleMu6er1p5/0.00 L1_SingleMu7er1p5/0.00 L1_SingleMu8er1p5/0.00 L1_SingleMu9er1p5/0.00 L1_SingleMu10er1p5/0.00 L1_SingleMu12er1p5/0.00 L1_SingleMu14er1p5/0.00 L1_SingleMu18er1p5/0.00
321233,162,3,0.00,HLT_Mu8_IP6_part0_v2/0,OR,L1_SingleMu22/1.00 L1_SingleMu25/1.00 L1_SingleMu6er1p5/0.00 L1_SingleMu7er1p5/0.00 L1_SingleMu8er1p5/0.00 L1_SingleMu9er1p5/0.00 L1_SingleMu10er1p5/0.00 L1_SingleMu12er1p5/1.00 L1_SingleMu14er1p5/0.00 L1_SingleMu18er1p5/0.00
321233,404,4,0.00,HLT_Mu8_IP6_part0_v2/0,OR,L1_SingleMu22/1.00 L1_SingleMu25/1.00 L1_SingleMu6er1p5/0.00 L1_SingleMu7er1p5/0.00 L1_SingleMu8er1p5/0.00 L1_SingleMu9er1p5/0.00 L1_SingleMu10er1p5/1.00 L1_SingleMu12er1p5/1.00 L1_SingleMu14er1p5/1.00 L1_SingleMu18er1p5/1.00
321233,669,5,0.00,HLT_Mu8_IP6_part0_v2/0,OR,L1_SingleMu22/1.00 L1_SingleMu25/1.00 L1_SingleMu6er1p5/0.00 L1_SingleMu7er1p5/0.00 L1_SingleMu8er1p5/0.00 L1_SingleMu9er1p5/1.00 L1_SingleMu10er1p5/1.00 L1_SingleMu12er1p5/1.00 L1_SingleMu14er1p5/1.00 L1_SingleMu18er1p5/1.00
321233,1,2,0.00,HLT_Mu8_IP6_part0_v2/0,OR,L1_SingleMu22/1.00 L1_SingleMu25/1.00 L1_SingleMu6er1p5/0.00 L1_SingleMu7er1p5/0.00 L1_SingleMu8er1p5/0.00 L1_SingleMu9er1p5/0.00 L1_SingleMu10er1p5/0.00 L1_SingleMu12er1p5/0.00 L1_SingleMu14er1p5/0.00 L1_SingleMu18er1p5/0.00
321233,162,3,0.00,HLT_Mu8_IP6_part0_v2/0,OR,L1_SingleMu22/1.00 L1_SingleMu25/1.00 L1_SingleMu6er1p5/0.00 L1_SingleMu7er1p5/0.00 L1_SingleMu8er1p5/0.00 L1_SingleMu9er1p5/0.00 L1_SingleMu10er1p5/0.00 L1_SingleMu12er1p5/1.00 L1_SingleMu14er1p5/0.00 L1_SingleMu18er1p5/0.00
321233,404,4,0.00,HLT_Mu8_IP6_part0_v2/0,OR,L1_SingleMu22/1.00 L1_SingleMu25/1.00 L1_SingleMu6er1p5/0.00 L1_SingleMu7er1p5/0.00 L1_SingleMu8er1p5/0.00 L1_SingleMu9er1p5/0.00 L1_SingleMu10er1p5/1.00 L1_SingleMu12er1p5/1.00 L1_SingleMu14er1p5/1.00 L1_SingleMu18er1p5/1.00
321233,669,5,0.00,HLT_Mu8_IP6_part0_v2/0,OR,L1_SingleMu22/1.00 L1_SingleMu25/1.00 L1_SingleMu6er1p5/0.00 L1_SingleMu7er1p5/0.00 L1_SingleMu8er1p5/0.00 L1_SingleMu9er1p5/1.00 L1_SingleMu10er1p5/1.00 L1_SingleMu12er1p5/1.00 L1_SingleMu14er1p5/1.00 L1_SingleMu18er1p5/1.00
321294,1,2,0.00,HLT_Mu8_IP6_part0_v2/0,OR,L1_SingleMu22/1.00 L1_SingleMu25/1.00 L1_SingleMu6er1p5/0.00 L1_SingleMu7er1p5/0.00 L1_SingleMu8er1p5/0.00 L1_SingleMu9er1p5/0.00 L1_SingleMu10er1p5/0.00 L1_SingleMu12er1p5/0.00 L1_SingleMu14er1p5/0.00 L1_SingleMu18er1p5/0.00
321294,15,3,0.00,HLT_Mu8_IP6_part0_v2/0,OR,L1_SingleMu22/1.00 L1_SingleMu25/1.00 L1_SingleMu6er1p5/0.00 L1_SingleMu7er1p5/0.00 L1_SingleMu8er1p5/0.00 L1_SingleMu9er1p5/0.00 L1_SingleMu10er1p5/0.00 L1_SingleMu12er1p5/1.00 L1_SingleMu14er1p5/0.00 L1_SingleMu18er1p5/0.00
321295,1,3,0.00,HLT_Mu8_IP6_part0_v2/0,OR,L1_SingleMu22/1.00 L1_SingleMu25/1.00 L1_SingleMu6er1p5/0.00 L1_SingleMu7er1p5/0.00 L1_SingleMu8er1p5/0.00 L1_SingleMu9er1p5/0.00 L1_SingleMu10er1p5/0.00 L1_SingleMu12er1p5/1.00 L1_SingleMu14er1p5/0.00 L1_SingleMu18er1p5/0.00
321295,141,4,0.00,HLT_Mu8_IP6_part0_v2/0,OR,L1_SingleMu22/1.00 L1_SingleMu25/1.00 L1_SingleMu6er1p5/0.00 L1_SingleMu7er1p5/0.00 L1_SingleMu8er1p5/0.00 L1_SingleMu9er1p5/0.00 L1_SingleMu10er1p5/1.00 L1_SingleMu12er1p5/1.00 L1_SingleMu14er1p5/1.00 L1_SingleMu18er1p5/1.00
321295,432,5,0.00,HLT_Mu8_IP6_part0_v2/0,OR,L1_SingleMu22/1.00 L1_SingleMu25/1.00 L1_SingleMu6er1p5/0.00 L1_SingleMu7er1p5/0.00 L1_SingleMu8er1p5/0.00 L1_SingleMu9er1p5/1.00 L1_SingleMu10er1p5/1.00 L1_SingleMu12er1p5/1.00 L1_SingleMu14er1p5/1.00 L1_SingleMu18er1p5/1.00
321295,608,6,0.00,HLT_Mu8_IP6_part0_v2/0,OR,L1_SingleMu22/1.00 L1_SingleMu25/1.00 L1_SingleMu6er1p5/0.00 L1_SingleMu7er1p5/0.00 L1_SingleMu8er1p5/1.00 L1_SingleMu9er1p5/1.00 L1_SingleMu10er1p5/1.00 L1_SingleMu12er1p5/1.00 L1_SingleMu14er1p5/1.00 L1_SingleMu18er1p5/1.00
321295,1,3,0.00,HLT_Mu8_IP6_part0_v2/0,OR,L1_SingleMu22/1.00 L1_SingleMu25/1.00 L1_SingleMu6er1p5/0.00 L1_SingleMu7er1p5/0.00 L1_SingleMu8er1p5/0.00 L1_SingleMu9er1p5/0.00 L1_SingleMu10er1p5/0.00 L1_SingleMu12er1p5/1.00 L1_SingleMu14er1p5/0.00 L1_SingleMu18er1p5/0.00
321295,141,4,0.00,HLT_Mu8_IP6_part0_v2/0,OR,L1_SingleMu22/1.00 L1_SingleMu25/1.00 L1_SingleMu6er1p5/0.00 L1_SingleMu7er1p5/0.00 L1_SingleMu8er1p5/0.00 L1_SingleMu9er1p5/0.00 L1_SingleMu10er1p5/1.00 L1_SingleMu12er1p5/1.00 L1_SingleMu14er1p5/1.00 L1_SingleMu18er1p5/1.00
321295,432,5,0.00,HLT_Mu8_IP6_part0_v2/0,OR,L1_SingleMu22/1.00 L1_SingleMu25/1.00 L1_SingleMu6er1p5/0.00 L1_SingleMu7er1p5/0.00 L1_SingleMu8er1p5/0.00 L1_SingleMu9er1p5/1.00 L1_SingleMu10er1p5/1.00 L1_SingleMu12er1p5/1.00 L1_SingleMu14er1p5/1.00 L1_SingleMu18er1p5/1.00
321295,608,6,0.00,HLT_Mu8_IP6_part0_v2/0,OR,L1_SingleMu22/1.00 L1_SingleMu25/1.00 L1_SingleMu6er1p5/0.00 L1_SingleMu7er1p5/0.00 L1_SingleMu8er1p5/1.00 L1_SingleMu9er1p5/1.00 L1_SingleMu10er1p5/1.00 L1_SingleMu12er1p5/1.00 L1_SingleMu14er1p5/1.00 L1_SingleMu18er1p5/1.00
321295,1,3,0.00,HLT_Mu8_IP6_part0_v2/0,OR,L1_SingleMu22/1.00 L1_SingleMu25/1.00 L1_SingleMu6er1p5/0.00 L1_SingleMu7er1p5/0.00 L1_SingleMu8er1p5/0.00 L1_SingleMu9er1p5/0.00 L1_SingleMu10er1p5/0.00 L1_SingleMu12er1p5/1.00 L1_SingleMu14er1p5/0.00 L1_SingleMu18er1p5/0.00
321295,141,4,0.00,HLT_Mu8_IP6_part0_v2/0,OR,L1_SingleMu22/1.00 L1_SingleMu25/1.00 L1_SingleMu6er1p5/0.00 L1_SingleMu7er1p5/0.00 L1_SingleMu8er1p5/0.00 L1_SingleMu9er1p5/0.00 L1_SingleMu10er1p5/1.00 L1_SingleMu12er1p5/1.00 L1_SingleMu14er1p5/1.00 L1_SingleMu18er1p5/1.00
321295,432,5,0.00,HLT_Mu8_IP6_part0_v2/0,OR,L1_SingleMu22/1.00 L1_SingleMu25/1.00 L1_SingleMu6er1p5/0.00 L1_SingleMu7er1p5/0.00 L1_SingleMu8er1p5/0.00 L1_SingleMu9er1p5/1.00 L1_SingleMu10er1p5/1.00 L1_SingleMu12er1p5/1.00 L1_SingleMu14er1p5/1.00 L1_SingleMu18er1p5/1.00
321295,608,6,0.00,HLT_Mu8_IP6_part0_v2/0,OR,L1_SingleMu22/1.00 L1_SingleMu25/1.00 L1_SingleMu6er1p5/0.00 L1_SingleMu7er1p5/0.00 L1_SingleMu8er1p5/1.00 L1_SingleMu9er1p5/1.00 L1_SingleMu10er1p5/1.00 L1_SingleMu12er1p5/1.00 L1_SingleMu14er1p5/1.00 L1_SingleMu18er1p5/1.00
321296,1,6,0.00,HLT_Mu8_IP6_part0_v2/0,OR,L1_SingleMu22/1.00 L1_SingleMu25/1.00 L1_SingleMu6er1p5/0.00 L1_SingleMu7er1p5/0.00 L1_SingleMu8er1p5/1.00 L1_SingleMu9er1p5/1.00 L1_SingleMu10er1p5/1.00 L1_SingleMu12er1p5/1.00 L1_SingleMu14er1p5/1.00 L1_SingleMu18er1p5/1.00
321305,1,2,0.00,HLT_Mu8_IP6_part0_v2/0,OR,L1_SingleMu22/1.00 L1_SingleMu25/1.00 L1_SingleMu6er1p5/0.00 L1_SingleMu7er1p5/0.00 L1_SingleMu8er1p5/0.00 L1_SingleMu9er1p5/0.00 L1_SingleMu10er1p5/0.00 L1_SingleMu12er1p5/0.00 L1_SingleMu14er1p5/0.00 L1_SingleMu18er1p5/0.00
321305,338,3,0.00,HLT_Mu8_IP6_part0_v2/0,OR,L1_SingleMu22/1.00 L1_SingleMu25/1.00 L1_SingleMu6er1p5/0.00 L1_SingleMu7er1p5/0.00 L1_SingleMu8er1p5/0.00 L1_SingleMu9er1p5/0.00 L1_SingleMu10er1p5/0.00 L1_SingleMu12er1p5/1.00 L1_SingleMu14er1p5/0.00 L1_SingleMu18er1p5/0.00
321305,612,4,0.00,HLT_Mu8_IP6_part0_v2/0,OR,L1_SingleMu22/1.00 L1_SingleMu25/1.00 L1_SingleMu6er1p5/0.00 L1_SingleMu7er1p5/0.00 L1_SingleMu8er1p5/0.00 L1_SingleMu9er1p5/0.00 L1_SingleMu10er1p5/1.00 L1_SingleMu12er1p5/1.00 L1_SingleMu14er1p5/1.00 L1_SingleMu18er1p5/1.00
321305,876,2,0.00,HLT_Mu8_IP6_part0_v2/0,OR,L1_SingleMu22/1.00 L1_SingleMu25/1.00 L1_SingleMu6er1p5/0.00 L1_SingleMu7er1p5/0.00 L1_SingleMu8er1p5/0.00 L1_SingleMu9er1p5/0.00 L1_SingleMu10er1p5/0.00 L1_SingleMu12er1p5/0.00 L1_SingleMu14er1p5/0.00 L1_SingleMu18er1p5/0.00
321305,882,4,0.00,HLT_Mu8_IP6_part0_v2/0,OR,L1_SingleMu22/1.00 L1_SingleMu25/1.00 L1_SingleMu6er1p5/0.00 L1_SingleMu7er1p5/0.00 L1_SingleMu8er1p5/0.00 L1_SingleMu9er1p5/0.00 L1_SingleMu10er1p5/1.00 L1_SingleMu12er1p5/1.00 L1_SingleMu14er1p5/1.00 L1_SingleMu18er1p5/1.00
321305,904,5,0.00,HLT_Mu8_IP6_part0_v2/0,OR,L1_SingleMu22/1.00 L1_SingleMu25/1.00 L1_SingleMu6er1p5/0.00 L1_SingleMu7er1p5/0.00 L1_SingleMu8er1p5/0.00 L1_SingleMu9er1p5/1.00 L1_SingleMu10er1p5/1.00 L1_SingleMu12er1p5/1.00 L1_SingleMu14er1p5/1.00 L1_SingleMu18er1p5/1.00
321305,1214,6,0.00,HLT_Mu8_IP6_part0_v2/0,OR,L1_SingleMu22/1.00 L1_SingleMu25/1.00 L1_SingleMu6er1p5/0.00 L1_SingleMu7er1p5/0.00 L1_SingleMu8er1p5/1.00 L1_SingleMu9er1p5/1.00 L1_SingleMu10er1p5/1.00 L1_SingleMu12er1p5/1.00 L1_SingleMu14er1p5/1.00 L1_SingleMu18er1p5/1.00
321305,1711,7,0.00,HLT_Mu8_IP6_part0_v2/0,OR,L1_SingleMu22/1.00 L1_SingleMu25/1.00 L1_SingleMu6er1p5/0.00 L1_SingleMu7er1p5/1.00 L1_SingleMu8er1p5/1.00 L1_SingleMu9er1p5/1.00 L1_SingleMu10er1p5/1.00 L1_SingleMu12er1p5/1.00 L1_SingleMu14er1p5/1.00 L1_SingleMu18er1p5/1.00
321305,2446,8,0.00,HLT_Mu8_IP6_part0_v2/0,OR,L1_SingleMu22/1.00 L1_SingleMu25/1.00 L1_SingleMu6er1p5/0.00 L1_SingleMu7er1p5/1.00 L1_SingleMu8er1p5/1.00 L1_SingleMu9er1p5/1.00 L1_SingleMu10er1p5/1.00 L1_SingleMu12er1p5/1.00 L1_SingleMu14er1p5/1.00 L1_SingleMu18er1p5/1.00
321305,1,2,0.00,HLT_Mu8_IP6_part0_v2/0,OR,L1_SingleMu22/1.00 L1_SingleMu25/1.00 L1_SingleMu6er1p5/0.00 L1_SingleMu7er1p5/0.00 L1_SingleMu8er1p5/0.00 L1_SingleMu9er1p5/0.00 L1_SingleMu10er1p5/0.00 L1_SingleMu12er1p5/0.00 L1_SingleMu14er1p5/0.00 L1_SingleMu18er1p5/0.00
321305,338,3,0.00,HLT_Mu8_IP6_part0_v2/0,OR,L1_SingleMu22/1.00 L1_SingleMu25/1.00 L1_SingleMu6er1p5/0.00 L1_SingleMu7er1p5/0.00 L1_SingleMu8er1p5/0.00 L1_SingleMu9er1p5/0.00 L1_SingleMu10er1p5/0.00 L1_SingleMu12er1p5/1.00 L1_SingleMu14er1p5/0.00 L1_SingleMu18er1p5/0.00
321305,612,4,0.00,HLT_Mu8_IP6_part0_v2/0,OR,L1_SingleMu22/1.00 L1_SingleMu25/1.00 L1_SingleMu6er1p5/0.00 L1_SingleMu7er1p5/0.00 L1_SingleMu8er1p5/0.00 L1_SingleMu9er1p5/0.00 L1_SingleMu10er1p5/1.00 L1_SingleMu12er1p5/1.00 L1_SingleMu14er1p5/1.00 L1_SingleMu18er1p5/1.00
321305,876,2,0.00,HLT_Mu8_IP6_part0_v2/0,OR,L1_SingleMu22/1.00 L1_SingleMu25/1.00 L1_SingleMu6er1p5/0.00 L1_SingleMu7er1p5/0.00 L1_SingleMu8er1p5/0.00 L1_SingleMu9er1p5/0.00 L1_SingleMu10er1p5/0.00 L1_SingleMu12er1p5/0.00 L1_SingleMu14er1p5/0.00 L1_SingleMu18er1p5/0.00
321305,882,4,0.00,HLT_Mu8_IP6_part0_v2/0,OR,L1_SingleMu22/1.00 L1_SingleMu25/1.00 L1_SingleMu6er1p5/0.00 L1_SingleMu7er1p5/0.00 L1_SingleMu8er1p5/0.00 L1_SingleMu9er1p5/0.00 L1_SingleMu10er1p5/1.00 L1_SingleMu12er1p5/1.00 L1_SingleMu14er1p5/1.00 L1_SingleMu18er1p5/1.00
321305,904,5,0.00,HLT_Mu8_IP6_part0_v2/0,OR,L1_SingleMu22/1.00 L1_SingleMu25/1.00 L1_SingleMu6er1p5/0.00 L1_SingleMu7er1p5/0.00 L1_SingleMu8er1p5/0.00 L1_SingleMu9er1p5/1.00 L1_SingleMu10er1p5/1.00 L1_SingleMu12er1p5/1.00 L1_SingleMu14er1p5/1.00 L1_SingleMu18er1p5/1.00
321305,1214,6,0.00,HLT_Mu8_IP6_part0_v2/0,OR,L1_SingleMu22/1.00 L1_SingleMu25/1.00 L1_SingleMu6er1p5/0.00 L1_SingleMu7er1p5/0.00 L1_SingleMu8er1p5/1.00 L1_SingleMu9er1p5/1.00 L1_SingleMu10er1p5/1.00 L1_SingleMu12er1p5/1.00 L1_SingleMu14er1p5/1.00 L1_SingleMu18er1p5/1.00
321305,1711,7,0.00,HLT_Mu8_IP6_part0_v2/0,OR,L1_SingleMu22/1.00 L1_SingleMu25/1.00 L1_SingleMu6er1p5/0.00 L1_SingleMu7er1p5/1.00 L1_SingleMu8er1p5/1.00 L1_SingleMu9er1p5/1.00 L1_SingleMu10er1p5/1.00 L1_SingleMu12er1p5/1.00 L1_SingleMu14er1p5/1.00 L1_SingleMu18er1p5/1.00
321305,2446,8,0.00,HLT_Mu8_IP6_part0_v2/0,OR,L1_SingleMu22/1.00 L1_SingleMu25/1.00 L1_SingleMu6er1p5/0.00 L1_SingleMu7er1p5/1.00 L1_SingleMu8er1p5/1.00 L1_SingleMu9er1p5/1.00 L1_SingleMu10er1p5/1.00 L1_SingleMu12er1p5/1.00 L1_SingleMu14er1p5/1.00 L1_SingleMu18er1p5/1.00
321305,1,2,0.00,HLT_Mu8_IP6_part0_v2/0,OR,L1_SingleMu22/1.00 L1_SingleMu25/1.00 L1_SingleMu6er1p5/0.00 L1_SingleMu7er1p5/0.00 L1_SingleMu8er1p5/0.00 L1_SingleMu9er1p5/0.00 L1_SingleMu10er1p5/0.00 L1_SingleMu12er1p5/0.00 L1_SingleMu14er1p5/0.00 L1_SingleMu18er1p5/0.00
321305,338,3,0.00,HLT_Mu8_IP6_part0_v2/0,OR,L1_SingleMu22/1.00 L1_SingleMu25/1.00 L1_SingleMu6er1p5/0.00 L1_SingleMu7er1p5/0.00 L1_SingleMu8er1p5/0.00 L1_SingleMu9er1p5/0.00 L1_SingleMu10er1p5/0.00 L1_SingleMu12er1p5/1.00 L1_SingleMu14er1p5/0.00 L1_SingleMu18er1p5/0.00
321305,612,4,0.00,HLT_Mu8_IP6_part0_v2/0,OR,L1_SingleMu22/1.00 L1_SingleMu25/1.00 L1_SingleMu6er1p5/0.00 L1_SingleMu7er1p5/0.00 L1_SingleMu8er1p5/0.00 L1_SingleMu9er1p5/0.00 L1_SingleMu10er1p5/1.00 L1_SingleMu12er1p5/1.00 L1_SingleMu14er1p5/1.00 L1_SingleMu18er1p5/1.00
321305,876,2,0.00,HLT_Mu8_IP6_part0_v2/0,OR,L1_SingleMu22/1.00 L1_SingleMu25/1.00 L1_SingleMu6er1p5/0.00 L1_SingleMu7er1p5/0.00 L1_SingleMu8er1p5/0.00 L1_SingleMu9er1p5/0.00 L1_SingleMu10er1p5/0.00 L1_SingleMu12er1p5/0.00 L1_SingleMu14er1p5/0.00 L1_SingleMu18er1p5/0.00
321305,882,4,0.00,HLT_Mu8_IP6_part0_v2/0,OR,L1_SingleMu22/1.00 L1_SingleMu25/1.00 L1_SingleMu6er1p5/0.00 L1_SingleMu7er1p5/0.00 L1_SingleMu8er1p5/0.00 L1_SingleMu9er1p5/0.00 L1_SingleMu10er1p5/1.00 L1_SingleMu12er1p5/1.00 L1_SingleMu14er1p5/1.00 L1_SingleMu18er1p5/1.00
321305,904,5,0.00,HLT_Mu8_IP6_part0_v2/0,OR,L1_SingleMu22/1.00 L1_SingleMu25/1.00 L1_SingleMu6er1p5/0.00 L1_SingleMu7er1p5/0.00 L1_SingleMu8er1p5/0.00 L1_SingleMu9er1p5/1.00 L1_SingleMu10er1p5/1.00 L1_SingleMu12er1p5/1.00 L1_SingleMu14er1p5/1.00 L1_SingleMu18er1p5/1.00
321305,1214,6,0.00,HLT_Mu8_IP6_part0_v2/0,OR,L1_SingleMu22/1.00 L1_SingleMu25/1.00 L1_SingleMu6er1p5/0.00 L1_SingleMu7er1p5/0.00 L1_SingleMu8er1p5/1.00 L1_SingleMu9er1p5/1.00 L1_SingleMu10er1p5/1.00 L1_SingleMu12er1p5/1.00 L1_SingleMu14er1p5/1.00 L1_SingleMu18er1p5/1.00
321305,1711,7,0.00,HLT_Mu8_IP6_part0_v2/0,OR,L1_SingleMu22/1.00 L1_SingleMu25/1.00 L1_SingleMu6er1p5/0.00 L1_SingleMu7er1p5/1.00 L1_SingleMu8er1p5/1.00 L1_SingleMu9er1p5/1.00 L1_SingleMu10er1p5/1.00 L1_SingleMu12er1p5/1.00 L1_SingleMu14er1p5/1.00 L1_SingleMu18er1p5/1.00
321305,2446,8,0.00,HLT_Mu8_IP6_part0_v2/0,OR,L1_SingleMu22/1.00 L1_SingleMu25/1.00 L1_SingleMu6er1p5/0.00 L1_SingleMu7er1p5/1.00 L1_SingleMu8er1p5/1.00 L1_SingleMu9er1p5/1.00 L1_SingleMu10er1p5/1.00 L1_SingleMu12er1p5/1.00 L1_SingleMu14er1p5/1.00 L1_SingleMu18er1p5/1.00
321305,1,2,0.00,HLT_Mu8_IP6_part0_v2/0,OR,L1_SingleMu22/1.00 L1_SingleMu25/1.00 L1_SingleMu6er1p5/0.00 L1_SingleMu7er1p5/0.00 L1_SingleMu8er1p5/0.00 L1_SingleMu9er1p5/0.00 L1_SingleMu10er1p5/0.00 L1_SingleMu12er1p5/0.00 L1_SingleMu14er1p5/0.00 L1_SingleMu18er1p5/0.00
321305,338,3,0.00,HLT_Mu8_IP6_part0_v2/0,OR,L1_SingleMu22/1.00 L1_SingleMu25/1.00 L1_SingleMu6er1p5/0.00 L1_SingleMu7er1p5/0.00 L1_SingleMu8er1p5/0.00 L1_SingleMu9er1p5/0.00 L1_SingleMu10er1p5/0.00 L1_SingleMu12er1p5/1.00 L1_SingleMu14er1p5/0.00 L1_SingleMu18er1p5/0.00
321305,612,4,0.00,HLT_Mu8_IP6_part0_v2/0,OR,L1_SingleMu22/1.00 L1_SingleMu25/1.00 L1_SingleMu6er1p5/0.00 L1_SingleMu7er1p5/0.00 L1_SingleMu8er1p5/0.00 L1_SingleMu9er1p5/0.00 L1_SingleMu10er1p5/1.00 L1_SingleMu12er1p5/1.00 L1_SingleMu14er1p5/1.00 L1_SingleMu18er1p5/1.00
321305,876,2,0.00,HLT_Mu8_IP6_part0_v2/0,OR,L1_SingleMu22/1.00 L1_SingleMu25/1.00 L1_SingleMu6er1p5/0.00 L1_SingleMu7er1p5/0.00 L1_SingleMu8er1p5/0.00 L1_SingleMu9er1p5/0.00 L1_SingleMu10er1p5/0.00 L1_SingleMu12er1p5/0.00 L1_SingleMu14er1p5/0.00 L1_SingleMu18er1p5/0.00
321305,882,4,0.00,HLT_Mu8_IP6_part0_v2/0,OR,L1_SingleMu22/1.00 L1_SingleMu25/1.00 L1_SingleMu6er1p5/0.00 L1_SingleMu7er1p5/0.00 L1_SingleMu8er1p5/0.00 L1_SingleMu9er1p5/0.00 L1_SingleMu10er1p5/1.00 L1_SingleMu12er1p5/1.00 L1_SingleMu14er1p5/1.00 L1_SingleMu18er1p5/1.00
321305,904,5,0.00,HLT_Mu8_IP6_part0_v2/0,OR,L1_SingleMu22/1.00 L1_SingleMu25/1.00 L1_SingleMu6er1p5/0.00 L1_SingleMu7er1p5/0.00 L1_SingleMu8er1p5/0.00 L1_SingleMu9er1p5/1.00 L1_SingleMu10er1p5/1.00 L1_SingleMu12er1p5/1.00 L1_SingleMu14er1p5/1.00 L1_SingleMu18er1p5/1.00
321305,1214,6,0.00,HLT_Mu8_IP6_part0_v2/0,OR,L1_SingleMu22/1.00 L1_SingleMu25/1.00 L1_SingleMu6er1p5/0.00 L1_SingleMu7er1p5/0.00 L1_SingleMu8er1p5/1.00 L1_SingleMu9er1p5/1.00 L1_SingleMu10er1p5/1.00 L1_SingleMu12er1p5/1.00 L1_SingleMu14er1p5/1.00 L1_SingleMu18er1p5/1.00
321305,1711,7,0.00,HLT_Mu8_IP6_part0_v2/0,OR,L1_SingleMu22/1.00 L1_SingleMu25/1.00 L1_SingleMu6er1p5/0.00 L1_SingleMu7er1p5/1.00 L1_SingleMu8er1p5/1.00 L1_SingleMu9er1p5/1.00 L1_SingleMu10er1p5/1.00 L1_SingleMu12er1p5/1.00 L1_SingleMu14er1p5/1.00 L1_SingleMu18er1p5/1.00
321305,2446,8,0.00,HLT_Mu8_IP6_part0_v2/0,OR,L1_SingleMu22/1.00 L1_SingleMu25/1.00 L1_SingleMu6er1p5/0.00 L1_SingleMu7er1p5/1.00 L1_SingleMu8er1p5/1.00 L1_SingleMu9er1p5/1.00 L1_SingleMu10er1p5/1.00 L1_SingleMu12er1p5/1.00 L1_SingleMu14er1p5/1.00 L1_SingleMu18er1p5/1.00
321312,1,2,0.00,HLT_Mu8_IP6_part0_v2/0,OR,L1_SingleMu22/1.00 L1_SingleMu25/1.00 L1_SingleMu6er1p5/0.00 L1_SingleMu7er1p5/0.00 L1_SingleMu8er1p5/0.00 L1_SingleMu9er1p5/0.00 L1_SingleMu10er1p5/0.00 L1_SingleMu12er1p5/0.00 L1_SingleMu14er1p5/0.00 L1_SingleMu18er1p5/0.00
321312,4,8,0.00,HLT_Mu8_IP6_part0_v2/0,OR,L1_SingleMu22/1.00 L1_SingleMu25/1.00 L1_SingleMu6er1p5/0.00 L1_SingleMu7er1p5/1.00 L1_SingleMu8er1p5/1.00 L1_SingleMu9er1p5/1.00 L1_SingleMu10er1p5/1.00 L1_SingleMu12er1p5/1.00 L1_SingleMu14er1p5/1.00 L1_SingleMu18er1p5/1.00
321313,1,2,0.00,HLT_Mu8_IP6_part0_v2/0,OR,L1_SingleMu22/1.00 L1_SingleMu25/1.00 L1_SingleMu6er1p5/0.00 L1_SingleMu7er1p5/0.00 L1_SingleMu8er1p5/0.00 L1_SingleMu9er1p5/0.00 L1_SingleMu10er1p5/0.00 L1_SingleMu12er1p5/0.00 L1_SingleMu14er1p5/0.00 L1_SingleMu18er1p5/0.00
321313,4,8,0.00,HLT_Mu8_IP6_part0_v2/0,OR,L1_SingleMu22/1.00 L1_SingleMu25/1.00 L1_SingleMu6er1p5/0.00 L1_SingleMu7er1p5/1.00 L1_SingleMu8er1p5/1.00 L1_SingleMu9er1p5/1.00 L1_SingleMu10er1p5/1.00 L1_SingleMu12er1p5/1.00 L1_SingleMu14er1p5/1.00 L1_SingleMu18er1p5/1.00
321396,1,2,0.00,HLT_Mu8_IP6_part0_v2/0,OR,L1_SingleMu22/1.00 L1_SingleMu25/1.00 L1_SingleMu6er1p5/0.00 L1_SingleMu7er1p5/0.00 L1_SingleMu8er1p5/0.00 L1_SingleMu9er1p5/0.00 L1_SingleMu10er1p5/0.00 L1_SingleMu12er1p5/0.00 L1_SingleMu14er1p5/0.00 L1_SingleMu18er1p5/0.00
321396,61,3,0.00,HLT_Mu8_IP6_part0_v2/0,OR,L1_SingleMu22/1.00 L1_SingleMu25/1.00 L1_SingleMu6er1p5/0.00 L1_SingleMu7er1p5/0.00 L1_SingleMu8er1p5/0.00 L1_SingleMu9er1p5/0.00 L1_SingleMu10er1p5/0.00 L1_SingleMu12er1p5/1.00 L1_SingleMu14er1p5/0.00 L1_SingleMu18er1p5/0.00
321396,292,4,0.00,HLT_Mu8_IP6_part0_v2/0,OR,L1_SingleMu22/1.00 L1_SingleMu25/1.00 L1_SingleMu6er1p5/0.00 L1_SingleMu7er1p5/0.00 L1_SingleMu8er1p5/0.00 L1_SingleMu9er1p5/0.00 L1_SingleMu10er1p5/1.00 L1_SingleMu12er1p5/1.00 L1_SingleMu14er1p5/1.00 L1_SingleMu18er1p5/1.00
321396,567,5,0.00,HLT_Mu8_IP6_part0_v2/0,OR,L1_SingleMu22/1.00 L1_SingleMu25/1.00 L1_SingleMu6er1p5/0.00 L1_SingleMu7er1p5/0.00 L1_SingleMu8er1p5/0.00 L1_SingleMu9er1p5/1.00 L1_SingleMu10er1p5/1.00 L1_SingleMu12er1p5/1.00 L1_SingleMu14er1p5/1.00 L1_SingleMu18er1p5/1.00
321396,892,6,0.00,HLT_Mu8_IP6_part0_v2/0,OR,L1_SingleMu22/1.00 L1_SingleMu25/1.00 L1_SingleMu6er1p5/0.00 L1_SingleMu7er1p5/0.00 L1_SingleMu8er1p5/1.00 L1_SingleMu9er1p5/1.00 L1_SingleMu10er1p5/1.00 L1_SingleMu12er1p5/1.00 L1_SingleMu14er1p5/1.00 L1_SingleMu18er1p5/1.00
321396,1296,7,0.00,HLT_Mu8_IP6_part0_v2/0,OR,L1_SingleMu22/1.00 L1_SingleMu25/1.00 L1_SingleMu6er1p5/0.00 L1_SingleMu7er1p5/1.00 L1_SingleMu8er1p5/1.00 L1_SingleMu9er1p5/1.00 L1_SingleMu10er1p5/1.00 L1_SingleMu12er1p5/1.00 L1_SingleMu14er1p5/1.00 L1_SingleMu18er1p5/1.00
321396,1,2,0.00,HLT_Mu8_IP6_part0_v2/0,OR,L1_SingleMu22/1.00 L1_SingleMu25/1.00 L1_SingleMu6er1p5/0.00 L1_SingleMu7er1p5/0.00 L1_SingleMu8er1p5/0.00 L1_SingleMu9er1p5/0.00 L1_SingleMu10er1p5/0.00 L1_SingleMu12er1p5/0.00 L1_SingleMu14er1p5/0.00 L1_SingleMu18er1p5/0.00
321396,61,3,0.00,HLT_Mu8_IP6_part0_v2/0,OR,L1_SingleMu22/1.00 L1_SingleMu25/1.00 L1_SingleMu6er1p5/0.00 L1_SingleMu7er1p5/0.00 L1_SingleMu8er1p5/0.00 L1_SingleMu9er1p5/0.00 L1_SingleMu10er1p5/0.00 L1_SingleMu12er1p5/1.00 L1_SingleMu14er1p5/0.00 L1_SingleMu18er1p5/0.00
321396,292,4,0.00,HLT_Mu8_IP6_part0_v2/0,OR,L1_SingleMu22/1.00 L1_SingleMu25/1.00 L1_SingleMu6er1p5/0.00 L1_SingleMu7er1p5/0.00 L1_SingleMu8er1p5/0.00 L1_SingleMu9er1p5/0.00 L1_SingleMu10er1p5/1.00 L1_SingleMu12er1p5/1.00 L1_SingleMu14er1p5/1.00 L1_SingleMu18er1p5/1.00
321396,567,5,0.00,HLT_Mu8_IP6_part0_v2/0,OR,L1_SingleMu22/1.00 L1_SingleMu25/1.00 L1_SingleMu6er1p5/0.00 L1_SingleMu7er1p5/0.00 L1_SingleMu8er1p5/0.00 L1_SingleMu9er1p5/1.00 L1_SingleMu10er1p5/1.00 L1_SingleMu12er1p5/1.00 L1_SingleMu14er1p5/1.00 L1_SingleMu18er1p5/1.00
321396,892,6,0.00,HLT_Mu8_IP6_part0_v2/0,OR,L1_SingleMu22/1.00 L1_SingleMu25/1.00 L1_SingleMu6er1p5/0.00 L1_SingleMu7er1p5/0.00 L1_SingleMu8er1p5/1.00 L1_SingleMu9er1p5/1.00 L1_SingleMu10er1p5/1.00 L1_SingleMu12er1p5/1.00 L1_SingleMu14er1p5/1.00 L1_SingleMu18er1p5/1.00
321396,1296,7,0.00,HLT_Mu8_IP6_part0_v2/0,OR,L1_SingleMu22/1.00 L1_SingleMu25/1.00 L1_SingleMu6er1p5/0.00 L1_SingleMu7er1p5/1.00 L1_SingleMu8er1p5/1.00 L1_SingleMu9er1p5/1.00 L1_SingleMu10er1p5/1.00 L1_SingleMu12er1p5/1.00 L1_SingleMu14er1p5/1.00 L1_SingleMu18er1p5/1.00
321396,1,2,0.00,HLT_Mu8_IP6_part0_v2/0,OR,L1_SingleMu22/1.00 L1_SingleMu25/1.00 L1_SingleMu6er1p5/0.00 L1_SingleMu7er1p5/0.00 L1_SingleMu8er1p5/0.00 L1_SingleMu9er1p5/0.00 L1_SingleMu10er1p5/0.00 L1_SingleMu12er1p5/0.00 L1_SingleMu14er1p5/0.00 L1_SingleMu18er1p5/0.00
321396,61,3,0.00,HLT_Mu8_IP6_part0_v2/0,OR,L1_SingleMu22/1.00 L1_SingleMu25/1.00 L1_SingleMu6er1p5/0.00 L1_SingleMu7er1p5/0.00 L1_SingleMu8er1p5/0.00 L1_SingleMu9er1p5/0.00 L1_SingleMu10er1p5/0.00 L1_SingleMu12er1p5/1.00 L1_SingleMu14er1p5/0.00 L1_SingleMu18er1p5/0.00
321396,292,4,0.00,HLT_Mu8_IP6_part0_v2/0,OR,L1_SingleMu22/1.00 L1_SingleMu25/1.00 L1_SingleMu6er1p5/0.00 L1_SingleMu7er1p5/0.00 L1_SingleMu8er1p5/0.00 L1_SingleMu9er1p5/0.00 L1_SingleMu10er1p5/1.00 L1_SingleMu12er1p5/1.00 L1_SingleMu14er1p5/1.00 L1_SingleMu18er1p5/1.00
321396,567,5,0.00,HLT_Mu8_IP6_part0_v2/0,OR,L1_SingleMu22/1.00 L1_SingleMu25/1.00 L1_SingleMu6er1p5/0.00 L1_SingleMu7er1p5/0.00 L1_SingleMu8er1p5/0.00 L1_SingleMu9er1p5/1.00 L1_SingleMu10er1p5/1.00 L1_SingleMu12er1p5/1.00 L1_SingleMu14er1p5/1.00 L1_SingleMu18er1p5/1.00
321396,892,6,0.00,HLT_Mu8_IP6_part0_v2/0,OR,L1_SingleMu22/1.00 L1_SingleMu25/1.00 L1_SingleMu6er1p5/0.00 L1_SingleMu7er1p5/0.00 L1_SingleMu8er1p5/1.00 L1_SingleMu9er1p5/1.00 L1_SingleMu10er1p5/1.00 L1_SingleMu12er1p5/1.00 L1_SingleMu14er1p5/1.00 L1_SingleMu18er1p5/1.00
321396,1296,7,0.00,HLT_Mu8_IP6_part0_v2/0,OR,L1_SingleMu22/1.00 L1_SingleMu25/1.00 L1_SingleMu6er1p5/0.00 L1_SingleMu7er1p5/1.00 L1_SingleMu8er1p5/1.00 L1_SingleMu9er1p5/1.00 L1_SingleMu10er1p5/1.00 L1_SingleMu12er1p5/1.00 L1_SingleMu14er1p5/1.00 L1_SingleMu18er1p5/1.00
321396,1,2,0.00,HLT_Mu8_IP6_part0_v2/0,OR,L1_SingleMu22/1.00 L1_SingleMu25/1.00 L1_SingleMu6er1p5/0.00 L1_SingleMu7er1p5/0.00 L1_SingleMu8er1p5/0.00 L1_SingleMu9er1p5/0.00 L1_SingleMu10er1p5/0.00 L1_SingleMu12er1p5/0.00 L1_SingleMu14er1p5/0.00 L1_SingleMu18er1p5/0.00
321396,61,3,0.00,HLT_Mu8_IP6_part0_v2/0,OR,L1_SingleMu22/1.00 L1_SingleMu25/1.00 L1_SingleMu6er1p5/0.00 L1_SingleMu7er1p5/0.00 L1_SingleMu8er1p5/0.00 L1_SingleMu9er1p5/0.00 L1_SingleMu10er1p5/0.00 L1_SingleMu12er1p5/1.00 L1_SingleMu14er1p5/0.00 L1_SingleMu18er1p5/0.00
321396,292,4,0.00,HLT_Mu8_IP6_part0_v2/0,OR,L1_SingleMu22/1.00 L1_SingleMu25/1.00 L1_SingleMu6er1p5/0.00 L1_SingleMu7er1p5/0.00 L1_SingleMu8er1p5/0.00 L1_SingleMu9er1p5/0.00 L1_SingleMu10er1p5/1.00 L1_SingleMu12er1p5/1.00 L1_SingleMu14er1p5/1.00 L1_SingleMu18er1p5/1.00
321396,567,5,0.00,HLT_Mu8_IP6_part0_v2/0,OR,L1_SingleMu22/1.00 L1_SingleMu25/1.00 L1_SingleMu6er1p5/0.00 L1_SingleMu7er1p5/0.00 L1_SingleMu8er1p5/0.00 L1_SingleMu9er1p5/1.00 L1_SingleMu10er1p5/1.00 L1_SingleMu12er1p5/1.00 L1_SingleMu14er1p5/1.00 L1_SingleMu18er1p5/1.00
321396,892,6,0.00,HLT_Mu8_IP6_part0_v2/0,OR,L1_SingleMu22/1.00 L1_SingleMu25/1.00 L1_SingleMu6er1p5/0.00 L1_SingleMu7er1p5/0.00 L1_SingleMu8er1p5/1.00 L1_SingleMu9er1p5/1.00 L1_SingleMu10er1p5/1.00 L1_SingleMu12er1p5/1.00 L1_SingleMu14er1p5/1.00 L1_SingleMu18er1p5/1.00
321396,1296,7,0.00,HLT_Mu8_IP6_part0_v2/0,OR,L1_SingleMu22/1.00 L1_SingleMu25/1.00 L1_SingleMu6er1p5/0.00 L1_SingleMu7er1p5/1.00 L1_SingleMu8er1p5/1.00 L1_SingleMu9er1p5/1.00 L1_SingleMu10er1p5/1.00 L1_SingleMu12er1p5/1.00 L1_SingleMu14er1p5/1.00 L1_SingleMu18er1p5/1.00
321397,1,2,0.00,HLT_Mu8_IP6_part0_v2/0,OR,L1_SingleMu22/1.00 L1_SingleMu25/1.00 L1_SingleMu6er1p5/0.00 L1_SingleMu7er1p5/0.00 L1_SingleMu8er1p5/0.00 L1_SingleMu9er1p5/0.00 L1_SingleMu10er1p5/0.00 L1_SingleMu12er1p5/0.00 L1_SingleMu14er1p5/0.00 L1_SingleMu18er1p5/0.00
321397,13,7,0.00,HLT_Mu8_IP6_part0_v2/0,OR,L1_SingleMu22/1.00 L1_SingleMu25/1.00 L1_SingleMu6er1p5/0.00 L1_SingleMu7er1p5/1.00 L1_SingleMu8er1p5/1.00 L1_SingleMu9er1p5/1.00 L1_SingleMu10er1p5/1.00 L1_SingleMu12er1p5/1.00 L1_SingleMu14er1p5/1.00 L1_SingleMu18er1p5/1.00
321414,1,2,0.00,HLT_Mu8_IP6_part0_v2/0,OR,L1_SingleMu22/1.00 L1_SingleMu25/1.00 L1_SingleMu6er1p5/0.00 L1_SingleMu7er1p5/0.00 L1_SingleMu8er1p5/0.00 L1_SingleMu9er1p5/0.00 L1_SingleMu10er1p5/0.00 L1_SingleMu12er1p5/0.00 L1_SingleMu14er1p5/0.00 L1_SingleMu18er1p5/0.00
321414,386,3,0.00,HLT_Mu8_IP6_part0_v2/0,OR,L1_SingleMu22/1.00 L1_SingleMu25/1.00 L1_SingleMu6er1p5/0.00 L1_SingleMu7er1p5/0.00 L1_SingleMu8er1p5/0.00 L1_SingleMu9er1p5/0.00 L1_SingleMu10er1p5/0.00 L1_SingleMu12er1p5/1.00 L1_SingleMu14er1p5/0.00 L1_SingleMu18er1p5/0.00
321414,627,4,0.00,HLT_Mu8_IP6_part0_v2/0,OR,L1_SingleMu22/1.00 L1_SingleMu25/1.00 L1_SingleMu6er1p5/0.00 L1_SingleMu7er1p5/0.00 L1_SingleMu8er1p5/0.00 L1_SingleMu9er1p5/0.00 L1_SingleMu10er1p5/1.00 L1_SingleMu12er1p5/1.00 L1_SingleMu14er1p5/1.00 L1_SingleMu18er1p5/1.00
321414,875,5,0.00,HLT_Mu8_IP6_part0_v2/0,OR,L1_SingleMu22/1.00 L1_SingleMu25/1.00 L1_SingleMu6er1p5/0.00 L1_SingleMu7er1p5/0.00 L1_SingleMu8er1p5/0.00 L1_SingleMu9er1p5/1.00 L1_SingleMu10er1p5/1.00 L1_SingleMu12er1p5/1.00 L1_SingleMu14er1p5/1.00 L1_SingleMu18er1p5/1.00
321414,1240,6,0.00,HLT_Mu8_IP6_part0_v2/0,OR,L1_SingleMu22/1.00 L1_SingleMu25/1.00 L1_SingleMu6er1p5/0.00 L1_SingleMu7er1p5/0.00 L1_SingleMu8er1p5/1.00 L1_SingleMu9er1p5/1.00 L1_SingleMu10er1p5/1.00 L1_SingleMu12er1p5/1.00 L1_SingleMu14er1p5/1.00 L1_SingleMu18er1p5/1.00
321414,1,2,0.00,HLT_Mu8_IP6_part0_v2/0,OR,L1_SingleMu22/1.00 L1_SingleMu25/1.00 L1_SingleMu6er1p5/0.00 L1_SingleMu7er1p5/0.00 L1_SingleMu8er1p5/0.00 L1_SingleMu9er1p5/0.00 L1_SingleMu10er1p5/0.00 L1_SingleMu12er1p5/0.00 L1_SingleMu14er1p5/0.00 L1_SingleMu18er1p5/0.00
321414,386,3,0.00,HLT_Mu8_IP6_part0_v2/0,OR,L1_SingleMu22/1.00 L1_SingleMu25/1.00 L1_SingleMu6er1p5/0.00 L1_SingleMu7er1p5/0.00 L1_SingleMu8er1p5/0.00 L1_SingleMu9er1p5/0.00 L1_SingleMu10er1p5/0.00 L1_SingleMu12er1p5/1.00 L1_SingleMu14er1p5/0.00 L1_SingleMu18er1p5/0.00
321414,627,4,0.00,HLT_Mu8_IP6_part0_v2/0,OR,L1_SingleMu22/1.00 L1_SingleMu25/1.00 L1_SingleMu6er1p5/0.00 L1_SingleMu7er1p5/0.00 L1_SingleMu8er1p5/0.00 L1_SingleMu9er1p5/0.00 L1_SingleMu10er1p5/1.00 L1_SingleMu12er1p5/1.00 L1_SingleMu14er1p5/1.00 L1_SingleMu18er1p5/1.00
321414,875,5,0.00,HLT_Mu8_IP6_part0_v2/0,OR,L1_SingleMu22/1.00 L1_SingleMu25/1.00 L1_SingleMu6er1p5/0.00 L1_SingleMu7er1p5/0.00 L1_SingleMu8er1p5/0.00 L1_SingleMu9er1p5/1.00 L1_SingleMu10er1p5/1.00 L1_SingleMu12er1p5/1.00 L1_SingleMu14er1p5/1.00 L1_SingleMu18er1p5/1.00
321414,1240,6,0.00,HLT_Mu8_IP6_part0_v2/0,OR,L1_SingleMu22/1.00 L1_SingleMu25/1.00 L1_SingleMu6er1p5/0.00 L1_SingleMu7er1p5/0.00 L1_SingleMu8er1p5/1.00 L1_SingleMu9er1p5/1.00 L1_SingleMu10er1p5/1.00 L1_SingleMu12er1p5/1.00 L1_SingleMu14er1p5/1.00 L1_SingleMu18er1p5/1.00
321414,1,2,0.00,HLT_Mu8_IP6_part0_v2/0,OR,L1_SingleMu22/1.00 L1_SingleMu25/1.00 L1_SingleMu6er1p5/0.00 L1_SingleMu7er1p5/0.00 L1_SingleMu8er1p5/0.00 L1_SingleMu9er1p5/0.00 L1_SingleMu10er1p5/0.00 L1_SingleMu12er1p5/0.00 L1_SingleMu14er1p5/0.00 L1_SingleMu18er1p5/0.00
321414,386,3,0.00,HLT_Mu8_IP6_part0_v2/0,OR,L1_SingleMu22/1.00 L1_SingleMu25/1.00 L1_SingleMu6er1p5/0.00 L1_SingleMu7er1p5/0.00 L1_SingleMu8er1p5/0.00 L1_SingleMu9er1p5/0.00 L1_SingleMu10er1p5/0.00 L1_SingleMu12er1p5/1.00 L1_SingleMu14er1p5/0.00 L1_SingleMu18er1p5/0.00
321414,627,4,0.00,HLT_Mu8_IP6_part0_v2/0,OR,L1_SingleMu22/1.00 L1_SingleMu25/1.00 L1_SingleMu6er1p5/0.00 L1_SingleMu7er1p5/0.00 L1_SingleMu8er1p5/0.00 L1_SingleMu9er1p5/0.00 L1_SingleMu10er1p5/1.00 L1_SingleMu12er1p5/1.00 L1_SingleMu14er1p5/1.00 L1_SingleMu18er1p5/1.00
321414,875,5,0.00,HLT_Mu8_IP6_part0_v2/0,OR,L1_SingleMu22/1.00 L1_SingleMu25/1.00 L1_SingleMu6er1p5/0.00 L1_SingleMu7er1p5/0.00 L1_SingleMu8er1p5/0.00 L1_SingleMu9er1p5/1.00 L1_SingleMu10er1p5/1.00 L1_SingleMu12er1p5/1.00 L1_SingleMu14er1p5/1.00 L1_SingleMu18er1p5/1.00
321414,1240,6,0.00,HLT_Mu8_IP6_part0_v2/0,OR,L1_SingleMu22/1.00 L1_SingleMu25/1.00 L1_SingleMu6er1p5/0.00 L1_SingleMu7er1p5/0.00 L1_SingleMu8er1p5/1.00 L1_SingleMu9er1p5/1.00 L1_SingleMu10er1p5/1.00 L1_SingleMu12er1p5/1.00 L1_SingleMu14er1p5/1.00 L1_SingleMu18er1p5/1.00
321415,1,6,0.00,HLT_Mu8_IP6_part0_v2/0,OR,L1_SingleMu22/1.00 L1_SingleMu25/1.00 L1_SingleMu6er1p5/0.00 L1_SingleMu7er1p5/0.00 L1_SingleMu8er1p5/1.00 L1_SingleMu9er1p5/1.00 L1_SingleMu10er1p5/1.00 L1_SingleMu12er1p5/1.00 L1_SingleMu14er1p5/1.00 L1_SingleMu18er1p5/1.00
321415,384,7,0.00,HLT_Mu8_IP6_part0_v2/0,OR,L1_SingleMu22/1.00 L1_SingleMu25/1.00 L1_SingleMu6er1p5/0.00 L1_SingleMu7er1p5/1.00 L1_SingleMu8er1p5/1.00 L1_SingleMu9er1p5/1.00 L1_SingleMu10er1p5/1.00 L1_SingleMu12er1p5/1.00 L1_SingleMu14er1p5/1.00 L1_SingleMu18er1p5/1.00
321415,1,6,0.00,HLT_Mu8_IP6_part0_v2/0,OR,L1_SingleMu22/1.00 L1_SingleMu25/1.00 L1_SingleMu6er1p5/0.00 L1_SingleMu7er1p5/0.00 L1_SingleMu8er1p5/1.00 L1_SingleMu9er1p5/1.00 L1_SingleMu10er1p5/1.00 L1_SingleMu12er1p5/1.00 L1_SingleMu14er1p5/1.00 L1_SingleMu18er1p5/1.00
321415,384,7,0.00,HLT_Mu8_IP6_part0_v2/0,OR,L1_SingleMu22/1.00 L1_SingleMu25/1.00 L1_SingleMu6er1p5/0.00 L1_SingleMu7er1p5/1.00 L1_SingleMu8er1p5/1.00 L1_SingleMu9er1p5/1.00 L1_SingleMu10er1p5/1.00 L1_SingleMu12er1p5/1.00 L1_SingleMu14er1p5/1.00 L1_SingleMu18er1p5/1.00
321433,1,2,0.00,HLT_Mu8_IP6_part0_v2/0,OR,L1_SingleMu22/1.00 L1_SingleMu25/1.00 L1_SingleMu6er1p5/0.00 L1_SingleMu7er1p5/0.00 L1_SingleMu8er1p5/0.00 L1_SingleMu9er1p5/0.00 L1_SingleMu10er1p5/0.00 L1_SingleMu12er1p5/0.00 L1_SingleMu14er1p5/0.00 L1_SingleMu18er1p5/0.00
321433,54,3,0.00,HLT_Mu8_IP6_part0_v2/0,OR,L1_SingleMu22/1.00 L1_SingleMu25/1.00 L1_SingleMu6er1p5/0.00 L1_SingleMu7er1p5/0.00 L1_SingleMu8er1p5/0.00 L1_SingleMu9er1p5/0.00 L1_SingleMu10er1p5/0.00 L1_SingleMu12er1p5/1.00 L1_SingleMu14er1p5/0.00 L1_SingleMu18er1p5/0.00
321434,1,3,0.00,HLT_Mu8_IP6_part0_v2/0,OR,L1_SingleMu22/1.00 L1_SingleMu25/1.00 L1_SingleMu6er1p5/0.00 L1_SingleMu7er1p5/0.00 L1_SingleMu8er1p5/0.00 L1_SingleMu9er1p5/0.00 L1_SingleMu10er1p5/0.00 L1_SingleMu12er1p5/1.00 L1_SingleMu14er1p5/0.00 L1_SingleMu18er1p5/0.00
321434,155,4,0.00,HLT_Mu8_IP6_part0_v2/0,OR,L1_SingleMu22/1.00 L1_SingleMu25/1.00 L1_SingleMu6er1p5/0.00 L1_SingleMu7er1p5/0.00 L1_SingleMu8er1p5/0.00 L1_SingleMu9er1p5/0.00 L1_SingleMu10er1p5/1.00 L1_SingleMu12er1p5/1.00 L1_SingleMu14er1p5/1.00 L1_SingleMu18er1p5/1.00
321434,424,5,0.00,HLT_Mu8_IP6_part0_v2/0,OR,L1_SingleMu22/1.00 L1_SingleMu25/1.00 L1_SingleMu6er1p5/0.00 L1_SingleMu7er1p5/0.00 L1_SingleMu8er1p5/0.00 L1_SingleMu9er1p5/1.00 L1_SingleMu10er1p5/1.00 L1_SingleMu12er1p5/1.00 L1_SingleMu14er1p5/1.00 L1_SingleMu18er1p5/1.00
321434,1,3,0.00,HLT_Mu8_IP6_part0_v2/0,OR,L1_SingleMu22/1.00 L1_SingleMu25/1.00 L1_SingleMu6er1p5/0.00 L1_SingleMu7er1p5/0.00 L1_SingleMu8er1p5/0.00 L1_SingleMu9er1p5/0.00 L1_SingleMu10er1p5/0.00 L1_SingleMu12er1p5/1.00 L1_SingleMu14er1p5/0.00 L1_SingleMu18er1p5/0.00
321434,155,4,0.00,HLT_Mu8_IP6_part0_v2/0,OR,L1_SingleMu22/1.00 L1_SingleMu25/1.00 L1_SingleMu6er1p5/0.00 L1_SingleMu7er1p5/0.00 L1_SingleMu8er1p5/0.00 L1_SingleMu9er1p5/0.00 L1_SingleMu10er1p5/1.00 L1_SingleMu12er1p5/1.00 L1_SingleMu14er1p5/1.00 L1_SingleMu18er1p5/1.00
321434,424,5,0.00,HLT_Mu8_IP6_part0_v2/0,OR,L1_SingleMu22/1.00 L1_SingleMu25/1.00 L1_SingleMu6er1p5/0.00 L1_SingleMu7er1p5/0.00 L1_SingleMu8er1p5/0.00 L1_SingleMu9er1p5/1.00 L1_SingleMu10er1p5/1.00 L1_SingleMu12er1p5/1.00 L1_SingleMu14er1p5/1.00 L1_SingleMu18er1p5/1.00
321434,1,3,0.00,HLT_Mu8_IP6_part0_v2/0,OR,L1_SingleMu22/1.00 L1_SingleMu25/1.00 L1_SingleMu6er1p5/0.00 L1_SingleMu7er1p5/0.00 L1_SingleMu8er1p5/0.00 L1_SingleMu9er1p5/0.00 L1_SingleMu10er1p5/0.00 L1_SingleMu12er1p5/1.00 L1_SingleMu14er1p5/0.00 L1_SingleMu18er1p5/0.00
321434,155,4,0.00,HLT_Mu8_IP6_part0_v2/0,OR,L1_SingleMu22/1.00 L1_SingleMu25/1.00 L1_SingleMu6er1p5/0.00 L1_SingleMu7er1p5/0.00 L1_SingleMu8er1p5/0.00 L1_SingleMu9er1p5/0.00 L1_SingleMu10er1p5/1.00 L1_SingleMu12er1p5/1.00 L1_SingleMu14er1p5/1.00 L1_SingleMu18er1p5/1.00
321434,424,5,0.00,HLT_Mu8_IP6_part0_v2/0,OR,L1_SingleMu22/1.00 L1_SingleMu25/1.00 L1_SingleMu6er1p5/0.00 L1_SingleMu7er1p5/0.00 L1_SingleMu8er1p5/0.00 L1_SingleMu9er1p5/1.00 L1_SingleMu10er1p5/1.00 L1_SingleMu12er1p5/1.00 L1_SingleMu14er1p5/1.00 L1_SingleMu18er1p5/1.00
321436,1,5,0.00,HLT_Mu8_IP6_part0_v2/0,OR,L1_SingleMu22/1.00 L1_SingleMu25/1.00 L1_SingleMu6er1p5/0.00 L1_SingleMu7er1p5/0.00 L1_SingleMu8er1p5/0.00 L1_SingleMu9er1p5/1.00 L1_SingleMu10er1p5/1.00 L1_SingleMu12er1p5/1.00 L1_SingleMu14er1p5/1.00 L1_SingleMu18er1p5/1.00
321436,92,6,0.00,HLT_Mu8_IP6_part0_v2/0,OR,L1_SingleMu22/1.00 L1_SingleMu25/1.00 L1_SingleMu6er1p5/0.00 L1_SingleMu7er1p5/0.00 L1_SingleMu8er1p5/1.00 L1_SingleMu9er1p5/1.00 L1_SingleMu10er1p5/1.00 L1_SingleMu12er1p5/1.00 L1_SingleMu14er1p5/1.00 L1_SingleMu18er1p5/1.00
321436,498,7,0.00,HLT_Mu8_IP6_part0_v2/0,OR,L1_SingleMu22/1.00 L1_SingleMu25/1.00 L1_SingleMu6er1p5/0.00 L1_SingleMu7er1p5/1.00 L1_SingleMu8er1p5/1.00 L1_SingleMu9er1p5/1.00 L1_SingleMu10er1p5/1.00 L1_SingleMu12er1p5/1.00 L1_SingleMu14er1p5/1.00 L1_SingleMu18er1p5/1.00
321436,1,5,0.00,HLT_Mu8_IP6_part0_v2/0,OR,L1_SingleMu22/1.00 L1_SingleMu25/1.00 L1_SingleMu6er1p5/0.00 L1_SingleMu7er1p5/0.00 L1_SingleMu8er1p5/0.00 L1_SingleMu9er1p5/1.00 L1_SingleMu10er1p5/1.00 L1_SingleMu12er1p5/1.00 L1_SingleMu14er1p5/1.00 L1_SingleMu18er1p5/1.00
321436,92,6,0.00,HLT_Mu8_IP6_part0_v2/0,OR,L1_SingleMu22/1.00 L1_SingleMu25/1.00 L1_SingleMu6er1p5/0.00 L1_SingleMu7er1p5/0.00 L1_SingleMu8er1p5/1.00 L1_SingleMu9er1p5/1.00 L1_SingleMu10er1p5/1.00 L1_SingleMu12er1p5/1.00 L1_SingleMu14er1p5/1.00 L1_SingleMu18er1p5/1.00
321436,498,7,0.00,HLT_Mu8_IP6_part0_v2/0,OR,L1_SingleMu22/1.00 L1_SingleMu25/1.00 L1_SingleMu6er1p5/0.00 L1_SingleMu7er1p5/1.00 L1_SingleMu8er1p5/1.00 L1_SingleMu9er1p5/1.00 L1_SingleMu10er1p5/1.00 L1_SingleMu12er1p5/1.00 L1_SingleMu14er1p5/1.00 L1_SingleMu18er1p5/1.00
321457,1,2,0.00,HLT_Mu8_IP6_part0_v2/0,OR,L1_SingleMu22/1.00 L1_SingleMu25/1.00 L1_SingleMu6er1p5/0.00 L1_SingleMu7er1p5/0.00 L1_SingleMu8er1p5/0.00 L1_SingleMu9er1p5/0.00 L1_SingleMu10er1p5/0.00 L1_SingleMu12er1p5/0.00 L1_SingleMu14er1p5/0.00 L1_SingleMu18er1p5/0.00
321457,357,3,0.00,HLT_Mu8_IP6_part0_v2/0,OR,L1_SingleMu22/1.00 L1_SingleMu25/1.00 L1_SingleMu6er1p5/0.00 L1_SingleMu7er1p5/0.00 L1_SingleMu8er1p5/0.00 L1_SingleMu9er1p5/0.00 L1_SingleMu10er1p5/0.00 L1_SingleMu12er1p5/1.00 L1_SingleMu14er1p5/0.00 L1_SingleMu18er1p5/0.00
321457,593,4,0.00,HLT_Mu8_IP6_part0_v2/0,OR,L1_SingleMu22/1.00 L1_SingleMu25/1.00 L1_SingleMu6er1p5/0.00 L1_SingleMu7er1p5/0.00 L1_SingleMu8er1p5/0.00 L1_SingleMu9er1p5/0.00 L1_SingleMu10er1p5/1.00 L1_SingleMu12er1p5/1.00 L1_SingleMu14er1p5/1.00 L1_SingleMu18er1p5/1.00
321457,852,5,0.00,HLT_Mu8_IP6_part0_v2/0,OR,L1_SingleMu22/1.00 L1_SingleMu25/1.00 L1_SingleMu6er1p5/0.00 L1_SingleMu7er1p5/0.00 L1_SingleMu8er1p5/0.00 L1_SingleMu9er1p5/1.00 L1_SingleMu10er1p5/1.00 L1_SingleMu12er1p5/1.00 L1_SingleMu14er1p5/1.00 L1_SingleMu18er1p5/1.00
321457,1201,6,0.00,HLT_Mu8_IP6_part0_v2/0,OR,L1_SingleMu22/1.00 L1_SingleMu25/1.00 L1_SingleMu6er1p5/0.00 L1_SingleMu7er1p5/0.00 L1_SingleMu8er1p5/1.00 L1_SingleMu9er1p5/1.00 L1_SingleMu10er1p5/1.00 L1_SingleMu12er1p5/1.00 L1_SingleMu14er1p5/1.00 L1_SingleMu18er1p5/1.00
321457,1627,7,0.00,HLT_Mu8_IP6_part0_v2/0,OR,L1_SingleMu22/1.00 L1_SingleMu25/1.00 L1_SingleMu6er1p5/0.00 L1_SingleMu7er1p5/1.00 L1_SingleMu8er1p5/1.00 L1_SingleMu9er1p5/1.00 L1_SingleMu10er1p5/1.00 L1_SingleMu12er1p5/1.00 L1_SingleMu14er1p5/1.00 L1_SingleMu18er1p5/1.00
321457,1,2,0.00,HLT_Mu8_IP6_part0_v2/0,OR,L1_SingleMu22/1.00 L1_SingleMu25/1.00 L1_SingleMu6er1p5/0.00 L1_SingleMu7er1p5/0.00 L1_SingleMu8er1p5/0.00 L1_SingleMu9er1p5/0.00 L1_SingleMu10er1p5/0.00 L1_SingleMu12er1p5/0.00 L1_SingleMu14er1p5/0.00 L1_SingleMu18er1p5/0.00
321457,357,3,0.00,HLT_Mu8_IP6_part0_v2/0,OR,L1_SingleMu22/1.00 L1_SingleMu25/1.00 L1_SingleMu6er1p5/0.00 L1_SingleMu7er1p5/0.00 L1_SingleMu8er1p5/0.00 L1_SingleMu9er1p5/0.00 L1_SingleMu10er1p5/0.00 L1_SingleMu12er1p5/1.00 L1_SingleMu14er1p5/0.00 L1_SingleMu18er1p5/0.00
321457,593,4,0.00,HLT_Mu8_IP6_part0_v2/0,OR,L1_SingleMu22/1.00 L1_SingleMu25/1.00 L1_SingleMu6er1p5/0.00 L1_SingleMu7er1p5/0.00 L1_SingleMu8er1p5/0.00 L1_SingleMu9er1p5/0.00 L1_SingleMu10er1p5/1.00 L1_SingleMu12er1p5/1.00 L1_SingleMu14er1p5/1.00 L1_SingleMu18er1p5/1.00
321457,852,5,0.00,HLT_Mu8_IP6_part0_v2/0,OR,L1_SingleMu22/1.00 L1_SingleMu25/1.00 L1_SingleMu6er1p5/0.00 L1_SingleMu7er1p5/0.00 L1_SingleMu8er1p5/0.00 L1_SingleMu9er1p5/1.00 L1_SingleMu10er1p5/1.00 L1_SingleMu12er1p5/1.00 L1_SingleMu14er1p5/1.00 L1_SingleMu18er1p5/1.00
321457,1201,6,0.00,HLT_Mu8_IP6_part0_v2/0,OR,L1_SingleMu22/1.00 L1_SingleMu25/1.00 L1_SingleMu6er1p5/0.00 L1_SingleMu7er1p5/0.00 L1_SingleMu8er1p5/1.00 L1_SingleMu9er1p5/1.00 L1_SingleMu10er1p5/1.00 L1_SingleMu12er1p5/1.00 L1_SingleMu14er1p5/1.00 L1_SingleMu18er1p5/1.00
321457,1627,7,0.00,HLT_Mu8_IP6_part0_v2/0,OR,L1_SingleMu22/1.00 L1_SingleMu25/1.00 L1_SingleMu6er1p5/0.00 L1_SingleMu7er1p5/1.00 L1_SingleMu8er1p5/1.00 L1_SingleMu9er1p5/1.00 L1_SingleMu10er1p5/1.00 L1_SingleMu12er1p5/1.00 L1_SingleMu14er1p5/1.00 L1_SingleMu18er1p5/1.00
321457,1,2,0.00,HLT_Mu8_IP6_part0_v2/0,OR,L1_SingleMu22/1.00 L1_SingleMu25/1.00 L1_SingleMu6er1p5/0.00 L1_SingleMu7er1p5/0.00 L1_SingleMu8er1p5/0.00 L1_SingleMu9er1p5/0.00 L1_SingleMu10er1p5/0.00 L1_SingleMu12er1p5/0.00 L1_SingleMu14er1p5/0.00 L1_SingleMu18er1p5/0.00
321457,357,3,0.00,HLT_Mu8_IP6_part0_v2/0,OR,L1_SingleMu22/1.00 L1_SingleMu25/1.00 L1_SingleMu6er1p5/0.00 L1_SingleMu7er1p5/0.00 L1_SingleMu8er1p5/0.00 L1_SingleMu9er1p5/0.00 L1_SingleMu10er1p5/0.00 L1_SingleMu12er1p5/1.00 L1_SingleMu14er1p5/0.00 L1_SingleMu18er1p5/0.00
321457,593,4,0.00,HLT_Mu8_IP6_part0_v2/0,OR,L1_SingleMu22/1.00 L1_SingleMu25/1.00 L1_SingleMu6er1p5/0.00 L1_SingleMu7er1p5/0.00 L1_SingleMu8er1p5/0.00 L1_SingleMu9er1p5/0.00 L1_SingleMu10er1p5/1.00 L1_SingleMu12er1p5/1.00 L1_SingleMu14er1p5/1.00 L1_SingleMu18er1p5/1.00
321457,852,5,0.00,HLT_Mu8_IP6_part0_v2/0,OR,L1_SingleMu22/1.00 L1_SingleMu25/1.00 L1_SingleMu6er1p5/0.00 L1_SingleMu7er1p5/0.00 L1_SingleMu8er1p5/0.00 L1_SingleMu9er1p5/1.00 L1_SingleMu10er1p5/1.00 L1_SingleMu12er1p5/1.00 L1_SingleMu14er1p5/1.00 L1_SingleMu18er1p5/1.00
321457,1201,6,0.00,HLT_Mu8_IP6_part0_v2/0,OR,L1_SingleMu22/1.00 L1_SingleMu25/1.00 L1_SingleMu6er1p5/0.00 L1_SingleMu7er1p5/0.00 L1_SingleMu8er1p5/1.00 L1_SingleMu9er1p5/1.00 L1_SingleMu10er1p5/1.00 L1_SingleMu12er1p5/1.00 L1_SingleMu14er1p5/1.00 L1_SingleMu18er1p5/1.00
321457,1627,7,0.00,HLT_Mu8_IP6_part0_v2/0,OR,L1_SingleMu22/1.00 L1_SingleMu25/1.00 L1_SingleMu6er1p5/0.00 L1_SingleMu7er1p5/1.00 L1_SingleMu8er1p5/1.00 L1_SingleMu9er1p5/1.00 L1_SingleMu10er1p5/1.00 L1_SingleMu12er1p5/1.00 L1_SingleMu14er1p5/1.00 L1_SingleMu18er1p5/1.00
321457,1,2,0.00,HLT_Mu8_IP6_part0_v2/0,OR,L1_SingleMu22/1.00 L1_SingleMu25/1.00 L1_SingleMu6er1p5/0.00 L1_SingleMu7er1p5/0.00 L1_SingleMu8er1p5/0.00 L1_SingleMu9er1p5/0.00 L1_SingleMu10er1p5/0.00 L1_SingleMu12er1p5/0.00 L1_SingleMu14er1p5/0.00 L1_SingleMu18er1p5/0.00
321457,357,3,0.00,HLT_Mu8_IP6_part0_v2/0,OR,L1_SingleMu22/1.00 L1_SingleMu25/1.00 L1_SingleMu6er1p5/0.00 L1_SingleMu7er1p5/0.00 L1_SingleMu8er1p5/0.00 L1_SingleMu9er1p5/0.00 L1_SingleMu10er1p5/0.00 L1_SingleMu12er1p5/1.00 L1_SingleMu14er1p5/0.00 L1_SingleMu18er1p5/0.00
321457,593,4,0.00,HLT_Mu8_IP6_part0_v2/0,OR,L1_SingleMu22/1.00 L1_SingleMu25/1.00 L1_SingleMu6er1p5/0.00 L1_SingleMu7er1p5/0.00 L1_SingleMu8er1p5/0.00 L1_SingleMu9er1p5/0.00 L1_SingleMu10er1p5/1.00 L1_SingleMu12er1p5/1.00 L1_SingleMu14er1p5/1.00 L1_SingleMu18er1p5/1.00
321457,852,5,0.00,HLT_Mu8_IP6_part0_v2/0,OR,L1_SingleMu22/1.00 L1_SingleMu25/1.00 L1_SingleMu6er1p5/0.00 L1_SingleMu7er1p5/0.00 L1_SingleMu8er1p5/0.00 L1_SingleMu9er1p5/1.00 L1_SingleMu10er1p5/1.00 L1_SingleMu12er1p5/1.00 L1_SingleMu14er1p5/1.00 L1_SingleMu18er1p5/1.00
321457,1201,6,0.00,HLT_Mu8_IP6_part0_v2/0,OR,L1_SingleMu22/1.00 L1_SingleMu25/1.00 L1_SingleMu6er1p5/0.00 L1_SingleMu7er1p5/0.00 L1_SingleMu8er1p5/1.00 L1_SingleMu9er1p5/1.00 L1_SingleMu10er1p5/1.00 L1_SingleMu12er1p5/1.00 L1_SingleMu14er1p5/1.00 L1_SingleMu18er1p5/1.00
321457,1627,7,0.00,HLT_Mu8_IP6_part0_v2/0,OR,L1_SingleMu22/1.00 L1_SingleMu25/1.00 L1_SingleMu6er1p5/0.00 L1_SingleMu7er1p5/1.00 L1_SingleMu8er1p5/1.00 L1_SingleMu9er1p5/1.00 L1_SingleMu10er1p5/1.00 L1_SingleMu12er1p5/1.00 L1_SingleMu14er1p5/1.00 L1_SingleMu18er1p5/1.00
321461,1,7,0.00,HLT_Mu8_IP6_part0_v2/0,OR,L1_SingleMu22/1.00 L1_SingleMu25/1.00 L1_SingleMu6er1p5/0.00 L1_SingleMu7er1p5/1.00 L1_SingleMu8er1p5/1.00 L1_SingleMu9er1p5/1.00 L1_SingleMu10er1p5/1.00 L1_SingleMu12er1p5/1.00 L1_SingleMu14er1p5/1.00 L1_SingleMu18er1p5/1.00
321475,1,2,0.00,HLT_Mu8_IP6_part0_v2/0,OR,L1_SingleMu22/1.00 L1_SingleMu25/1.00 L1_SingleMu6er1p5/0.00 L1_SingleMu7er1p5/0.00 L1_SingleMu8er1p5/0.00 L1_SingleMu9er1p5/0.00 L1_SingleMu10er1p5/0.00 L1_SingleMu12er1p5/0.00 L1_SingleMu14er1p5/0.00 L1_SingleMu18er1p5/0.00
321475,197,3,0.00,HLT_Mu8_IP6_part0_v2/0,OR,L1_SingleMu22/1.00 L1_SingleMu25/1.00 L1_SingleMu6er1p5/0.00 L1_SingleMu7er1p5/0.00 L1_SingleMu8er1p5/0.00 L1_SingleMu9er1p5/0.00 L1_SingleMu10er1p5/0.00 L1_SingleMu12er1p5/1.00 L1_SingleMu14er1p5/0.00 L1_SingleMu18er1p5/0.00
321475,479,4,0.00,HLT_Mu8_IP6_part0_v2/0,OR,L1_SingleMu22/1.00 L1_SingleMu25/1.00 L1_SingleMu6er1p5/0.00 L1_SingleMu7er1p5/0.00 L1_SingleMu8er1p5/0.00 L1_SingleMu9er1p5/0.00 L1_SingleMu10er1p5/1.00 L1_SingleMu12er1p5/1.00 L1_SingleMu14er1p5/1.00 L1_SingleMu18er1p5/1.00
321475,741,5,0.00,HLT_Mu8_IP6_part0_v2/0,OR,L1_SingleMu22/1.00 L1_SingleMu25/1.00 L1_SingleMu6er1p5/0.00 L1_SingleMu7er1p5/0.00 L1_SingleMu8er1p5/0.00 L1_SingleMu9er1p5/1.00 L1_SingleMu10er1p5/1.00 L1_SingleMu12er1p5/1.00 L1_SingleMu14er1p5/1.00 L1_SingleMu18er1p5/1.00
321475,1052,6,0.00,HLT_Mu8_IP6_part0_v2/0,OR,L1_SingleMu22/1.00 L1_SingleMu25/1.00 L1_SingleMu6er1p5/0.00 L1_SingleMu7er1p5/0.00 L1_SingleMu8er1p5/1.00 L1_SingleMu9er1p5/1.00 L1_SingleMu10er1p5/1.00 L1_SingleMu12er1p5/1.00 L1_SingleMu14er1p5/1.00 L1_SingleMu18er1p5/1.00
321475,1525,7,0.00,HLT_Mu8_IP6_part0_v2/0,OR,L1_SingleMu22/1.00 L1_SingleMu25/1.00 L1_SingleMu6er1p5/0.00 L1_SingleMu7er1p5/1.00 L1_SingleMu8er1p5/1.00 L1_SingleMu9er1p5/1.00 L1_SingleMu10er1p5/1.00 L1_SingleMu12er1p5/1.00 L1_SingleMu14er1p5/1.00 L1_SingleMu18er1p5/1.00
321475,1916,6,0.00,HLT_Mu8_IP6_part0_v2/0,OR,L1_SingleMu22/1.00 L1_SingleMu25/1.00 L1_SingleMu6er1p5/0.00 L1_SingleMu7er1p5/0.00 L1_SingleMu8er1p5/1.00 L1_SingleMu9er1p5/1.00 L1_SingleMu10er1p5/1.00 L1_SingleMu12er1p5/1.00 L1_SingleMu14er1p5/1.00 L1_SingleMu18er1p5/1.00
321475,1922,7,0.00,HLT_Mu8_IP6_part0_v2/0,OR,L1_SingleMu22/1.00 L1_SingleMu25/1.00 L1_SingleMu6er1p5/0.00 L1_SingleMu7er1p5/1.00 L1_SingleMu8er1p5/1.00 L1_SingleMu9er1p5/1.00 L1_SingleMu10er1p5/1.00 L1_SingleMu12er1p5/1.00 L1_SingleMu14er1p5/1.00 L1_SingleMu18er1p5/1.00
321475,1,2,0.00,HLT_Mu8_IP6_part0_v2/0,OR,L1_SingleMu22/1.00 L1_SingleMu25/1.00 L1_SingleMu6er1p5/0.00 L1_SingleMu7er1p5/0.00 L1_SingleMu8er1p5/0.00 L1_SingleMu9er1p5/0.00 L1_SingleMu10er1p5/0.00 L1_SingleMu12er1p5/0.00 L1_SingleMu14er1p5/0.00 L1_SingleMu18er1p5/0.00
321475,197,3,0.00,HLT_Mu8_IP6_part0_v2/0,OR,L1_SingleMu22/1.00 L1_SingleMu25/1.00 L1_SingleMu6er1p5/0.00 L1_SingleMu7er1p5/0.00 L1_SingleMu8er1p5/0.00 L1_SingleMu9er1p5/0.00 L1_SingleMu10er1p5/0.00 L1_SingleMu12er1p5/1.00 L1_SingleMu14er1p5/0.00 L1_SingleMu18er1p5/0.00
321475,479,4,0.00,HLT_Mu8_IP6_part0_v2/0,OR,L1_SingleMu22/1.00 L1_SingleMu25/1.00 L1_SingleMu6er1p5/0.00 L1_SingleMu7er1p5/0.00 L1_SingleMu8er1p5/0.00 L1_SingleMu9er1p5/0.00 L1_SingleMu10er1p5/1.00 L1_SingleMu12er1p5/1.00 L1_SingleMu14er1p5/1.00 L1_SingleMu18er1p5/1.00
321475,741,5,0.00,HLT_Mu8_IP6_part0_v2/0,OR,L1_SingleMu22/1.00 L1_SingleMu25/1.00 L1_SingleMu6er1p5/0.00 L1_SingleMu7er1p5/0.00 L1_SingleMu8er1p5/0.00 L1_SingleMu9er1p5/1.00 L1_SingleMu10er1p5/1.00 L1_SingleMu12er1p5/1.00 L1_SingleMu14er1p5/1.00 L1_SingleMu18er1p5/1.00
321475,1052,6,0.00,HLT_Mu8_IP6_part0_v2/0,OR,L1_SingleMu22/1.00 L1_SingleMu25/1.00 L1_SingleMu6er1p5/0.00 L1_SingleMu7er1p5/0.00 L1_SingleMu8er1p5/1.00 L1_SingleMu9er1p5/1.00 L1_SingleMu10er1p5/1.00 L1_SingleMu12er1p5/1.00 L1_SingleMu14er1p5/1.00 L1_SingleMu18er1p5/1.00
321475,1525,7,0.00,HLT_Mu8_IP6_part0_v2/0,OR,L1_SingleMu22/1.00 L1_SingleMu25/1.00 L1_SingleMu6er1p5/0.00 L1_SingleMu7er1p5/1.00 L1_SingleMu8er1p5/1.00 L1_SingleMu9er1p5/1.00 L1_SingleMu10er1p5/1.00 L1_SingleMu12er1p5/1.00 L1_SingleMu14er1p5/1.00 L1_SingleMu18er1p5/1.00
321475,1916,6,0.00,HLT_Mu8_IP6_part0_v2/0,OR,L1_SingleMu22/1.00 L1_SingleMu25/1.00 L1_SingleMu6er1p5/0.00 L1_SingleMu7er1p5/0.00 L1_SingleMu8er1p5/1.00 L1_SingleMu9er1p5/1.00 L1_SingleMu10er1p5/1.00 L1_SingleMu12er1p5/1.00 L1_SingleMu14er1p5/1.00 L1_SingleMu18er1p5/1.00
321475,1922,7,0.00,HLT_Mu8_IP6_part0_v2/0,OR,L1_SingleMu22/1.00 L1_SingleMu25/1.00 L1_SingleMu6er1p5/0.00 L1_SingleMu7er1p5/1.00 L1_SingleMu8er1p5/1.00 L1_SingleMu9er1p5/1.00 L1_SingleMu10er1p5/1.00 L1_SingleMu12er1p5/1.00 L1_SingleMu14er1p5/1.00 L1_SingleMu18er1p5/1.00
321475,1,2,0.00,HLT_Mu8_IP6_part0_v2/0,OR,L1_SingleMu22/1.00 L1_SingleMu25/1.00 L1_SingleMu6er1p5/0.00 L1_SingleMu7er1p5/0.00 L1_SingleMu8er1p5/0.00 L1_SingleMu9er1p5/0.00 L1_SingleMu10er1p5/0.00 L1_SingleMu12er1p5/0.00 L1_SingleMu14er1p5/0.00 L1_SingleMu18er1p5/0.00
321475,197,3,0.00,HLT_Mu8_IP6_part0_v2/0,OR,L1_SingleMu22/1.00 L1_SingleMu25/1.00 L1_SingleMu6er1p5/0.00 L1_SingleMu7er1p5/0.00 L1_SingleMu8er1p5/0.00 L1_SingleMu9er1p5/0.00 L1_SingleMu10er1p5/0.00 L1_SingleMu12er1p5/1.00 L1_SingleMu14er1p5/0.00 L1_SingleMu18er1p5/0.00
321475,479,4,0.00,HLT_Mu8_IP6_part0_v2/0,OR,L1_SingleMu22/1.00 L1_SingleMu25/1.00 L1_SingleMu6er1p5/0.00 L1_SingleMu7er1p5/0.00 L1_SingleMu8er1p5/0.00 L1_SingleMu9er1p5/0.00 L1_SingleMu10er1p5/1.00 L1_SingleMu12er1p5/1.00 L1_SingleMu14er1p5/1.00 L1_SingleMu18er1p5/1.00
321475,741,5,0.00,HLT_Mu8_IP6_part0_v2/0,OR,L1_SingleMu22/1.00 L1_SingleMu25/1.00 L1_SingleMu6er1p5/0.00 L1_SingleMu7er1p5/0.00 L1_SingleMu8er1p5/0.00 L1_SingleMu9er1p5/1.00 L1_SingleMu10er1p5/1.00 L1_SingleMu12er1p5/1.00 L1_SingleMu14er1p5/1.00 L1_SingleMu18er1p5/1.00
321475,1052,6,0.00,HLT_Mu8_IP6_part0_v2/0,OR,L1_SingleMu22/1.00 L1_SingleMu25/1.00 L1_SingleMu6er1p5/0.00 L1_SingleMu7er1p5/0.00 L1_SingleMu8er1p5/1.00 L1_SingleMu9er1p5/1.00 L1_SingleMu10er1p5/1.00 L1_SingleMu12er1p5/1.00 L1_SingleMu14er1p5/1.00 L1_SingleMu18er1p5/1.00
321475,1525,7,0.00,HLT_Mu8_IP6_part0_v2/0,OR,L1_SingleMu22/1.00 L1_SingleMu25/1.00 L1_SingleMu6er1p5/0.00 L1_SingleMu7er1p5/1.00 L1_SingleMu8er1p5/1.00 L1_SingleMu9er1p5/1.00 L1_SingleMu10er1p5/1.00 L1_SingleMu12er1p5/1.00 L1_SingleMu14er1p5/1.00 L1_SingleMu18er1p5/1.00
321475,1916,6,0.00,HLT_Mu8_IP6_part0_v2/0,OR,L1_SingleMu22/1.00 L1_SingleMu25/1.00 L1_SingleMu6er1p5/0.00 L1_SingleMu7er1p5/0.00 L1_SingleMu8er1p5/1.00 L1_SingleMu9er1p5/1.00 L1_SingleMu10er1p5/1.00 L1_SingleMu12er1p5/1.00 L1_SingleMu14er1p5/1.00 L1_SingleMu18er1p5/1.00
321475,1922,7,0.00,HLT_Mu8_IP6_part0_v2/0,OR,L1_SingleMu22/1.00 L1_SingleMu25/1.00 L1_SingleMu6er1p5/0.00 L1_SingleMu7er1p5/1.00 L1_SingleMu8er1p5/1.00 L1_SingleMu9er1p5/1.00 L1_SingleMu10er1p5/1.00 L1_SingleMu12er1p5/1.00 L1_SingleMu14er1p5/1.00 L1_SingleMu18er1p5/1.00
321475,1,2,0.00,HLT_Mu8_IP6_part0_v2/0,OR,L1_SingleMu22/1.00 L1_SingleMu25/1.00 L1_SingleMu6er1p5/0.00 L1_SingleMu7er1p5/0.00 L1_SingleMu8er1p5/0.00 L1_SingleMu9er1p5/0.00 L1_SingleMu10er1p5/0.00 L1_SingleMu12er1p5/0.00 L1_SingleMu14er1p5/0.00 L1_SingleMu18er1p5/0.00
321475,197,3,0.00,HLT_Mu8_IP6_part0_v2/0,OR,L1_SingleMu22/1.00 L1_SingleMu25/1.00 L1_SingleMu6er1p5/0.00 L1_SingleMu7er1p5/0.00 L1_SingleMu8er1p5/0.00 L1_SingleMu9er1p5/0.00 L1_SingleMu10er1p5/0.00 L1_SingleMu12er1p5/1.00 L1_SingleMu14er1p5/0.00 L1_SingleMu18er1p5/0.00
321475,479,4,0.00,HLT_Mu8_IP6_part0_v2/0,OR,L1_SingleMu22/1.00 L1_SingleMu25/1.00 L1_SingleMu6er1p5/0.00 L1_SingleMu7er1p5/0.00 L1_SingleMu8er1p5/0.00 L1_SingleMu9er1p5/0.00 L1_SingleMu10er1p5/1.00 L1_SingleMu12er1p5/1.00 L1_SingleMu14er1p5/1.00 L1_SingleMu18er1p5/1.00
321475,741,5,0.00,HLT_Mu8_IP6_part0_v2/0,OR,L1_SingleMu22/1.00 L1_SingleMu25/1.00 L1_SingleMu6er1p5/0.00 L1_SingleMu7er1p5/0.00 L1_SingleMu8er1p5/0.00 L1_SingleMu9er1p5/1.00 L1_SingleMu10er1p5/1.00 L1_SingleMu12er1p5/1.00 L1_SingleMu14er1p5/1.00 L1_SingleMu18er1p5/1.00
321475,1052,6,0.00,HLT_Mu8_IP6_part0_v2/0,OR,L1_SingleMu22/1.00 L1_SingleMu25/1.00 L1_SingleMu6er1p5/0.00 L1_SingleMu7er1p5/0.00 L1_SingleMu8er1p5/1.00 L1_SingleMu9er1p5/1.00 L1_SingleMu10er1p5/1.00 L1_SingleMu12er1p5/1.00 L1_SingleMu14er1p5/1.00 L1_SingleMu18er1p5/1.00
321475,1525,7,0.00,HLT_Mu8_IP6_part0_v2/0,OR,L1_SingleMu22/1.00 L1_SingleMu25/1.00 L1_SingleMu6er1p5/0.00 L1_SingleMu7er1p5/1.00 L1_SingleMu8er1p5/1.00 L1_SingleMu9er1p5/1.00 L1_SingleMu10er1p5/1.00 L1_SingleMu12er1p5/1.00 L1_SingleMu14er1p5/1.00 L1_SingleMu18er1p5/1.00
321475,1916,6,0.00,HLT_Mu8_IP6_part0_v2/0,OR,L1_SingleMu22/1.00 L1_SingleMu25/1.00 L1_SingleMu6er1p5/0.00 L1_SingleMu7er1p5/0.00 L1_SingleMu8er1p5/1.00 L1_SingleMu9er1p5/1.00 L1_SingleMu10er1p5/1.00 L1_SingleMu12er1p5/1.00 L1_SingleMu14er1p5/1.00 L1_SingleMu18er1p5/1.00
321475,1922,7,0.00,HLT_Mu8_IP6_part0_v2/0,OR,L1_SingleMu22/1.00 L1_SingleMu25/1.00 L1_SingleMu6er1p5/0.00 L1_SingleMu7er1p5/1.00 L1_SingleMu8er1p5/1.00 L1_SingleMu9er1p5/1.00 L1_SingleMu10er1p5/1.00 L1_SingleMu12er1p5/1.00 L1_SingleMu14er1p5/1.00 L1_SingleMu18er1p5/1.00
321712,1,2,0.00,HLT_Mu8_IP6_part0_v2/0,OR,L1_SingleMu22/1.00 L1_SingleMu25/1.00 L1_SingleMu6er1p5/0.00 L1_SingleMu7er1p5/0.00 L1_SingleMu8er1p5/0.00 L1_SingleMu9er1p5/0.00 L1_SingleMu10er1p5/0.00 L1_SingleMu12er1p5/0.00 L1_SingleMu14er1p5/0.00 L1_SingleMu18er1p5/0.00
321712,15,3,0.00,HLT_Mu8_IP6_part0_v2/0,OR,L1_SingleMu22/1.00 L1_SingleMu25/1.00 L1_SingleMu6er1p5/0.00 L1_SingleMu7er1p5/0.00 L1_SingleMu8er1p5/0.00 L1_SingleMu9er1p5/0.00 L1_SingleMu10er1p5/0.00 L1_SingleMu12er1p5/1.00 L1_SingleMu14er1p5/0.00 L1_SingleMu18er1p5/0.00
321712,201,4,0.00,HLT_Mu8_IP6_part0_v2/0,OR,L1_SingleMu22/1.00 L1_SingleMu25/1.00 L1_SingleMu6er1p5/0.00 L1_SingleMu7er1p5/0.00 L1_SingleMu8er1p5/0.00 L1_SingleMu9er1p5/0.00 L1_SingleMu10er1p5/1.00 L1_SingleMu12er1p5/1.00 L1_SingleMu14er1p5/1.00 L1_SingleMu18er1p5/1.00
321712,1,2,0.00,HLT_Mu8_IP6_part0_v2/0,OR,L1_SingleMu22/1.00 L1_SingleMu25/1.00 L1_SingleMu6er1p5/0.00 L1_SingleMu7er1p5/0.00 L1_SingleMu8er1p5/0.00 L1_SingleMu9er1p5/0.00 L1_SingleMu10er1p5/0.00 L1_SingleMu12er1p5/0.00 L1_SingleMu14er1p5/0.00 L1_SingleMu18er1p5/0.00
321712,15,3,0.00,HLT_Mu8_IP6_part0_v2/0,OR,L1_SingleMu22/1.00 L1_SingleMu25/1.00 L1_SingleMu6er1p5/0.00 L1_SingleMu7er1p5/0.00 L1_SingleMu8er1p5/0.00 L1_SingleMu9er1p5/0.00 L1_SingleMu10er1p5/0.00 L1_SingleMu12er1p5/1.00 L1_SingleMu14er1p5/0.00 L1_SingleMu18er1p5/0.00
321712,201,4,0.00,HLT_Mu8_IP6_part0_v2/0,OR,L1_SingleMu22/1.00 L1_SingleMu25/1.00 L1_SingleMu6er1p5/0.00 L1_SingleMu7er1p5/0.00 L1_SingleMu8er1p5/0.00 L1_SingleMu9er1p5/0.00 L1_SingleMu10er1p5/1.00 L1_SingleMu12er1p5/1.00 L1_SingleMu14er1p5/1.00 L1_SingleMu18er1p5/1.00
321730,1,2,0.00,HLT_Mu8_IP6_part0_v2/0,OR,L1_SingleMu22/1.00 L1_SingleMu25/1.00 L1_SingleMu6er1p5/0.00 L1_SingleMu7er1p5/0.00 L1_SingleMu8er1p5/0.00 L1_SingleMu9er1p5/0.00 L1_SingleMu10er1p5/0.00 L1_SingleMu12er1p5/0.00 L1_SingleMu14er1p5/0.00 L1_SingleMu18er1p5/0.00
321730,196,3,0.00,HLT_Mu8_IP6_part0_v2/0,OR,L1_SingleMu22/1.00 L1_SingleMu25/1.00 L1_SingleMu6er1p5/0.00 L1_SingleMu7er1p5/0.00 L1_SingleMu8er1p5/0.00 L1_SingleMu9er1p5/0.00 L1_SingleMu10er1p5/0.00 L1_SingleMu12er1p5/1.00 L1_SingleMu14er1p5/0.00 L1_SingleMu18er1p5/0.00
321732,1,3,0.00,HLT_Mu8_IP6_part0_v2/0,OR,L1_SingleMu22/1.00 L1_SingleMu25/1.00 L1_SingleMu6er1p5/0.00 L1_SingleMu7er1p5/0.00 L1_SingleMu8er1p5/0.00 L1_SingleMu9er1p5/0.00 L1_SingleMu10er1p5/0.00 L1_SingleMu12er1p5/1.00 L1_SingleMu14er1p5/0.00 L1_SingleMu18er1p5/0.00
321732,107,4,0.00,HLT_Mu8_IP6_part0_v2/0,OR,L1_SingleMu22/1.00 L1_SingleMu25/1.00 L1_SingleMu6er1p5/0.00 L1_SingleMu7er1p5/0.00 L1_SingleMu8er1p5/0.00 L1_SingleMu9er1p5/0.00 L1_SingleMu10er1p5/1.00 L1_SingleMu12er1p5/1.00 L1_SingleMu14er1p5/1.00 L1_SingleMu18er1p5/1.00
321732,382,5,0.00,HLT_Mu8_IP6_part0_v2/0,OR,L1_SingleMu22/1.00 L1_SingleMu25/1.00 L1_SingleMu6er1p5/0.00 L1_SingleMu7er1p5/0.00 L1_SingleMu8er1p5/0.00 L1_SingleMu9er1p5/1.00 L1_SingleMu10er1p5/1.00 L1_SingleMu12er1p5/1.00 L1_SingleMu14er1p5/1.00 L1_SingleMu18er1p5/1.00
321732,693,6,5.00,HLT_Mu8_IP6_part0_v2/5,OR,L1_SingleMu22/1.00 L1_SingleMu25/1.00 L1_SingleMu6er1p5/0.00 L1_SingleMu7er1p5/0.00 L1_SingleMu8er1p5/1.00 L1_SingleMu9er1p5/1.00 L1_SingleMu10er1p5/1.00 L1_SingleMu12er1p5/1.00 L1_SingleMu14er1p5/1.00 L1_SingleMu18er1p5/1.00
321732,1054,7,5.00,HLT_Mu8_IP6_part0_v2/5,OR,L1_SingleMu22/1.00 L1_SingleMu25/1.00 L1_SingleMu6er1p5/0.00 L1_SingleMu7er1p5/1.00 L1_SingleMu8er1p5/1.00 L1_SingleMu9er1p5/1.00 L1_SingleMu10er1p5/1.00 L1_SingleMu12er1p5/1.00 L1_SingleMu14er1p5/1.00 L1_SingleMu18er1p5/1.00
321732,1,3,0.00,HLT_Mu8_IP6_part0_v2/0,OR,L1_SingleMu22/1.00 L1_SingleMu25/1.00 L1_SingleMu6er1p5/0.00 L1_SingleMu7er1p5/0.00 L1_SingleMu8er1p5/0.00 L1_SingleMu9er1p5/0.00 L1_SingleMu10er1p5/0.00 L1_SingleMu12er1p5/1.00 L1_SingleMu14er1p5/0.00 L1_SingleMu18er1p5/0.00
321732,107,4,0.00,HLT_Mu8_IP6_part0_v2/0,OR,L1_SingleMu22/1.00 L1_SingleMu25/1.00 L1_SingleMu6er1p5/0.00 L1_SingleMu7er1p5/0.00 L1_SingleMu8er1p5/0.00 L1_SingleMu9er1p5/0.00 L1_SingleMu10er1p5/1.00 L1_SingleMu12er1p5/1.00 L1_SingleMu14er1p5/1.00 L1_SingleMu18er1p5/1.00
321732,382,5,0.00,HLT_Mu8_IP6_part0_v2/0,OR,L1_SingleMu22/1.00 L1_SingleMu25/1.00 L1_SingleMu6er1p5/0.00 L1_SingleMu7er1p5/0.00 L1_SingleMu8er1p5/0.00 L1_SingleMu9er1p5/1.00 L1_SingleMu10er1p5/1.00 L1_SingleMu12er1p5/1.00 L1_SingleMu14er1p5/1.00 L1_SingleMu18er1p5/1.00
321732,693,6,5.00,HLT_Mu8_IP6_part0_v2/5,OR,L1_SingleMu22/1.00 L1_SingleMu25/1.00 L1_SingleMu6er1p5/0.00 L1_SingleMu7er1p5/0.00 L1_SingleMu8er1p5/1.00 L1_SingleMu9er1p5/1.00 L1_SingleMu10er1p5/1.00 L1_SingleMu12er1p5/1.00 L1_SingleMu14er1p5/1.00 L1_SingleMu18er1p5/1.00
321732,1054,7,5.00,HLT_Mu8_IP6_part0_v2/5,OR,L1_SingleMu22/1.00 L1_SingleMu25/1.00 L1_SingleMu6er1p5/0.00 L1_SingleMu7er1p5/1.00 L1_SingleMu8er1p5/1.00 L1_SingleMu9er1p5/1.00 L1_SingleMu10er1p5/1.00 L1_SingleMu12er1p5/1.00 L1_SingleMu14er1p5/1.00 L1_SingleMu18er1p5/1.00
321732,1,3,0.00,HLT_Mu8_IP6_part0_v2/0,OR,L1_SingleMu22/1.00 L1_SingleMu25/1.00 L1_SingleMu6er1p5/0.00 L1_SingleMu7er1p5/0.00 L1_SingleMu8er1p5/0.00 L1_SingleMu9er1p5/0.00 L1_SingleMu10er1p5/0.00 L1_SingleMu12er1p5/1.00 L1_SingleMu14er1p5/0.00 L1_SingleMu18er1p5/0.00
321732,107,4,0.00,HLT_Mu8_IP6_part0_v2/0,OR,L1_SingleMu22/1.00 L1_SingleMu25/1.00 L1_SingleMu6er1p5/0.00 L1_SingleMu7er1p5/0.00 L1_SingleMu8er1p5/0.00 L1_SingleMu9er1p5/0.00 L1_SingleMu10er1p5/1.00 L1_SingleMu12er1p5/1.00 L1_SingleMu14er1p5/1.00 L1_SingleMu18er1p5/1.00
321732,382,5,0.00,HLT_Mu8_IP6_part0_v2/0,OR,L1_SingleMu22/1.00 L1_SingleMu25/1.00 L1_SingleMu6er1p5/0.00 L1_SingleMu7er1p5/0.00 L1_SingleMu8er1p5/0.00 L1_SingleMu9er1p5/1.00 L1_SingleMu10er1p5/1.00 L1_SingleMu12er1p5/1.00 L1_SingleMu14er1p5/1.00 L1_SingleMu18er1p5/1.00
321732,693,6,5.00,HLT_Mu8_IP6_part0_v2/5,OR,L1_SingleMu22/1.00 L1_SingleMu25/1.00 L1_SingleMu6er1p5/0.00 L1_SingleMu7er1p5/0.00 L1_SingleMu8er1p5/1.00 L1_SingleMu9er1p5/1.00 L1_SingleMu10er1p5/1.00 L1_SingleMu12er1p5/1.00 L1_SingleMu14er1p5/1.00 L1_SingleMu18er1p5/1.00
321732,1054,7,5.00,HLT_Mu8_IP6_part0_v2/5,OR,L1_SingleMu22/1.00 L1_SingleMu25/1.00 L1_SingleMu6er1p5/0.00 L1_SingleMu7er1p5/1.00 L1_SingleMu8er1p5/1.00 L1_SingleMu9er1p5/1.00 L1_SingleMu10er1p5/1.00 L1_SingleMu12er1p5/1.00 L1_SingleMu14er1p5/1.00 L1_SingleMu18er1p5/1.00
321732,1,3,0.00,HLT_Mu8_IP6_part0_v2/0,OR,L1_SingleMu22/1.00 L1_SingleMu25/1.00 L1_SingleMu6er1p5/0.00 L1_SingleMu7er1p5/0.00 L1_SingleMu8er1p5/0.00 L1_SingleMu9er1p5/0.00 L1_SingleMu10er1p5/0.00 L1_SingleMu12er1p5/1.00 L1_SingleMu14er1p5/0.00 L1_SingleMu18er1p5/0.00
321732,107,4,0.00,HLT_Mu8_IP6_part0_v2/0,OR,L1_SingleMu22/1.00 L1_SingleMu25/1.00 L1_SingleMu6er1p5/0.00 L1_SingleMu7er1p5/0.00 L1_SingleMu8er1p5/0.00 L1_SingleMu9er1p5/0.00 L1_SingleMu10er1p5/1.00 L1_SingleMu12er1p5/1.00 L1_SingleMu14er1p5/1.00 L1_SingleMu18er1p5/1.00
321732,382,5,0.00,HLT_Mu8_IP6_part0_v2/0,OR,L1_SingleMu22/1.00 L1_SingleMu25/1.00 L1_SingleMu6er1p5/0.00 L1_SingleMu7er1p5/0.00 L1_SingleMu8er1p5/0.00 L1_SingleMu9er1p5/1.00 L1_SingleMu10er1p5/1.00 L1_SingleMu12er1p5/1.00 L1_SingleMu14er1p5/1.00 L1_SingleMu18er1p5/1.00
321732,693,6,5.00,HLT_Mu8_IP6_part0_v2/5,OR,L1_SingleMu22/1.00 L1_SingleMu25/1.00 L1_SingleMu6er1p5/0.00 L1_SingleMu7er1p5/0.00 L1_SingleMu8er1p5/1.00 L1_SingleMu9er1p5/1.00 L1_SingleMu10er1p5/1.00 L1_SingleMu12er1p5/1.00 L1_SingleMu14er1p5/1.00 L1_SingleMu18er1p5/1.00
321732,1054,7,5.00,HLT_Mu8_IP6_part0_v2/5,OR,L1_SingleMu22/1.00 L1_SingleMu25/1.00 L1_SingleMu6er1p5/0.00 L1_SingleMu7er1p5/1.00 L1_SingleMu8er1p5/1.00 L1_SingleMu9er1p5/1.00 L1_SingleMu10er1p5/1.00 L1_SingleMu12er1p5/1.00 L1_SingleMu14er1p5/1.00 L1_SingleMu18er1p5/1.00
321735,1,2,0.00,HLT_Mu8_IP6_part0_v2/0,OR,L1_SingleMu22/1.00 L1_SingleMu25/1.00 L1_SingleMu6er1p5/0.00 L1_SingleMu7er1p5/0.00 L1_SingleMu8er1p5/0.00 L1_SingleMu9er1p5/0.00 L1_SingleMu10er1p5/0.00 L1_SingleMu12er1p5/0.00 L1_SingleMu14er1p5/0.00 L1_SingleMu18er1p5/0.00
321735,4,7,5.00,HLT_Mu8_IP6_part0_v2/5,OR,L1_SingleMu22/1.00 L1_SingleMu25/1.00 L1_SingleMu6er1p5/0.00 L1_SingleMu7er1p5/1.00 L1_SingleMu8er1p5/1.00 L1_SingleMu9er1p5/1.00 L1_SingleMu10er1p5/1.00 L1_SingleMu12er1p5/1.00 L1_SingleMu14er1p5/1.00 L1_SingleMu18er1p5/1.00
321755,1,2,0.00,HLT_Mu8_IP6_part0_v2/0,OR,L1_SingleMu22/1.00 L1_SingleMu25/1.00 L1_SingleMu6er1p5/0.00 L1_SingleMu7er1p5/0.00 L1_SingleMu8er1p5/0.00 L1_SingleMu9er1p5/0.00 L1_SingleMu10er1p5/0.00 L1_SingleMu12er1p5/0.00 L1_SingleMu14er1p5/0.00 L1_SingleMu18er1p5/0.00
321755,63,10,0.00,HLT_Mu8_IP6_part0_v2/0,OR,L1_SingleMu22/1.00 L1_SingleMu25/1.00 L1_SingleMu6er1p5/0.00 L1_SingleMu7er1p5/0.00 L1_SingleMu8er1p5/0.00 L1_SingleMu9er1p5/0.00 L1_SingleMu10er1p5/0.00 L1_SingleMu12er1p5/0.00 L1_SingleMu14er1p5/0.00 L1_SingleMu18er1p5/0.00
321755,438,4,0.00,HLT_Mu8_IP6_part0_v2/0,OR,L1_SingleMu22/1.00 L1_SingleMu25/1.00 L1_SingleMu6er1p5/0.00 L1_SingleMu7er1p5/0.00 L1_SingleMu8er1p5/0.00 L1_SingleMu9er1p5/0.00 L1_SingleMu10er1p5/1.00 L1_SingleMu12er1p5/1.00 L1_SingleMu14er1p5/1.00 L1_SingleMu18er1p5/1.00
321755,539,5,0.00,HLT_Mu8_IP6_part0_v2/0,OR,L1_SingleMu22/1.00 L1_SingleMu25/1.00 L1_SingleMu6er1p5/0.00 L1_SingleMu7er1p5/0.00 L1_SingleMu8er1p5/0.00 L1_SingleMu9er1p5/1.00 L1_SingleMu10er1p5/1.00 L1_SingleMu12er1p5/1.00 L1_SingleMu14er1p5/1.00 L1_SingleMu18er1p5/1.00
321755,1,2,0.00,HLT_Mu8_IP6_part0_v2/0,OR,L1_SingleMu22/1.00 L1_SingleMu25/1.00 L1_SingleMu6er1p5/0.00 L1_SingleMu7er1p5/0.00 L1_SingleMu8er1p5/0.00 L1_SingleMu9er1p5/0.00 L1_SingleMu10er1p5/0.00 L1_SingleMu12er1p5/0.00 L1_SingleMu14er1p5/0.00 L1_SingleMu18er1p5/0.00
321755,63,10,0.00,HLT_Mu8_IP6_part0_v2/0,OR,L1_SingleMu22/1.00 L1_SingleMu25/1.00 L1_SingleMu6er1p5/0.00 L1_SingleMu7er1p5/0.00 L1_SingleMu8er1p5/0.00 L1_SingleMu9er1p5/0.00 L1_SingleMu10er1p5/0.00 L1_SingleMu12er1p5/0.00 L1_SingleMu14er1p5/0.00 L1_SingleMu18er1p5/0.00
321755,438,4,0.00,HLT_Mu8_IP6_part0_v2/0,OR,L1_SingleMu22/1.00 L1_SingleMu25/1.00 L1_SingleMu6er1p5/0.00 L1_SingleMu7er1p5/0.00 L1_SingleMu8er1p5/0.00 L1_SingleMu9er1p5/0.00 L1_SingleMu10er1p5/1.00 L1_SingleMu12er1p5/1.00 L1_SingleMu14er1p5/1.00 L1_SingleMu18er1p5/1.00
321755,539,5,0.00,HLT_Mu8_IP6_part0_v2/0,OR,L1_SingleMu22/1.00 L1_SingleMu25/1.00 L1_SingleMu6er1p5/0.00 L1_SingleMu7er1p5/0.00 L1_SingleMu8er1p5/0.00 L1_SingleMu9er1p5/1.00 L1_SingleMu10er1p5/1.00 L1_SingleMu12er1p5/1.00 L1_SingleMu14er1p5/1.00 L1_SingleMu18er1p5/1.00
321758,1,5,0.00,HLT_Mu8_IP6_part0_v2/0,OR,L1_SingleMu22/1.00 L1_SingleMu25/1.00 L1_SingleMu6er1p5/0.00 L1_SingleMu7er1p5/0.00 L1_SingleMu8er1p5/0.00 L1_SingleMu9er1p5/1.00 L1_SingleMu10er1p5/1.00 L1_SingleMu12er1p5/1.00 L1_SingleMu14er1p5/1.00 L1_SingleMu18er1p5/1.00
321758,90,6,5.00,HLT_Mu8_IP6_part0_v2/5,OR,L1_SingleMu22/1.00 L1_SingleMu25/1.00 L1_SingleMu6er1p5/0.00 L1_SingleMu7er1p5/0.00 L1_SingleMu8er1p5/1.00 L1_SingleMu9er1p5/1.00 L1_SingleMu10er1p5/1.00 L1_SingleMu12er1p5/1.00 L1_SingleMu14er1p5/1.00 L1_SingleMu18er1p5/1.00
321760,1,2,0.00,HLT_Mu8_IP6_part0_v2/0,OR,L1_SingleMu22/1.00 L1_SingleMu25/1.00 L1_SingleMu6er1p5/0.00 L1_SingleMu7er1p5/0.00 L1_SingleMu8er1p5/0.00 L1_SingleMu9er1p5/0.00 L1_SingleMu10er1p5/0.00 L1_SingleMu12er1p5/0.00 L1_SingleMu14er1p5/0.00 L1_SingleMu18er1p5/0.00
321760,3,6,5.00,HLT_Mu8_IP6_part0_v2/5,OR,L1_SingleMu22/1.00 L1_SingleMu25/1.00 L1_SingleMu6er1p5/0.00 L1_SingleMu7er1p5/0.00 L1_SingleMu8er1p5/1.00 L1_SingleMu9er1p5/1.00 L1_SingleMu10er1p5/1.00 L1_SingleMu12er1p5/1.00 L1_SingleMu14er1p5/1.00 L1_SingleMu18er1p5/1.00
321760,226,7,5.00,HLT_Mu8_IP6_part0_v2/5,OR,L1_SingleMu22/1.00 L1_SingleMu25/1.00 L1_SingleMu6er1p5/0.00 L1_SingleMu7er1p5/1.00 L1_SingleMu8er1p5/1.00 L1_SingleMu9er1p5/1.00 L1_SingleMu10er1p5/1.00 L1_SingleMu12er1p5/1.00 L1_SingleMu14er1p5/1.00 L1_SingleMu18er1p5/1.00
321760,1,2,0.00,HLT_Mu8_IP6_part0_v2/0,OR,L1_SingleMu22/1.00 L1_SingleMu25/1.00 L1_SingleMu6er1p5/0.00 L1_SingleMu7er1p5/0.00 L1_SingleMu8er1p5/0.00 L1_SingleMu9er1p5/0.00 L1_SingleMu10er1p5/0.00 L1_SingleMu12er1p5/0.00 L1_SingleMu14er1p5/0.00 L1_SingleMu18er1p5/0.00
321760,3,6,5.00,HLT_Mu8_IP6_part0_v2/5,OR,L1_SingleMu22/1.00 L1_SingleMu25/1.00 L1_SingleMu6er1p5/0.00 L1_SingleMu7er1p5/0.00 L1_SingleMu8er1p5/1.00 L1_SingleMu9er1p5/1.00 L1_SingleMu10er1p5/1.00 L1_SingleMu12er1p5/1.00 L1_SingleMu14er1p5/1.00 L1_SingleMu18er1p5/1.00
321760,226,7,5.00,HLT_Mu8_IP6_part0_v2/5,OR,L1_SingleMu22/1.00 L1_SingleMu25/1.00 L1_SingleMu6er1p5/0.00 L1_SingleMu7er1p5/1.00 L1_SingleMu8er1p5/1.00 L1_SingleMu9er1p5/1.00 L1_SingleMu10er1p5/1.00 L1_SingleMu12er1p5/1.00 L1_SingleMu14er1p5/1.00 L1_SingleMu18er1p5/1.00
321774,1,2,0.00,HLT_Mu8_IP6_part0_v2/0,OR,L1_SingleMu22/1.00 L1_SingleMu25/1.00 L1_SingleMu6er1p5/0.00 L1_SingleMu7er1p5/0.00 L1_SingleMu8er1p5/0.00 L1_SingleMu9er1p5/0.00 L1_SingleMu10er1p5/0.00 L1_SingleMu12er1p5/0.00 L1_SingleMu14er1p5/0.00 L1_SingleMu18er1p5/0.00
321774,78,3,0.00,HLT_Mu8_IP6_part0_v2/0,OR,L1_SingleMu22/1.00 L1_SingleMu25/1.00 L1_SingleMu6er1p5/0.00 L1_SingleMu7er1p5/0.00 L1_SingleMu8er1p5/0.00 L1_SingleMu9er1p5/0.00 L1_SingleMu10er1p5/0.00 L1_SingleMu12er1p5/1.00 L1_SingleMu14er1p5/0.00 L1_SingleMu18er1p5/0.00
321775,1,3,0.00,HLT_Mu8_IP6_part0_v2/0,OR,L1_SingleMu22/1.00 L1_SingleMu25/1.00 L1_SingleMu6er1p5/0.00 L1_SingleMu7er1p5/0.00 L1_SingleMu8er1p5/0.00 L1_SingleMu9er1p5/0.00 L1_SingleMu10er1p5/0.00 L1_SingleMu12er1p5/1.00 L1_SingleMu14er1p5/0.00 L1_SingleMu18er1p5/0.00
321776,1,3,0.00,HLT_Mu8_IP6_part0_v2/0,OR,L1_SingleMu22/1.00 L1_SingleMu25/1.00 L1_SingleMu6er1p5/0.00 L1_SingleMu7er1p5/0.00 L1_SingleMu8er1p5/0.00 L1_SingleMu9er1p5/0.00 L1_SingleMu10er1p5/0.00 L1_SingleMu12er1p5/1.00 L1_SingleMu14er1p5/0.00 L1_SingleMu18er1p5/0.00
321777,1,3,0.00,HLT_Mu8_IP6_part0_v2/0,OR,L1_SingleMu22/1.00 L1_SingleMu25/1.00 L1_SingleMu6er1p5/0.00 L1_SingleMu7er1p5/0.00 L1_SingleMu8er1p5/0.00 L1_SingleMu9er1p5/0.00 L1_SingleMu10er1p5/0.00 L1_SingleMu12er1p5/1.00 L1_SingleMu14er1p5/0.00 L1_SingleMu18er1p5/0.00
321777,89,4,0.00,HLT_Mu8_IP6_part0_v2/0,OR,L1_SingleMu22/1.00 L1_SingleMu25/1.00 L1_SingleMu6er1p5/0.00 L1_SingleMu7er1p5/0.00 L1_SingleMu8er1p5/0.00 L1_SingleMu9er1p5/0.00 L1_SingleMu10er1p5/1.00 L1_SingleMu12er1p5/1.00 L1_SingleMu14er1p5/1.00 L1_SingleMu18er1p5/1.00
321777,1,3,0.00,HLT_Mu8_IP6_part0_v2/0,OR,L1_SingleMu22/1.00 L1_SingleMu25/1.00 L1_SingleMu6er1p5/0.00 L1_SingleMu7er1p5/0.00 L1_SingleMu8er1p5/0.00 L1_SingleMu9er1p5/0.00 L1_SingleMu10er1p5/0.00 L1_SingleMu12er1p5/1.00 L1_SingleMu14er1p5/0.00 L1_SingleMu18er1p5/0.00
321777,89,4,0.00,HLT_Mu8_IP6_part0_v2/0,OR,L1_SingleMu22/1.00 L1_SingleMu25/1.00 L1_SingleMu6er1p5/0.00 L1_SingleMu7er1p5/0.00 L1_SingleMu8er1p5/0.00 L1_SingleMu9er1p5/0.00 L1_SingleMu10er1p5/1.00 L1_SingleMu12er1p5/1.00 L1_SingleMu14er1p5/1.00 L1_SingleMu18er1p5/1.00
321778,1,4,0.00,HLT_Mu8_IP6_part0_v2/0,OR,L1_SingleMu22/1.00 L1_SingleMu25/1.00 L1_SingleMu6er1p5/0.00 L1_SingleMu7er1p5/0.00 L1_SingleMu8er1p5/0.00 L1_SingleMu9er1p5/0.00 L1_SingleMu10er1p5/1.00 L1_SingleMu12er1p5/1.00 L1_SingleMu14er1p5/1.00 L1_SingleMu18er1p5/1.00
321778,58,5,0.00,HLT_Mu8_IP6_part0_v2/0,OR,L1_SingleMu22/1.00 L1_SingleMu25/1.00 L1_SingleMu6er1p5/0.00 L1_SingleMu7er1p5/0.00 L1_SingleMu8er1p5/0.00 L1_SingleMu9er1p5/1.00 L1_SingleMu10er1p5/1.00 L1_SingleMu12er1p5/1.00 L1_SingleMu14er1p5/1.00 L1_SingleMu18er1p5/1.00
321778,1,4,0.00,HLT_Mu8_IP6_part0_v2/0,OR,L1_SingleMu22/1.00 L1_SingleMu25/1.00 L1_SingleMu6er1p5/0.00 L1_SingleMu7er1p5/0.00 L1_SingleMu8er1p5/0.00 L1_SingleMu9er1p5/0.00 L1_SingleMu10er1p5/1.00 L1_SingleMu12er1p5/1.00 L1_SingleMu14er1p5/1.00 L1_SingleMu18er1p5/1.00
321778,58,5,0.00,HLT_Mu8_IP6_part0_v2/0,OR,L1_SingleMu22/1.00 L1_SingleMu25/1.00 L1_SingleMu6er1p5/0.00 L1_SingleMu7er1p5/0.00 L1_SingleMu8er1p5/0.00 L1_SingleMu9er1p5/1.00 L1_SingleMu10er1p5/1.00 L1_SingleMu12er1p5/1.00 L1_SingleMu14er1p5/1.00 L1_SingleMu18er1p5/1.00
321780,1,5,0.00,HLT_Mu8_IP6_part0_v2/0,OR,L1_SingleMu22/1.00 L1_SingleMu25/1.00 L1_SingleMu6er1p5/0.00 L1_SingleMu7er1p5/0.00 L1_SingleMu8er1p5/0.00 L1_SingleMu9er1p5/1.00 L1_SingleMu10er1p5/1.00 L1_SingleMu12er1p5/1.00 L1_SingleMu14er1p5/1.00 L1_SingleMu18er1p5/1.00
321780,177,6,5.00,HLT_Mu8_IP6_part0_v2/5,OR,L1_SingleMu22/1.00 L1_SingleMu25/1.00 L1_SingleMu6er1p5/0.00 L1_SingleMu7er1p5/0.00 L1_SingleMu8er1p5/1.00 L1_SingleMu9er1p5/1.00 L1_SingleMu10er1p5/1.00 L1_SingleMu12er1p5/1.00 L1_SingleMu14er1p5/1.00 L1_SingleMu18er1p5/1.00
321780,508,7,5.00,HLT_Mu8_IP6_part0_v2/5,OR,L1_SingleMu22/1.00 L1_SingleMu25/1.00 L1_SingleMu6er1p5/0.00 L1_SingleMu7er1p5/1.00 L1_SingleMu8er1p5/1.00 L1_SingleMu9er1p5/1.00 L1_SingleMu10er1p5/1.00 L1_SingleMu12er1p5/1.00 L1_SingleMu14er1p5/1.00 L1_SingleMu18er1p5/1.00
321780,1,5,0.00,HLT_Mu8_IP6_part0_v2/0,OR,L1_SingleMu22/1.00 L1_SingleMu25/1.00 L1_SingleMu6er1p5/0.00 L1_SingleMu7er1p5/0.00 L1_SingleMu8er1p5/0.00 L1_SingleMu9er1p5/1.00 L1_SingleMu10er1p5/1.00 L1_SingleMu12er1p5/1.00 L1_SingleMu14er1p5/1.00 L1_SingleMu18er1p5/1.00
321780,177,6,5.00,HLT_Mu8_IP6_part0_v2/5,OR,L1_SingleMu22/1.00 L1_SingleMu25/1.00 L1_SingleMu6er1p5/0.00 L1_SingleMu7er1p5/0.00 L1_SingleMu8er1p5/1.00 L1_SingleMu9er1p5/1.00 L1_SingleMu10er1p5/1.00 L1_SingleMu12er1p5/1.00 L1_SingleMu14er1p5/1.00 L1_SingleMu18er1p5/1.00
321780,508,7,5.00,HLT_Mu8_IP6_part0_v2/5,OR,L1_SingleMu22/1.00 L1_SingleMu25/1.00 L1_SingleMu6er1p5/0.00 L1_SingleMu7er1p5/1.00 L1_SingleMu8er1p5/1.00 L1_SingleMu9er1p5/1.00 L1_SingleMu10er1p5/1.00 L1_SingleMu12er1p5/1.00 L1_SingleMu14er1p5/1.00 L1_SingleMu18er1p5/1.00
321781,1,7,5.00,HLT_Mu8_IP6_part0_v2/5,OR,L1_SingleMu22/1.00 L1_SingleMu25/1.00 L1_SingleMu6er1p5/0.00 L1_SingleMu7er1p5/1.00 L1_SingleMu8er1p5/1.00 L1_SingleMu9er1p5/1.00 L1_SingleMu10er1p5/1.00 L1_SingleMu12er1p5/1.00 L1_SingleMu14er1p5/1.00 L1_SingleMu18er1p5/1.00
321781,662,8,5.00,HLT_Mu8_IP6_part0_v2/5,OR,L1_SingleMu22/1.00 L1_SingleMu25/1.00 L1_SingleMu6er1p5/0.00 L1_SingleMu7er1p5/1.00 L1_SingleMu8er1p5/1.00 L1_SingleMu9er1p5/1.00 L1_SingleMu10er1p5/1.00 L1_SingleMu12er1p5/1.00 L1_SingleMu14er1p5/1.00 L1_SingleMu18er1p5/1.00
321813,1,2,0.00,HLT_Mu8_IP6_part0_v2/0,OR,L1_SingleMu22/1.00 L1_SingleMu25/1.00 L1_SingleMu6er1p5/0.00 L1_SingleMu7er1p5/0.00 L1_SingleMu8er1p5/0.00 L1_SingleMu9er1p5/0.00 L1_SingleMu10er1p5/0.00 L1_SingleMu12er1p5/0.00 L1_SingleMu14er1p5/0.00 L1_SingleMu18er1p5/0.00
321813,213,3,0.00,HLT_Mu8_IP6_part0_v2/0,OR,L1_SingleMu22/1.00 L1_SingleMu25/1.00 L1_SingleMu6er1p5/0.00 L1_SingleMu7er1p5/0.00 L1_SingleMu8er1p5/0.00 L1_SingleMu9er1p5/0.00 L1_SingleMu10er1p5/0.00 L1_SingleMu12er1p5/1.00 L1_SingleMu14er1p5/0.00 L1_SingleMu18er1p5/0.00
321815,1,4,0.00,HLT_Mu8_IP6_part0_v2/0,OR,L1_SingleMu22/1.00 L1_SingleMu25/1.00 L1_SingleMu6er1p5/0.00 L1_SingleMu7er1p5/0.00 L1_SingleMu8er1p5/0.00 L1_SingleMu9er1p5/0.00 L1_SingleMu10er1p5/1.00 L1_SingleMu12er1p5/1.00 L1_SingleMu14er1p5/1.00 L1_SingleMu18er1p5/1.00
321817,1,4,0.00,HLT_Mu8_IP6_part0_v2/0,OR,L1_SingleMu22/1.00 L1_SingleMu25/1.00 L1_SingleMu6er1p5/0.00 L1_SingleMu7er1p5/0.00 L1_SingleMu8er1p5/0.00 L1_SingleMu9er1p5/0.00 L1_SingleMu10er1p5/1.00 L1_SingleMu12er1p5/1.00 L1_SingleMu14er1p5/1.00 L1_SingleMu18er1p5/1.00
321817,199,5,0.00,HLT_Mu8_IP6_part0_v2/0,OR,L1_SingleMu22/1.00 L1_SingleMu25/1.00 L1_SingleMu6er1p5/0.00 L1_SingleMu7er1p5/0.00 L1_SingleMu8er1p5/0.00 L1_SingleMu9er1p5/1.00 L1_SingleMu10er1p5/1.00 L1_SingleMu12er1p5/1.00 L1_SingleMu14er1p5/1.00 L1_SingleMu18er1p5/1.00
321817,519,6,5.00,HLT_Mu8_IP6_part0_v2/5,OR,L1_SingleMu22/1.00 L1_SingleMu25/1.00 L1_SingleMu6er1p5/0.00 L1_SingleMu7er1p5/0.00 L1_SingleMu8er1p5/1.00 L1_SingleMu9er1p5/1.00 L1_SingleMu10er1p5/1.00 L1_SingleMu12er1p5/1.00 L1_SingleMu14er1p5/1.00 L1_SingleMu18er1p5/1.00
321817,1,4,0.00,HLT_Mu8_IP6_part0_v2/0,OR,L1_SingleMu22/1.00 L1_SingleMu25/1.00 L1_SingleMu6er1p5/0.00 L1_SingleMu7er1p5/0.00 L1_SingleMu8er1p5/0.00 L1_SingleMu9er1p5/0.00 L1_SingleMu10er1p5/1.00 L1_SingleMu12er1p5/1.00 L1_SingleMu14er1p5/1.00 L1_SingleMu18er1p5/1.00
321817,199,5,0.00,HLT_Mu8_IP6_part0_v2/0,OR,L1_SingleMu22/1.00 L1_SingleMu25/1.00 L1_SingleMu6er1p5/0.00 L1_SingleMu7er1p5/0.00 L1_SingleMu8er1p5/0.00 L1_SingleMu9er1p5/1.00 L1_SingleMu10er1p5/1.00 L1_SingleMu12er1p5/1.00 L1_SingleMu14er1p5/1.00 L1_SingleMu18er1p5/1.00
321817,519,6,5.00,HLT_Mu8_IP6_part0_v2/5,OR,L1_SingleMu22/1.00 L1_SingleMu25/1.00 L1_SingleMu6er1p5/0.00 L1_SingleMu7er1p5/0.00 L1_SingleMu8er1p5/1.00 L1_SingleMu9er1p5/1.00 L1_SingleMu10er1p5/1.00 L1_SingleMu12er1p5/1.00 L1_SingleMu14er1p5/1.00 L1_SingleMu18er1p5/1.00
321818,1,6,5.00,HLT_Mu8_IP6_part0_v2/5,OR,L1_SingleMu22/1.00 L1_SingleMu25/1.00 L1_SingleMu6er1p5/0.00 L1_SingleMu7er1p5/0.00 L1_SingleMu8er1p5/1.00 L1_SingleMu9er1p5/1.00 L1_SingleMu10er1p5/1.00 L1_SingleMu12er1p5/1.00 L1_SingleMu14er1p5/1.00 L1_SingleMu18er1p5/1.00
321818,311,7,5.00,HLT_Mu8_IP6_part0_v2/5,OR,L1_SingleMu22/1.00 L1_SingleMu25/1.00 L1_SingleMu6er1p5/0.00 L1_SingleMu7er1p5/1.00 L1_SingleMu8er1p5/1.00 L1_SingleMu9er1p5/1.00 L1_SingleMu10er1p5/1.00 L1_SingleMu12er1p5/1.00 L1_SingleMu14er1p5/1.00 L1_SingleMu18er1p5/1.00
321818,1,6,5.00,HLT_Mu8_IP6_part0_v2/5,OR,L1_SingleMu22/1.00 L1_SingleMu25/1.00 L1_SingleMu6er1p5/0.00 L1_SingleMu7er1p5/0.00 L1_SingleMu8er1p5/1.00 L1_SingleMu9er1p5/1.00 L1_SingleMu10er1p5/1.00 L1_SingleMu12er1p5/1.00 L1_SingleMu14er1p5/1.00 L1_SingleMu18er1p5/1.00
321818,311,7,5.00,HLT_Mu8_IP6_part0_v2/5,OR,L1_SingleMu22/1.00 L1_SingleMu25/1.00 L1_SingleMu6er1p5/0.00 L1_SingleMu7er1p5/1.00 L1_SingleMu8er1p5/1.00 L1_SingleMu9er1p5/1.00 L1_SingleMu10er1p5/1.00 L1_SingleMu12er1p5/1.00 L1_SingleMu14er1p5/1.00 L1_SingleMu18er1p5/1.00
321820,1,7,5.00,HLT_Mu8_IP6_part0_v2/5,OR,L1_SingleMu22/1.00 L1_SingleMu25/1.00 L1_SingleMu6er1p5/0.00 L1_SingleMu7er1p5/1.00 L1_SingleMu8er1p5/1.00 L1_SingleMu9er1p5/1.00 L1_SingleMu10er1p5/1.00 L1_SingleMu12er1p5/1.00 L1_SingleMu14er1p5/1.00 L1_SingleMu18er1p5/1.00
321831,1,2,0.00,HLT_Mu8_IP6_part0_v2/0,OR,L1_SingleMu22/1.00 L1_SingleMu25/1.00 L1_SingleMu6er1p5/0.00 L1_SingleMu7er1p5/0.00 L1_SingleMu8er1p5/0.00 L1_SingleMu9er1p5/0.00 L1_SingleMu10er1p5/0.00 L1_SingleMu12er1p5/0.00 L1_SingleMu14er1p5/0.00 L1_SingleMu18er1p5/0.00
321831,172,3,0.00,HLT_Mu8_IP6_part0_v2/0,OR,L1_SingleMu22/1.00 L1_SingleMu25/1.00 L1_SingleMu6er1p5/0.00 L1_SingleMu7er1p5/0.00 L1_SingleMu8er1p5/0.00 L1_SingleMu9er1p5/0.00 L1_SingleMu10er1p5/0.00 L1_SingleMu12er1p5/1.00 L1_SingleMu14er1p5/0.00 L1_SingleMu18er1p5/0.00
321831,412,4,0.00,HLT_Mu8_IP6_part0_v2/0,OR,L1_SingleMu22/1.00 L1_SingleMu25/1.00 L1_SingleMu6er1p5/0.00 L1_SingleMu7er1p5/0.00 L1_SingleMu8er1p5/0.00 L1_SingleMu9er1p5/0.00 L1_SingleMu10er1p5/1.00 L1_SingleMu12er1p5/1.00 L1_SingleMu14er1p5/1.00 L1_SingleMu18er1p5/1.00
321831,582,5,0.00,HLT_Mu8_IP6_part0_v2/0,OR,L1_SingleMu22/1.00 L1_SingleMu25/1.00 L1_SingleMu6er1p5/0.00 L1_SingleMu7er1p5/0.00 L1_SingleMu8er1p5/0.00 L1_SingleMu9er1p5/1.00 L1_SingleMu10er1p5/1.00 L1_SingleMu12er1p5/1.00 L1_SingleMu14er1p5/1.00 L1_SingleMu18er1p5/1.00
321831,1,2,0.00,HLT_Mu8_IP6_part0_v2/0,OR,L1_SingleMu22/1.00 L1_SingleMu25/1.00 L1_SingleMu6er1p5/0.00 L1_SingleMu7er1p5/0.00 L1_SingleMu8er1p5/0.00 L1_SingleMu9er1p5/0.00 L1_SingleMu10er1p5/0.00 L1_SingleMu12er1p5/0.00 L1_SingleMu14er1p5/0.00 L1_SingleMu18er1p5/0.00
321831,172,3,0.00,HLT_Mu8_IP6_part0_v2/0,OR,L1_SingleMu22/1.00 L1_SingleMu25/1.00 L1_SingleMu6er1p5/0.00 L1_SingleMu7er1p5/0.00 L1_SingleMu8er1p5/0.00 L1_SingleMu9er1p5/0.00 L1_SingleMu10er1p5/0.00 L1_SingleMu12er1p5/1.00 L1_SingleMu14er1p5/0.00 L1_SingleMu18er1p5/0.00
321831,412,4,0.00,HLT_Mu8_IP6_part0_v2/0,OR,L1_SingleMu22/1.00 L1_SingleMu25/1.00 L1_SingleMu6er1p5/0.00 L1_SingleMu7er1p5/0.00 L1_SingleMu8er1p5/0.00 L1_SingleMu9er1p5/0.00 L1_SingleMu10er1p5/1.00 L1_SingleMu12er1p5/1.00 L1_SingleMu14er1p5/1.00 L1_SingleMu18er1p5/1.00
321831,582,5,0.00,HLT_Mu8_IP6_part0_v2/0,OR,L1_SingleMu22/1.00 L1_SingleMu25/1.00 L1_SingleMu6er1p5/0.00 L1_SingleMu7er1p5/0.00 L1_SingleMu8er1p5/0.00 L1_SingleMu9er1p5/1.00 L1_SingleMu10er1p5/1.00 L1_SingleMu12er1p5/1.00 L1_SingleMu14er1p5/1.00 L1_SingleMu18er1p5/1.00
321831,1,2,0.00,HLT_Mu8_IP6_part0_v2/0,OR,L1_SingleMu22/1.00 L1_SingleMu25/1.00 L1_SingleMu6er1p5/0.00 L1_SingleMu7er1p5/0.00 L1_SingleMu8er1p5/0.00 L1_SingleMu9er1p5/0.00 L1_SingleMu10er1p5/0.00 L1_SingleMu12er1p5/0.00 L1_SingleMu14er1p5/0.00 L1_SingleMu18er1p5/0.00
321831,172,3,0.00,HLT_Mu8_IP6_part0_v2/0,OR,L1_SingleMu22/1.00 L1_SingleMu25/1.00 L1_SingleMu6er1p5/0.00 L1_SingleMu7er1p5/0.00 L1_SingleMu8er1p5/0.00 L1_SingleMu9er1p5/0.00 L1_SingleMu10er1p5/0.00 L1_SingleMu12er1p5/1.00 L1_SingleMu14er1p5/0.00 L1_SingleMu18er1p5/0.00
321831,412,4,0.00,HLT_Mu8_IP6_part0_v2/0,OR,L1_SingleMu22/1.00 L1_SingleMu25/1.00 L1_SingleMu6er1p5/0.00 L1_SingleMu7er1p5/0.00 L1_SingleMu8er1p5/0.00 L1_SingleMu9er1p5/0.00 L1_SingleMu10er1p5/1.00 L1_SingleMu12er1p5/1.00 L1_SingleMu14er1p5/1.00 L1_SingleMu18er1p5/1.00
321831,582,5,0.00,HLT_Mu8_IP6_part0_v2/0,OR,L1_SingleMu22/1.00 L1_SingleMu25/1.00 L1_SingleMu6er1p5/0.00 L1_SingleMu7er1p5/0.00 L1_SingleMu8er1p5/0.00 L1_SingleMu9er1p5/1.00 L1_SingleMu10er1p5/1.00 L1_SingleMu12er1p5/1.00 L1_SingleMu14er1p5/1.00 L1_SingleMu18er1p5/1.00
321832,1,5,0.00,HLT_Mu8_IP6_part0_v2/0,OR,L1_SingleMu22/1.00 L1_SingleMu25/1.00 L1_SingleMu6er1p5/0.00 L1_SingleMu7er1p5/0.00 L1_SingleMu8er1p5/0.00 L1_SingleMu9er1p5/1.00 L1_SingleMu10er1p5/1.00 L1_SingleMu12er1p5/1.00 L1_SingleMu14er1p5/1.00 L1_SingleMu18er1p5/1.00
321832,188,6,5.00,HLT_Mu8_IP6_part0_v2/5,OR,L1_SingleMu22/1.00 L1_SingleMu25/1.00 L1_SingleMu6er1p5/0.00 L1_SingleMu7er1p5/0.00 L1_SingleMu8er1p5/1.00 L1_SingleMu9er1p5/1.00 L1_SingleMu10er1p5/1.00 L1_SingleMu12er1p5/1.00 L1_SingleMu14er1p5/1.00 L1_SingleMu18er1p5/1.00
321833,1,6,5.00,HLT_Mu8_IP6_part0_v2/5,OR,L1_SingleMu22/1.00 L1_SingleMu25/1.00 L1_SingleMu6er1p5/0.00 L1_SingleMu7er1p5/0.00 L1_SingleMu8er1p5/1.00 L1_SingleMu9er1p5/1.00 L1_SingleMu10er1p5/1.00 L1_SingleMu12er1p5/1.00 L1_SingleMu14er1p5/1.00 L1_SingleMu18er1p5/1.00
321833,3,7,5.00,HLT_Mu8_IP6_part0_v2/5,OR,L1_SingleMu22/1.00 L1_SingleMu25/1.00 L1_SingleMu6er1p5/0.00 L1_SingleMu7er1p5/1.00 L1_SingleMu8er1p5/1.00 L1_SingleMu9er1p5/1.00 L1_SingleMu10er1p5/1.00 L1_SingleMu12er1p5/1.00 L1_SingleMu14er1p5/1.00 L1_SingleMu18er1p5/1.00
321833,1,6,5.00,HLT_Mu8_IP6_part0_v2/5,OR,L1_SingleMu22/1.00 L1_SingleMu25/1.00 L1_SingleMu6er1p5/0.00 L1_SingleMu7er1p5/0.00 L1_SingleMu8er1p5/1.00 L1_SingleMu9er1p5/1.00 L1_SingleMu10er1p5/1.00 L1_SingleMu12er1p5/1.00 L1_SingleMu14er1p5/1.00 L1_SingleMu18er1p5/1.00
321833,3,7,5.00,HLT_Mu8_IP6_part0_v2/5,OR,L1_SingleMu22/1.00 L1_SingleMu25/1.00 L1_SingleMu6er1p5/0.00 L1_SingleMu7er1p5/1.00 L1_SingleMu8er1p5/1.00 L1_SingleMu9er1p5/1.00 L1_SingleMu10er1p5/1.00 L1_SingleMu12er1p5/1.00 L1_SingleMu14er1p5/1.00 L1_SingleMu18er1p5/1.00
321834,1,7,5.00,HLT_Mu8_IP6_part0_v2/5,OR,L1_SingleMu22/1.00 L1_SingleMu25/1.00 L1_SingleMu6er1p5/0.00 L1_SingleMu7er1p5/1.00 L1_SingleMu8er1p5/1.00 L1_SingleMu9er1p5/1.00 L1_SingleMu10er1p5/1.00 L1_SingleMu12er1p5/1.00 L1_SingleMu14er1p5/1.00 L1_SingleMu18er1p5/1.00
321834,298,8,5.00,HLT_Mu8_IP6_part0_v2/5,OR,L1_SingleMu22/1.00 L1_SingleMu25/1.00 L1_SingleMu6er1p5/0.00 L1_SingleMu7er1p5/1.00 L1_SingleMu8er1p5/1.00 L1_SingleMu9er1p5/1.00 L1_SingleMu10er1p5/1.00 L1_SingleMu12er1p5/1.00 L1_SingleMu14er1p5/1.00 L1_SingleMu18er1p5/1.00
321879,1,2,0.00,HLT_Mu8_IP6_part0_v2/0,OR,L1_SingleMu22/1.00 L1_SingleMu25/1.00 L1_SingleMu6er1p5/0.00 L1_SingleMu7er1p5/0.00 L1_SingleMu8er1p5/0.00 L1_SingleMu9er1p5/0.00 L1_SingleMu10er1p5/0.00 L1_SingleMu12er1p5/0.00 L1_SingleMu14er1p5/0.00 L1_SingleMu18er1p5/0.00
321879,60,3,0.00,HLT_Mu8_IP6_part0_v2/0,OR,L1_SingleMu22/1.00 L1_SingleMu25/1.00 L1_SingleMu6er1p5/0.00 L1_SingleMu7er1p5/0.00 L1_SingleMu8er1p5/0.00 L1_SingleMu9er1p5/0.00 L1_SingleMu10er1p5/0.00 L1_SingleMu12er1p5/1.00 L1_SingleMu14er1p5/0.00 L1_SingleMu18er1p5/0.00
321879,103,2,0.00,HLT_Mu8_IP6_part0_v2/0,OR,L1_SingleMu22/1.00 L1_SingleMu25/1.00 L1_SingleMu6er1p5/0.00 L1_SingleMu7er1p5/0.00 L1_SingleMu8er1p5/0.00 L1_SingleMu9er1p5/0.00 L1_SingleMu10er1p5/0.00 L1_SingleMu12er1p5/0.00 L1_SingleMu14er1p5/0.00 L1_SingleMu18er1p5/0.00
321879,113,3,0.00,HLT_Mu8_IP6_part0_v2/0,OR,L1_SingleMu22/1.00 L1_SingleMu25/1.00 L1_SingleMu6er1p5/0.00 L1_SingleMu7er1p5/0.00 L1_SingleMu8er1p5/0.00 L1_SingleMu9er1p5/0.00 L1_SingleMu10er1p5/0.00 L1_SingleMu12er1p5/1.00 L1_SingleMu14er1p5/0.00 L1_SingleMu18er1p5/0.00
321879,325,4,0.00,HLT_Mu8_IP6_part0_v2/0,OR,L1_SingleMu22/1.00 L1_SingleMu25/1.00 L1_SingleMu6er1p5/0.00 L1_SingleMu7er1p5/0.00 L1_SingleMu8er1p5/0.00 L1_SingleMu9er1p5/0.00 L1_SingleMu10er1p5/1.00 L1_SingleMu12er1p5/1.00 L1_SingleMu14er1p5/1.00 L1_SingleMu18er1p5/1.00
321879,1,2,0.00,HLT_Mu8_IP6_part0_v2/0,OR,L1_SingleMu22/1.00 L1_SingleMu25/1.00 L1_SingleMu6er1p5/0.00 L1_SingleMu7er1p5/0.00 L1_SingleMu8er1p5/0.00 L1_SingleMu9er1p5/0.00 L1_SingleMu10er1p5/0.00 L1_SingleMu12er1p5/0.00 L1_SingleMu14er1p5/0.00 L1_SingleMu18er1p5/0.00
321879,60,3,0.00,HLT_Mu8_IP6_part0_v2/0,OR,L1_SingleMu22/1.00 L1_SingleMu25/1.00 L1_SingleMu6er1p5/0.00 L1_SingleMu7er1p5/0.00 L1_SingleMu8er1p5/0.00 L1_SingleMu9er1p5/0.00 L1_SingleMu10er1p5/0.00 L1_SingleMu12er1p5/1.00 L1_SingleMu14er1p5/0.00 L1_SingleMu18er1p5/0.00
321879,103,2,0.00,HLT_Mu8_IP6_part0_v2/0,OR,L1_SingleMu22/1.00 L1_SingleMu25/1.00 L1_SingleMu6er1p5/0.00 L1_SingleMu7er1p5/0.00 L1_SingleMu8er1p5/0.00 L1_SingleMu9er1p5/0.00 L1_SingleMu10er1p5/0.00 L1_SingleMu12er1p5/0.00 L1_SingleMu14er1p5/0.00 L1_SingleMu18er1p5/0.00
321879,113,3,0.00,HLT_Mu8_IP6_part0_v2/0,OR,L1_SingleMu22/1.00 L1_SingleMu25/1.00 L1_SingleMu6er1p5/0.00 L1_SingleMu7er1p5/0.00 L1_SingleMu8er1p5/0.00 L1_SingleMu9er1p5/0.00 L1_SingleMu10er1p5/0.00 L1_SingleMu12er1p5/1.00 L1_SingleMu14er1p5/0.00 L1_SingleMu18er1p5/0.00
321879,325,4,0.00,HLT_Mu8_IP6_part0_v2/0,OR,L1_SingleMu22/1.00 L1_SingleMu25/1.00 L1_SingleMu6er1p5/0.00 L1_SingleMu7er1p5/0.00 L1_SingleMu8er1p5/0.00 L1_SingleMu9er1p5/0.00 L1_SingleMu10er1p5/1.00 L1_SingleMu12er1p5/1.00 L1_SingleMu14er1p5/1.00 L1_SingleMu18er1p5/1.00
321880,1,4,0.00,HLT_Mu8_IP6_part0_v2/0,OR,L1_SingleMu22/1.00 L1_SingleMu25/1.00 L1_SingleMu6er1p5/0.00 L1_SingleMu7er1p5/0.00 L1_SingleMu8er1p5/0.00 L1_SingleMu9er1p5/0.00 L1_SingleMu10er1p5/1.00 L1_SingleMu12er1p5/1.00 L1_SingleMu14er1p5/1.00 L1_SingleMu18er1p5/1.00
321887,1,2,0.00,HLT_Mu8_IP6_part0_v2/0,OR,L1_SingleMu22/1.00 L1_SingleMu25/1.00 L1_SingleMu6er1p5/0.00 L1_SingleMu7er1p5/0.00 L1_SingleMu8er1p5/0.00 L1_SingleMu9er1p5/0.00 L1_SingleMu10er1p5/0.00 L1_SingleMu12er1p5/0.00 L1_SingleMu14er1p5/0.00 L1_SingleMu18er1p5/0.00
321887,171,3,0.00,HLT_Mu8_IP6_part0_v2/0,OR,L1_SingleMu22/1.00 L1_SingleMu25/1.00 L1_SingleMu6er1p5/0.00 L1_SingleMu7er1p5/0.00 L1_SingleMu8er1p5/0.00 L1_SingleMu9er1p5/0.00 L1_SingleMu10er1p5/0.00 L1_SingleMu12er1p5/1.00 L1_SingleMu14er1p5/0.00 L1_SingleMu18er1p5/0.00
321887,395,4,0.00,HLT_Mu8_IP6_part0_v2/0,OR,L1_SingleMu22/1.00 L1_SingleMu25/1.00 L1_SingleMu6er1p5/0.00 L1_SingleMu7er1p5/0.00 L1_SingleMu8er1p5/0.00 L1_SingleMu9er1p5/0.00 L1_SingleMu10er1p5/1.00 L1_SingleMu12er1p5/1.00 L1_SingleMu14er1p5/1.00 L1_SingleMu18er1p5/1.00
321887,646,5,0.00,HLT_Mu8_IP6_part0_v2/0,OR,L1_SingleMu22/1.00 L1_SingleMu25/1.00 L1_SingleMu6er1p5/0.00 L1_SingleMu7er1p5/0.00 L1_SingleMu8er1p5/0.00 L1_SingleMu9er1p5/1.00 L1_SingleMu10er1p5/1.00 L1_SingleMu12er1p5/1.00 L1_SingleMu14er1p5/1.00 L1_SingleMu18er1p5/1.00
321887,951,6,5.00,HLT_Mu8_IP6_part0_v2/5,OR,L1_SingleMu22/1.00 L1_SingleMu25/1.00 L1_SingleMu6er1p5/0.00 L1_SingleMu7er1p5/0.00 L1_SingleMu8er1p5/1.00 L1_SingleMu9er1p5/1.00 L1_SingleMu10er1p5/1.00 L1_SingleMu12er1p5/1.00 L1_SingleMu14er1p5/1.00 L1_SingleMu18er1p5/1.00
321887,1,2,0.00,HLT_Mu8_IP6_part0_v2/0,OR,L1_SingleMu22/1.00 L1_SingleMu25/1.00 L1_SingleMu6er1p5/0.00 L1_SingleMu7er1p5/0.00 L1_SingleMu8er1p5/0.00 L1_SingleMu9er1p5/0.00 L1_SingleMu10er1p5/0.00 L1_SingleMu12er1p5/0.00 L1_SingleMu14er1p5/0.00 L1_SingleMu18er1p5/0.00
321887,171,3,0.00,HLT_Mu8_IP6_part0_v2/0,OR,L1_SingleMu22/1.00 L1_SingleMu25/1.00 L1_SingleMu6er1p5/0.00 L1_SingleMu7er1p5/0.00 L1_SingleMu8er1p5/0.00 L1_SingleMu9er1p5/0.00 L1_SingleMu10er1p5/0.00 L1_SingleMu12er1p5/1.00 L1_SingleMu14er1p5/0.00 L1_SingleMu18er1p5/0.00
321887,395,4,0.00,HLT_Mu8_IP6_part0_v2/0,OR,L1_SingleMu22/1.00 L1_SingleMu25/1.00 L1_SingleMu6er1p5/0.00 L1_SingleMu7er1p5/0.00 L1_SingleMu8er1p5/0.00 L1_SingleMu9er1p5/0.00 L1_SingleMu10er1p5/1.00 L1_SingleMu12er1p5/1.00 L1_SingleMu14er1p5/1.00 L1_SingleMu18er1p5/1.00
321887,646,5,0.00,HLT_Mu8_IP6_part0_v2/0,OR,L1_SingleMu22/1.00 L1_SingleMu25/1.00 L1_SingleMu6er1p5/0.00 L1_SingleMu7er1p5/0.00 L1_SingleMu8er1p5/0.00 L1_SingleMu9er1p5/1.00 L1_SingleMu10er1p5/1.00 L1_SingleMu12er1p5/1.00 L1_SingleMu14er1p5/1.00 L1_SingleMu18er1p5/1.00
321887,951,6,5.00,HLT_Mu8_IP6_part0_v2/5,OR,L1_SingleMu22/1.00 L1_SingleMu25/1.00 L1_SingleMu6er1p5/0.00 L1_SingleMu7er1p5/0.00 L1_SingleMu8er1p5/1.00 L1_SingleMu9er1p5/1.00 L1_SingleMu10er1p5/1.00 L1_SingleMu12er1p5/1.00 L1_SingleMu14er1p5/1.00 L1_SingleMu18er1p5/1.00
321887,1,2,0.00,HLT_Mu8_IP6_part0_v2/0,OR,L1_SingleMu22/1.00 L1_SingleMu25/1.00 L1_SingleMu6er1p5/0.00 L1_SingleMu7er1p5/0.00 L1_SingleMu8er1p5/0.00 L1_SingleMu9er1p5/0.00 L1_SingleMu10er1p5/0.00 L1_SingleMu12er1p5/0.00 L1_SingleMu14er1p5/0.00 L1_SingleMu18er1p5/0.00
321887,171,3,0.00,HLT_Mu8_IP6_part0_v2/0,OR,L1_SingleMu22/1.00 L1_SingleMu25/1.00 L1_SingleMu6er1p5/0.00 L1_SingleMu7er1p5/0.00 L1_SingleMu8er1p5/0.00 L1_SingleMu9er1p5/0.00 L1_SingleMu10er1p5/0.00 L1_SingleMu12er1p5/1.00 L1_SingleMu14er1p5/0.00 L1_SingleMu18er1p5/0.00
321887,395,4,0.00,HLT_Mu8_IP6_part0_v2/0,OR,L1_SingleMu22/1.00 L1_SingleMu25/1.00 L1_SingleMu6er1p5/0.00 L1_SingleMu7er1p5/0.00 L1_SingleMu8er1p5/0.00 L1_SingleMu9er1p5/0.00 L1_SingleMu10er1p5/1.00 L1_SingleMu12er1p5/1.00 L1_SingleMu14er1p5/1.00 L1_SingleMu18er1p5/1.00
321887,646,5,0.00,HLT_Mu8_IP6_part0_v2/0,OR,L1_SingleMu22/1.00 L1_SingleMu25/1.00 L1_SingleMu6er1p5/0.00 L1_SingleMu7er1p5/0.00 L1_SingleMu8er1p5/0.00 L1_SingleMu9er1p5/1.00 L1_SingleMu10er1p5/1.00 L1_SingleMu12er1p5/1.00 L1_SingleMu14er1p5/1.00 L1_SingleMu18er1p5/1.00
321887,951,6,5.00,HLT_Mu8_IP6_part0_v2/5,OR,L1_SingleMu22/1.00 L1_SingleMu25/1.00 L1_SingleMu6er1p5/0.00 L1_SingleMu7er1p5/0.00 L1_SingleMu8er1p5/1.00 L1_SingleMu9er1p5/1.00 L1_SingleMu10er1p5/1.00 L1_SingleMu12er1p5/1.00 L1_SingleMu14er1p5/1.00 L1_SingleMu18er1p5/1.00
321908,1,2,0.00,HLT_Mu8_IP6_part0_v2/0,OR,L1_SingleMu22/1.00 L1_SingleMu25/1.00 L1_SingleMu6er1p5/0.00 L1_SingleMu7er1p5/0.00 L1_SingleMu8er1p5/0.00 L1_SingleMu9er1p5/0.00 L1_SingleMu10er1p5/0.00 L1_SingleMu12er1p5/0.00 L1_SingleMu14er1p5/0.00 L1_SingleMu18er1p5/0.00
321908,182,3,0.00,HLT_Mu8_IP6_part0_v2/0,OR,L1_SingleMu22/1.00 L1_SingleMu25/1.00 L1_SingleMu6er1p5/0.00 L1_SingleMu7er1p5/0.00 L1_SingleMu8er1p5/0.00 L1_SingleMu9er1p5/0.00 L1_SingleMu10er1p5/0.00 L1_SingleMu12er1p5/1.00 L1_SingleMu14er1p5/0.00 L1_SingleMu18er1p5/0.00
321908,282,4,0.00,HLT_Mu8_IP6_part0_v2/0,OR,L1_SingleMu22/1.00 L1_SingleMu25/1.00 L1_SingleMu6er1p5/0.00 L1_SingleMu7er1p5/0.00 L1_SingleMu8er1p5/0.00 L1_SingleMu9er1p5/0.00 L1_SingleMu10er1p5/1.00 L1_SingleMu12er1p5/1.00 L1_SingleMu14er1p5/1.00 L1_SingleMu18er1p5/1.00
321908,292,3,0.00,HLT_Mu8_IP6_part0_v2/0,OR,L1_SingleMu22/1.00 L1_SingleMu25/1.00 L1_SingleMu6er1p5/0.00 L1_SingleMu7er1p5/0.00 L1_SingleMu8er1p5/0.00 L1_SingleMu9er1p5/0.00 L1_SingleMu10er1p5/0.00 L1_SingleMu12er1p5/1.00 L1_SingleMu14er1p5/0.00 L1_SingleMu18er1p5/0.00
321908,388,4,0.00,HLT_Mu8_IP6_part0_v2/0,OR,L1_SingleMu22/1.00 L1_SingleMu25/1.00 L1_SingleMu6er1p5/0.00 L1_SingleMu7er1p5/0.00 L1_SingleMu8er1p5/0.00 L1_SingleMu9er1p5/0.00 L1_SingleMu10er1p5/1.00 L1_SingleMu12er1p5/1.00 L1_SingleMu14er1p5/1.00 L1_SingleMu18er1p5/1.00
321908,1,2,0.00,HLT_Mu8_IP6_part0_v2/0,OR,L1_SingleMu22/1.00 L1_SingleMu25/1.00 L1_SingleMu6er1p5/0.00 L1_SingleMu7er1p5/0.00 L1_SingleMu8er1p5/0.00 L1_SingleMu9er1p5/0.00 L1_SingleMu10er1p5/0.00 L1_SingleMu12er1p5/0.00 L1_SingleMu14er1p5/0.00 L1_SingleMu18er1p5/0.00
321908,182,3,0.00,HLT_Mu8_IP6_part0_v2/0,OR,L1_SingleMu22/1.00 L1_SingleMu25/1.00 L1_SingleMu6er1p5/0.00 L1_SingleMu7er1p5/0.00 L1_SingleMu8er1p5/0.00 L1_SingleMu9er1p5/0.00 L1_SingleMu10er1p5/0.00 L1_SingleMu12er1p5/1.00 L1_SingleMu14er1p5/0.00 L1_SingleMu18er1p5/0.00
321908,282,4,0.00,HLT_Mu8_IP6_part0_v2/0,OR,L1_SingleMu22/1.00 L1_SingleMu25/1.00 L1_SingleMu6er1p5/0.00 L1_SingleMu7er1p5/0.00 L1_SingleMu8er1p5/0.00 L1_SingleMu9er1p5/0.00 L1_SingleMu10er1p5/1.00 L1_SingleMu12er1p5/1.00 L1_SingleMu14er1p5/1.00 L1_SingleMu18er1p5/1.00
321908,292,3,0.00,HLT_Mu8_IP6_part0_v2/0,OR,L1_SingleMu22/1.00 L1_SingleMu25/1.00 L1_SingleMu6er1p5/0.00 L1_SingleMu7er1p5/0.00 L1_SingleMu8er1p5/0.00 L1_SingleMu9er1p5/0.00 L1_SingleMu10er1p5/0.00 L1_SingleMu12er1p5/1.00 L1_SingleMu14er1p5/0.00 L1_SingleMu18er1p5/0.00
321908,388,4,0.00,HLT_Mu8_IP6_part0_v2/0,OR,L1_SingleMu22/1.00 L1_SingleMu25/1.00 L1_SingleMu6er1p5/0.00 L1_SingleMu7er1p5/0.00 L1_SingleMu8er1p5/0.00 L1_SingleMu9er1p5/0.00 L1_SingleMu10er1p5/1.00 L1_SingleMu12er1p5/1.00 L1_SingleMu14er1p5/1.00 L1_SingleMu18er1p5/1.00
321909,1,4,0.00,HLT_Mu8_IP6_part0_v2/0,OR,L1_SingleMu22/1.00 L1_SingleMu25/1.00 L1_SingleMu6er1p5/0.00 L1_SingleMu7er1p5/0.00 L1_SingleMu8er1p5/0.00 L1_SingleMu9er1p5/0.00 L1_SingleMu10er1p5/1.00 L1_SingleMu12er1p5/1.00 L1_SingleMu14er1p5/1.00 L1_SingleMu18er1p5/1.00
321909,182,5,0.00,HLT_Mu8_IP6_part0_v2/0,OR,L1_SingleMu22/1.00 L1_SingleMu25/1.00 L1_SingleMu6er1p5/0.00 L1_SingleMu7er1p5/0.00 L1_SingleMu8er1p5/0.00 L1_SingleMu9er1p5/1.00 L1_SingleMu10er1p5/1.00 L1_SingleMu12er1p5/1.00 L1_SingleMu14er1p5/1.00 L1_SingleMu18er1p5/1.00
321909,482,6,5.00,HLT_Mu8_IP6_part0_v2/5,OR,L1_SingleMu22/1.00 L1_SingleMu25/1.00 L1_SingleMu6er1p5/0.00 L1_SingleMu7er1p5/0.00 L1_SingleMu8er1p5/1.00 L1_SingleMu9er1p5/1.00 L1_SingleMu10er1p5/1.00 L1_SingleMu12er1p5/1.00 L1_SingleMu14er1p5/1.00 L1_SingleMu18er1p5/1.00
321909,797,7,5.00,HLT_Mu8_IP6_part0_v2/5,OR,L1_SingleMu22/1.00 L1_SingleMu25/1.00 L1_SingleMu6er1p5/0.00 L1_SingleMu7er1p5/1.00 L1_SingleMu8er1p5/1.00 L1_SingleMu9er1p5/1.00 L1_SingleMu10er1p5/1.00 L1_SingleMu12er1p5/1.00 L1_SingleMu14er1p5/1.00 L1_SingleMu18er1p5/1.00
321909,1549,8,5.00,HLT_Mu8_IP6_part0_v2/5,OR,L1_SingleMu22/1.00 L1_SingleMu25/1.00 L1_SingleMu6er1p5/0.00 L1_SingleMu7er1p5/1.00 L1_SingleMu8er1p5/1.00 L1_SingleMu9er1p5/1.00 L1_SingleMu10er1p5/1.00 L1_SingleMu12er1p5/1.00 L1_SingleMu14er1p5/1.00 L1_SingleMu18er1p5/1.00
321909,1,4,0.00,HLT_Mu8_IP6_part0_v2/0,OR,L1_SingleMu22/1.00 L1_SingleMu25/1.00 L1_SingleMu6er1p5/0.00 L1_SingleMu7er1p5/0.00 L1_SingleMu8er1p5/0.00 L1_SingleMu9er1p5/0.00 L1_SingleMu10er1p5/1.00 L1_SingleMu12er1p5/1.00 L1_SingleMu14er1p5/1.00 L1_SingleMu18er1p5/1.00
321909,182,5,0.00,HLT_Mu8_IP6_part0_v2/0,OR,L1_SingleMu22/1.00 L1_SingleMu25/1.00 L1_SingleMu6er1p5/0.00 L1_SingleMu7er1p5/0.00 L1_SingleMu8er1p5/0.00 L1_SingleMu9er1p5/1.00 L1_SingleMu10er1p5/1.00 L1_SingleMu12er1p5/1.00 L1_SingleMu14er1p5/1.00 L1_SingleMu18er1p5/1.00
321909,482,6,5.00,HLT_Mu8_IP6_part0_v2/5,OR,L1_SingleMu22/1.00 L1_SingleMu25/1.00 L1_SingleMu6er1p5/0.00 L1_SingleMu7er1p5/0.00 L1_SingleMu8er1p5/1.00 L1_SingleMu9er1p5/1.00 L1_SingleMu10er1p5/1.00 L1_SingleMu12er1p5/1.00 L1_SingleMu14er1p5/1.00 L1_SingleMu18er1p5/1.00
321909,797,7,5.00,HLT_Mu8_IP6_part0_v2/5,OR,L1_SingleMu22/1.00 L1_SingleMu25/1.00 L1_SingleMu6er1p5/0.00 L1_SingleMu7er1p5/1.00 L1_SingleMu8er1p5/1.00 L1_SingleMu9er1p5/1.00 L1_SingleMu10er1p5/1.00 L1_SingleMu12er1p5/1.00 L1_SingleMu14er1p5/1.00 L1_SingleMu18er1p5/1.00
321909,1549,8,5.00,HLT_Mu8_IP6_part0_v2/5,OR,L1_SingleMu22/1.00 L1_SingleMu25/1.00 L1_SingleMu6er1p5/0.00 L1_SingleMu7er1p5/1.00 L1_SingleMu8er1p5/1.00 L1_SingleMu9er1p5/1.00 L1_SingleMu10er1p5/1.00 L1_SingleMu12er1p5/1.00 L1_SingleMu14er1p5/1.00 L1_SingleMu18er1p5/1.00
321909,1,4,0.00,HLT_Mu8_IP6_part0_v2/0,OR,L1_SingleMu22/1.00 L1_SingleMu25/1.00 L1_SingleMu6er1p5/0.00 L1_SingleMu7er1p5/0.00 L1_SingleMu8er1p5/0.00 L1_SingleMu9er1p5/0.00 L1_SingleMu10er1p5/1.00 L1_SingleMu12er1p5/1.00 L1_SingleMu14er1p5/1.00 L1_SingleMu18er1p5/1.00
321909,182,5,0.00,HLT_Mu8_IP6_part0_v2/0,OR,L1_SingleMu22/1.00 L1_SingleMu25/1.00 L1_SingleMu6er1p5/0.00 L1_SingleMu7er1p5/0.00 L1_SingleMu8er1p5/0.00 L1_SingleMu9er1p5/1.00 L1_SingleMu10er1p5/1.00 L1_SingleMu12er1p5/1.00 L1_SingleMu14er1p5/1.00 L1_SingleMu18er1p5/1.00
321909,482,6,5.00,HLT_Mu8_IP6_part0_v2/5,OR,L1_SingleMu22/1.00 L1_SingleMu25/1.00 L1_SingleMu6er1p5/0.00 L1_SingleMu7er1p5/0.00 L1_SingleMu8er1p5/1.00 L1_SingleMu9er1p5/1.00 L1_SingleMu10er1p5/1.00 L1_SingleMu12er1p5/1.00 L1_SingleMu14er1p5/1.00 L1_SingleMu18er1p5/1.00
321909,797,7,5.00,HLT_Mu8_IP6_part0_v2/5,OR,L1_SingleMu22/1.00 L1_SingleMu25/1.00 L1_SingleMu6er1p5/0.00 L1_SingleMu7er1p5/1.00 L1_SingleMu8er1p5/1.00 L1_SingleMu9er1p5/1.00 L1_SingleMu10er1p5/1.00 L1_SingleMu12er1p5/1.00 L1_SingleMu14er1p5/1.00 L1_SingleMu18er1p5/1.00
321909,1549,8,5.00,HLT_Mu8_IP6_part0_v2/5,OR,L1_SingleMu22/1.00 L1_SingleMu25/1.00 L1_SingleMu6er1p5/0.00 L1_SingleMu7er1p5/1.00 L1_SingleMu8er1p5/1.00 L1_SingleMu9er1p5/1.00 L1_SingleMu10er1p5/1.00 L1_SingleMu12er1p5/1.00 L1_SingleMu14er1p5/1.00 L1_SingleMu18er1p5/1.00
321917,1,2,0.00,HLT_Mu8_IP6_part0_v2/0,OR,L1_SingleMu22/1.00 L1_SingleMu25/1.00 L1_SingleMu6er1p5/0.00 L1_SingleMu7er1p5/0.00 L1_SingleMu8er1p5/0.00 L1_SingleMu9er1p5/0.00 L1_SingleMu10er1p5/0.00 L1_SingleMu12er1p5/0.00 L1_SingleMu14er1p5/0.00 L1_SingleMu18er1p5/0.00
321917,179,3,0.00,HLT_Mu8_IP6_part0_v2/0,OR,L1_SingleMu22/1.00 L1_SingleMu25/1.00 L1_SingleMu6er1p5/0.00 L1_SingleMu7er1p5/0.00 L1_SingleMu8er1p5/0.00 L1_SingleMu9er1p5/0.00 L1_SingleMu10er1p5/0.00 L1_SingleMu12er1p5/1.00 L1_SingleMu14er1p5/0.00 L1_SingleMu18er1p5/0.00
321917,407,4,0.00,HLT_Mu8_IP6_part0_v2/0,OR,L1_SingleMu22/1.00 L1_SingleMu25/1.00 L1_SingleMu6er1p5/0.00 L1_SingleMu7er1p5/0.00 L1_SingleMu8er1p5/0.00 L1_SingleMu9er1p5/0.00 L1_SingleMu10er1p5/1.00 L1_SingleMu12er1p5/1.00 L1_SingleMu14er1p5/1.00 L1_SingleMu18er1p5/1.00
321917,637,5,0.00,HLT_Mu8_IP6_part0_v2/0,OR,L1_SingleMu22/1.00 L1_SingleMu25/1.00 L1_SingleMu6er1p5/0.00 L1_SingleMu7er1p5/0.00 L1_SingleMu8er1p5/0.00 L1_SingleMu9er1p5/1.00 L1_SingleMu10er1p5/1.00 L1_SingleMu12er1p5/1.00 L1_SingleMu14er1p5/1.00 L1_SingleMu18er1p5/1.00
321917,1,2,0.00,HLT_Mu8_IP6_part0_v2/0,OR,L1_SingleMu22/1.00 L1_SingleMu25/1.00 L1_SingleMu6er1p5/0.00 L1_SingleMu7er1p5/0.00 L1_SingleMu8er1p5/0.00 L1_SingleMu9er1p5/0.00 L1_SingleMu10er1p5/0.00 L1_SingleMu12er1p5/0.00 L1_SingleMu14er1p5/0.00 L1_SingleMu18er1p5/0.00
321917,179,3,0.00,HLT_Mu8_IP6_part0_v2/0,OR,L1_SingleMu22/1.00 L1_SingleMu25/1.00 L1_SingleMu6er1p5/0.00 L1_SingleMu7er1p5/0.00 L1_SingleMu8er1p5/0.00 L1_SingleMu9er1p5/0.00 L1_SingleMu10er1p5/0.00 L1_SingleMu12er1p5/1.00 L1_SingleMu14er1p5/0.00 L1_SingleMu18er1p5/0.00
321917,407,4,0.00,HLT_Mu8_IP6_part0_v2/0,OR,L1_SingleMu22/1.00 L1_SingleMu25/1.00 L1_SingleMu6er1p5/0.00 L1_SingleMu7er1p5/0.00 L1_SingleMu8er1p5/0.00 L1_SingleMu9er1p5/0.00 L1_SingleMu10er1p5/1.00 L1_SingleMu12er1p5/1.00 L1_SingleMu14er1p5/1.00 L1_SingleMu18er1p5/1.00
321917,637,5,0.00,HLT_Mu8_IP6_part0_v2/0,OR,L1_SingleMu22/1.00 L1_SingleMu25/1.00 L1_SingleMu6er1p5/0.00 L1_SingleMu7er1p5/0.00 L1_SingleMu8er1p5/0.00 L1_SingleMu9er1p5/1.00 L1_SingleMu10er1p5/1.00 L1_SingleMu12er1p5/1.00 L1_SingleMu14er1p5/1.00 L1_SingleMu18er1p5/1.00
321917,1,2,0.00,HLT_Mu8_IP6_part0_v2/0,OR,L1_SingleMu22/1.00 L1_SingleMu25/1.00 L1_SingleMu6er1p5/0.00 L1_SingleMu7er1p5/0.00 L1_SingleMu8er1p5/0.00 L1_SingleMu9er1p5/0.00 L1_SingleMu10er1p5/0.00 L1_SingleMu12er1p5/0.00 L1_SingleMu14er1p5/0.00 L1_SingleMu18er1p5/0.00
321917,179,3,0.00,HLT_Mu8_IP6_part0_v2/0,OR,L1_SingleMu22/1.00 L1_SingleMu25/1.00 L1_SingleMu6er1p5/0.00 L1_SingleMu7er1p5/0.00 L1_SingleMu8er1p5/0.00 L1_SingleMu9er1p5/0.00 L1_SingleMu10er1p5/0.00 L1_SingleMu12er1p5/1.00 L1_SingleMu14er1p5/0.00 L1_SingleMu18er1p5/0.00
321917,407,4,0.00,HLT_Mu8_IP6_part0_v2/0,OR,L1_SingleMu22/1.00 L1_SingleMu25/1.00 L1_SingleMu6er1p5/0.00 L1_SingleMu7er1p5/0.00 L1_SingleMu8er1p5/0.00 L1_SingleMu9er1p5/0.00 L1_SingleMu10er1p5/1.00 L1_SingleMu12er1p5/1.00 L1_SingleMu14er1p5/1.00 L1_SingleMu18er1p5/1.00
321917,637,5,0.00,HLT_Mu8_IP6_part0_v2/0,OR,L1_SingleMu22/1.00 L1_SingleMu25/1.00 L1_SingleMu6er1p5/0.00 L1_SingleMu7er1p5/0.00 L1_SingleMu8er1p5/0.00 L1_SingleMu9er1p5/1.00 L1_SingleMu10er1p5/1.00 L1_SingleMu12er1p5/1.00 L1_SingleMu14er1p5/1.00 L1_SingleMu18er1p5/1.00
321919,1,5,0.00,HLT_Mu8_IP6_part0_v2/0,OR,L1_SingleMu22/1.00 L1_SingleMu25/1.00 L1_SingleMu6er1p5/0.00 L1_SingleMu7er1p5/0.00 L1_SingleMu8er1p5/0.00 L1_SingleMu9er1p5/1.00 L1_SingleMu10er1p5/1.00 L1_SingleMu12er1p5/1.00 L1_SingleMu14er1p5/1.00 L1_SingleMu18er1p5/1.00
321933,1,2,0.00,HLT_Mu8_IP6_part0_v2/0,OR,L1_SingleMu22/1.00 L1_SingleMu25/1.00 L1_SingleMu6er1p5/0.00 L1_SingleMu7er1p5/0.00 L1_SingleMu8er1p5/0.00 L1_SingleMu9er1p5/0.00 L1_SingleMu10er1p5/0.00 L1_SingleMu12er1p5/0.00 L1_SingleMu14er1p5/0.00 L1_SingleMu18er1p5/0.00
321933,150,3,0.00,HLT_Mu8_IP6_part0_v2/0,OR,L1_SingleMu22/1.00 L1_SingleMu25/1.00 L1_SingleMu6er1p5/0.00 L1_SingleMu7er1p5/0.00 L1_SingleMu8er1p5/0.00 L1_SingleMu9er1p5/0.00 L1_SingleMu10er1p5/0.00 L1_SingleMu12er1p5/1.00 L1_SingleMu14er1p5/0.00 L1_SingleMu18er1p5/0.00
321961,1,2,0.00,HLT_Mu8_IP6_part0_v2/0,OR,L1_SingleMu22/1.00 L1_SingleMu25/1.00 L1_SingleMu6er1p5/0.00 L1_SingleMu7er1p5/0.00 L1_SingleMu8er1p5/0.00 L1_SingleMu9er1p5/0.00 L1_SingleMu10er1p5/0.00 L1_SingleMu12er1p5/0.00 L1_SingleMu14er1p5/0.00 L1_SingleMu18er1p5/0.00
321961,185,3,0.00,HLT_Mu8_IP6_part0_v2/0,OR,L1_SingleMu22/1.00 L1_SingleMu25/1.00 L1_SingleMu6er1p5/0.00 L1_SingleMu7er1p5/0.00 L1_SingleMu8er1p5/0.00 L1_SingleMu9er1p5/0.00 L1_SingleMu10er1p5/0.00 L1_SingleMu12er1p5/1.00 L1_SingleMu14er1p5/0.00 L1_SingleMu18er1p5/0.00
321973,1,2,0.00,HLT_Mu8_IP6_part0_v2/0,OR,L1_SingleMu22/1.00 L1_SingleMu25/1.00 L1_SingleMu6er1p5/0.00 L1_SingleMu7er1p5/0.00 L1_SingleMu8er1p5/0.00 L1_SingleMu9er1p5/0.00 L1_SingleMu10er1p5/0.00 L1_SingleMu12er1p5/0.00 L1_SingleMu14er1p5/0.00 L1_SingleMu18er1p5/0.00
321973,201,3,0.00,HLT_Mu8_IP6_part0_v2/0,OR,L1_SingleMu22/1.00 L1_SingleMu25/1.00 L1_SingleMu6er1p5/0.00 L1_SingleMu7er1p5/0.00 L1_SingleMu8er1p5/0.00 L1_SingleMu9er1p5/0.00 L1_SingleMu10er1p5/0.00 L1_SingleMu12er1p5/1.00 L1_SingleMu14er1p5/0.00 L1_SingleMu18er1p5/0.00
321973,420,4,0.00,HLT_Mu8_IP6_part0_v2/0,OR,L1_SingleMu22/1.00 L1_SingleMu25/1.00 L1_SingleMu6er1p5/0.00 L1_SingleMu7er1p5/0.00 L1_SingleMu8er1p5/0.00 L1_SingleMu9er1p5/0.00 L1_SingleMu10er1p5/1.00 L1_SingleMu12er1p5/1.00 L1_SingleMu14er1p5/1.00 L1_SingleMu18er1p5/1.00
321973,693,5,0.00,HLT_Mu8_IP6_part0_v2/0,OR,L1_SingleMu22/1.00 L1_SingleMu25/1.00 L1_SingleMu6er1p5/0.00 L1_SingleMu7er1p5/0.00 L1_SingleMu8er1p5/0.00 L1_SingleMu9er1p5/1.00 L1_SingleMu10er1p5/1.00 L1_SingleMu12er1p5/1.00 L1_SingleMu14er1p5/1.00 L1_SingleMu18er1p5/1.00
321973,997,6,5.00,HLT_Mu8_IP6_part0_v2/5,OR,L1_SingleMu22/1.00 L1_SingleMu25/1.00 L1_SingleMu6er1p5/0.00 L1_SingleMu7er1p5/0.00 L1_SingleMu8er1p5/1.00 L1_SingleMu9er1p5/1.00 L1_SingleMu10er1p5/1.00 L1_SingleMu12er1p5/1.00 L1_SingleMu14er1p5/1.00 L1_SingleMu18er1p5/1.00
321973,1,2,0.00,HLT_Mu8_IP6_part0_v2/0,OR,L1_SingleMu22/1.00 L1_SingleMu25/1.00 L1_SingleMu6er1p5/0.00 L1_SingleMu7er1p5/0.00 L1_SingleMu8er1p5/0.00 L1_SingleMu9er1p5/0.00 L1_SingleMu10er1p5/0.00 L1_SingleMu12er1p5/0.00 L1_SingleMu14er1p5/0.00 L1_SingleMu18er1p5/0.00
321973,201,3,0.00,HLT_Mu8_IP6_part0_v2/0,OR,L1_SingleMu22/1.00 L1_SingleMu25/1.00 L1_SingleMu6er1p5/0.00 L1_SingleMu7er1p5/0.00 L1_SingleMu8er1p5/0.00 L1_SingleMu9er1p5/0.00 L1_SingleMu10er1p5/0.00 L1_SingleMu12er1p5/1.00 L1_SingleMu14er1p5/0.00 L1_SingleMu18er1p5/0.00
321973,420,4,0.00,HLT_Mu8_IP6_part0_v2/0,OR,L1_SingleMu22/1.00 L1_SingleMu25/1.00 L1_SingleMu6er1p5/0.00 L1_SingleMu7er1p5/0.00 L1_SingleMu8er1p5/0.00 L1_SingleMu9er1p5/0.00 L1_SingleMu10er1p5/1.00 L1_SingleMu12er1p5/1.00 L1_SingleMu14er1p5/1.00 L1_SingleMu18er1p5/1.00
321973,693,5,0.00,HLT_Mu8_IP6_part0_v2/0,OR,L1_SingleMu22/1.00 L1_SingleMu25/1.00 L1_SingleMu6er1p5/0.00 L1_SingleMu7er1p5/0.00 L1_SingleMu8er1p5/0.00 L1_SingleMu9er1p5/1.00 L1_SingleMu10er1p5/1.00 L1_SingleMu12er1p5/1.00 L1_SingleMu14er1p5/1.00 L1_SingleMu18er1p5/1.00
321973,997,6,5.00,HLT_Mu8_IP6_part0_v2/5,OR,L1_SingleMu22/1.00 L1_SingleMu25/1.00 L1_SingleMu6er1p5/0.00 L1_SingleMu7er1p5/0.00 L1_SingleMu8er1p5/1.00 L1_SingleMu9er1p5/1.00 L1_SingleMu10er1p5/1.00 L1_SingleMu12er1p5/1.00 L1_SingleMu14er1p5/1.00 L1_SingleMu18er1p5/1.00
321973,1,2,0.00,HLT_Mu8_IP6_part0_v2/0,OR,L1_SingleMu22/1.00 L1_SingleMu25/1.00 L1_SingleMu6er1p5/0.00 L1_SingleMu7er1p5/0.00 L1_SingleMu8er1p5/0.00 L1_SingleMu9er1p5/0.00 L1_SingleMu10er1p5/0.00 L1_SingleMu12er1p5/0.00 L1_SingleMu14er1p5/0.00 L1_SingleMu18er1p5/0.00
321973,201,3,0.00,HLT_Mu8_IP6_part0_v2/0,OR,L1_SingleMu22/1.00 L1_SingleMu25/1.00 L1_SingleMu6er1p5/0.00 L1_SingleMu7er1p5/0.00 L1_SingleMu8er1p5/0.00 L1_SingleMu9er1p5/0.00 L1_SingleMu10er1p5/0.00 L1_SingleMu12er1p5/1.00 L1_SingleMu14er1p5/0.00 L1_SingleMu18er1p5/0.00
321973,420,4,0.00,HLT_Mu8_IP6_part0_v2/0,OR,L1_SingleMu22/1.00 L1_SingleMu25/1.00 L1_SingleMu6er1p5/0.00 L1_SingleMu7er1p5/0.00 L1_SingleMu8er1p5/0.00 L1_SingleMu9er1p5/0.00 L1_SingleMu10er1p5/1.00 L1_SingleMu12er1p5/1.00 L1_SingleMu14er1p5/1.00 L1_SingleMu18er1p5/1.00
321973,693,5,0.00,HLT_Mu8_IP6_part0_v2/0,OR,L1_SingleMu22/1.00 L1_SingleMu25/1.00 L1_SingleMu6er1p5/0.00 L1_SingleMu7er1p5/0.00 L1_SingleMu8er1p5/0.00 L1_SingleMu9er1p5/1.00 L1_SingleMu10er1p5/1.00 L1_SingleMu12er1p5/1.00 L1_SingleMu14er1p5/1.00 L1_SingleMu18er1p5/1.00
321973,997,6,5.00,HLT_Mu8_IP6_part0_v2/5,OR,L1_SingleMu22/1.00 L1_SingleMu25/1.00 L1_SingleMu6er1p5/0.00 L1_SingleMu7er1p5/0.00 L1_SingleMu8er1p5/1.00 L1_SingleMu9er1p5/1.00 L1_SingleMu10er1p5/1.00 L1_SingleMu12er1p5/1.00 L1_SingleMu14er1p5/1.00 L1_SingleMu18er1p5/1.00
321975,1,6,5.00,HLT_Mu8_IP6_part0_v2/5,OR,L1_SingleMu22/1.00 L1_SingleMu25/1.00 L1_SingleMu6er1p5/0.00 L1_SingleMu7er1p5/0.00 L1_SingleMu8er1p5/1.00 L1_SingleMu9er1p5/1.00 L1_SingleMu10er1p5/1.00 L1_SingleMu12er1p5/1.00 L1_SingleMu14er1p5/1.00 L1_SingleMu18er1p5/1.00
321975,81,7,5.00,HLT_Mu8_IP6_part0_v2/5,OR,L1_SingleMu22/1.00 L1_SingleMu25/1.00 L1_SingleMu6er1p5/0.00 L1_SingleMu7er1p5/1.00 L1_SingleMu8er1p5/1.00 L1_SingleMu9er1p5/1.00 L1_SingleMu10er1p5/1.00 L1_SingleMu12er1p5/1.00 L1_SingleMu14er1p5/1.00 L1_SingleMu18er1p5/1.00
321975,321,8,5.00,HLT_Mu8_IP6_part0_v2/5,OR,L1_SingleMu22/1.00 L1_SingleMu25/1.00 L1_SingleMu6er1p5/0.00 L1_SingleMu7er1p5/1.00 L1_SingleMu8er1p5/1.00 L1_SingleMu9er1p5/1.00 L1_SingleMu10er1p5/1.00 L1_SingleMu12er1p5/1.00 L1_SingleMu14er1p5/1.00 L1_SingleMu18er1p5/1.00
321975,336,7,5.00,HLT_Mu8_IP6_part0_v2/5,OR,L1_SingleMu22/1.00 L1_SingleMu25/1.00 L1_SingleMu6er1p5/0.00 L1_SingleMu7er1p5/1.00 L1_SingleMu8er1p5/1.00 L1_SingleMu9er1p5/1.00 L1_SingleMu10er1p5/1.00 L1_SingleMu12er1p5/1.00 L1_SingleMu14er1p5/1.00 L1_SingleMu18er1p5/1.00
321975,1,6,5.00,HLT_Mu8_IP6_part0_v2/5,OR,L1_SingleMu22/1.00 L1_SingleMu25/1.00 L1_SingleMu6er1p5/0.00 L1_SingleMu7er1p5/0.00 L1_SingleMu8er1p5/1.00 L1_SingleMu9er1p5/1.00 L1_SingleMu10er1p5/1.00 L1_SingleMu12er1p5/1.00 L1_SingleMu14er1p5/1.00 L1_SingleMu18er1p5/1.00
321975,81,7,5.00,HLT_Mu8_IP6_part0_v2/5,OR,L1_SingleMu22/1.00 L1_SingleMu25/1.00 L1_SingleMu6er1p5/0.00 L1_SingleMu7er1p5/1.00 L1_SingleMu8er1p5/1.00 L1_SingleMu9er1p5/1.00 L1_SingleMu10er1p5/1.00 L1_SingleMu12er1p5/1.00 L1_SingleMu14er1p5/1.00 L1_SingleMu18er1p5/1.00
321975,321,8,5.00,HLT_Mu8_IP6_part0_v2/5,OR,L1_SingleMu22/1.00 L1_SingleMu25/1.00 L1_SingleMu6er1p5/0.00 L1_SingleMu7er1p5/1.00 L1_SingleMu8er1p5/1.00 L1_SingleMu9er1p5/1.00 L1_SingleMu10er1p5/1.00 L1_SingleMu12er1p5/1.00 L1_SingleMu14er1p5/1.00 L1_SingleMu18er1p5/1.00
321975,336,7,5.00,HLT_Mu8_IP6_part0_v2/5,OR,L1_SingleMu22/1.00 L1_SingleMu25/1.00 L1_SingleMu6er1p5/0.00 L1_SingleMu7er1p5/1.00 L1_SingleMu8er1p5/1.00 L1_SingleMu9er1p5/1.00 L1_SingleMu10er1p5/1.00 L1_SingleMu12er1p5/1.00 L1_SingleMu14er1p5/1.00 L1_SingleMu18er1p5/1.00
321988,1,2,0.00,HLT_Mu8_IP6_part0_v2/0,OR,L1_SingleMu22/1.00 L1_SingleMu25/1.00 L1_SingleMu6er1p5/0.00 L1_SingleMu7er1p5/0.00 L1_SingleMu8er1p5/0.00 L1_SingleMu9er1p5/0.00 L1_SingleMu10er1p5/0.00 L1_SingleMu12er1p5/0.00 L1_SingleMu14er1p5/0.00 L1_SingleMu18er1p5/0.00
321988,213,3,0.00,HLT_Mu8_IP6_part0_v2/0,OR,L1_SingleMu22/1.00 L1_SingleMu25/1.00 L1_SingleMu6er1p5/0.00 L1_SingleMu7er1p5/0.00 L1_SingleMu8er1p5/0.00 L1_SingleMu9er1p5/0.00 L1_SingleMu10er1p5/0.00 L1_SingleMu12er1p5/1.00 L1_SingleMu14er1p5/0.00 L1_SingleMu18er1p5/0.00
321988,463,4,0.00,HLT_Mu8_IP6_part0_v2/0,OR,L1_SingleMu22/1.00 L1_SingleMu25/1.00 L1_SingleMu6er1p5/0.00 L1_SingleMu7er1p5/0.00 L1_SingleMu8er1p5/0.00 L1_SingleMu9er1p5/0.00 L1_SingleMu10er1p5/1.00 L1_SingleMu12er1p5/1.00 L1_SingleMu14er1p5/1.00 L1_SingleMu18er1p5/1.00
321988,704,5,0.00,HLT_Mu8_IP6_part0_v2/0,OR,L1_SingleMu22/1.00 L1_SingleMu25/1.00 L1_SingleMu6er1p5/0.00 L1_SingleMu7er1p5/0.00 L1_SingleMu8er1p5/0.00 L1_SingleMu9er1p5/1.00 L1_SingleMu10er1p5/1.00 L1_SingleMu12er1p5/1.00 L1_SingleMu14er1p5/1.00 L1_SingleMu18er1p5/1.00
321988,1023,6,5.00,HLT_Mu8_IP6_part0_v2/5,OR,L1_SingleMu22/1.00 L1_SingleMu25/1.00 L1_SingleMu6er1p5/0.00 L1_SingleMu7er1p5/0.00 L1_SingleMu8er1p5/1.00 L1_SingleMu9er1p5/1.00 L1_SingleMu10er1p5/1.00 L1_SingleMu12er1p5/1.00 L1_SingleMu14er1p5/1.00 L1_SingleMu18er1p5/1.00
321988,1393,7,5.00,HLT_Mu8_IP6_part0_v2/5,OR,L1_SingleMu22/1.00 L1_SingleMu25/1.00 L1_SingleMu6er1p5/0.00 L1_SingleMu7er1p5/1.00 L1_SingleMu8er1p5/1.00 L1_SingleMu9er1p5/1.00 L1_SingleMu10er1p5/1.00 L1_SingleMu12er1p5/1.00 L1_SingleMu14er1p5/1.00 L1_SingleMu18er1p5/1.00
321988,1,2,0.00,HLT_Mu8_IP6_part0_v2/0,OR,L1_SingleMu22/1.00 L1_SingleMu25/1.00 L1_SingleMu6er1p5/0.00 L1_SingleMu7er1p5/0.00 L1_SingleMu8er1p5/0.00 L1_SingleMu9er1p5/0.00 L1_SingleMu10er1p5/0.00 L1_SingleMu12er1p5/0.00 L1_SingleMu14er1p5/0.00 L1_SingleMu18er1p5/0.00
321988,213,3,0.00,HLT_Mu8_IP6_part0_v2/0,OR,L1_SingleMu22/1.00 L1_SingleMu25/1.00 L1_SingleMu6er1p5/0.00 L1_SingleMu7er1p5/0.00 L1_SingleMu8er1p5/0.00 L1_SingleMu9er1p5/0.00 L1_SingleMu10er1p5/0.00 L1_SingleMu12er1p5/1.00 L1_SingleMu14er1p5/0.00 L1_SingleMu18er1p5/0.00
321988,463,4,0.00,HLT_Mu8_IP6_part0_v2/0,OR,L1_SingleMu22/1.00 L1_SingleMu25/1.00 L1_SingleMu6er1p5/0.00 L1_SingleMu7er1p5/0.00 L1_SingleMu8er1p5/0.00 L1_SingleMu9er1p5/0.00 L1_SingleMu10er1p5/1.00 L1_SingleMu12er1p5/1.00 L1_SingleMu14er1p5/1.00 L1_SingleMu18er1p5/1.00
321988,704,5,0.00,HLT_Mu8_IP6_part0_v2/0,OR,L1_SingleMu22/1.00 L1_SingleMu25/1.00 L1_SingleMu6er1p5/0.00 L1_SingleMu7er1p5/0.00 L1_SingleMu8er1p5/0.00 L1_SingleMu9er1p5/1.00 L1_SingleMu10er1p5/1.00 L1_SingleMu12er1p5/1.00 L1_SingleMu14er1p5/1.00 L1_SingleMu18er1p5/1.00
321988,1023,6,5.00,HLT_Mu8_IP6_part0_v2/5,OR,L1_SingleMu22/1.00 L1_SingleMu25/1.00 L1_SingleMu6er1p5/0.00 L1_SingleMu7er1p5/0.00 L1_SingleMu8er1p5/1.00 L1_SingleMu9er1p5/1.00 L1_SingleMu10er1p5/1.00 L1_SingleMu12er1p5/1.00 L1_SingleMu14er1p5/1.00 L1_SingleMu18er1p5/1.00
321988,1393,7,5.00,HLT_Mu8_IP6_part0_v2/5,OR,L1_SingleMu22/1.00 L1_SingleMu25/1.00 L1_SingleMu6er1p5/0.00 L1_SingleMu7er1p5/1.00 L1_SingleMu8er1p5/1.00 L1_SingleMu9er1p5/1.00 L1_SingleMu10er1p5/1.00 L1_SingleMu12er1p5/1.00 L1_SingleMu14er1p5/1.00 L1_SingleMu18er1p5/1.00
321988,1,2,0.00,HLT_Mu8_IP6_part0_v2/0,OR,L1_SingleMu22/1.00 L1_SingleMu25/1.00 L1_SingleMu6er1p5/0.00 L1_SingleMu7er1p5/0.00 L1_SingleMu8er1p5/0.00 L1_SingleMu9er1p5/0.00 L1_SingleMu10er1p5/0.00 L1_SingleMu12er1p5/0.00 L1_SingleMu14er1p5/0.00 L1_SingleMu18er1p5/0.00
321988,213,3,0.00,HLT_Mu8_IP6_part0_v2/0,OR,L1_SingleMu22/1.00 L1_SingleMu25/1.00 L1_SingleMu6er1p5/0.00 L1_SingleMu7er1p5/0.00 L1_SingleMu8er1p5/0.00 L1_SingleMu9er1p5/0.00 L1_SingleMu10er1p5/0.00 L1_SingleMu12er1p5/1.00 L1_SingleMu14er1p5/0.00 L1_SingleMu18er1p5/0.00
321988,463,4,0.00,HLT_Mu8_IP6_part0_v2/0,OR,L1_SingleMu22/1.00 L1_SingleMu25/1.00 L1_SingleMu6er1p5/0.00 L1_SingleMu7er1p5/0.00 L1_SingleMu8er1p5/0.00 L1_SingleMu9er1p5/0.00 L1_SingleMu10er1p5/1.00 L1_SingleMu12er1p5/1.00 L1_SingleMu14er1p5/1.00 L1_SingleMu18er1p5/1.00
321988,704,5,0.00,HLT_Mu8_IP6_part0_v2/0,OR,L1_SingleMu22/1.00 L1_SingleMu25/1.00 L1_SingleMu6er1p5/0.00 L1_SingleMu7er1p5/0.00 L1_SingleMu8er1p5/0.00 L1_SingleMu9er1p5/1.00 L1_SingleMu10er1p5/1.00 L1_SingleMu12er1p5/1.00 L1_SingleMu14er1p5/1.00 L1_SingleMu18er1p5/1.00
321988,1023,6,5.00,HLT_Mu8_IP6_part0_v2/5,OR,L1_SingleMu22/1.00 L1_SingleMu25/1.00 L1_SingleMu6er1p5/0.00 L1_SingleMu7er1p5/0.00 L1_SingleMu8er1p5/1.00 L1_SingleMu9er1p5/1.00 L1_SingleMu10er1p5/1.00 L1_SingleMu12er1p5/1.00 L1_SingleMu14er1p5/1.00 L1_SingleMu18er1p5/1.00
321988,1393,7,5.00,HLT_Mu8_IP6_part0_v2/5,OR,L1_SingleMu22/1.00 L1_SingleMu25/1.00 L1_SingleMu6er1p5/0.00 L1_SingleMu7er1p5/1.00 L1_SingleMu8er1p5/1.00 L1_SingleMu9er1p5/1.00 L1_SingleMu10er1p5/1.00 L1_SingleMu12er1p5/1.00 L1_SingleMu14er1p5/1.00 L1_SingleMu18er1p5/1.00
321988,1,2,0.00,HLT_Mu8_IP6_part0_v2/0,OR,L1_SingleMu22/1.00 L1_SingleMu25/1.00 L1_SingleMu6er1p5/0.00 L1_SingleMu7er1p5/0.00 L1_SingleMu8er1p5/0.00 L1_SingleMu9er1p5/0.00 L1_SingleMu10er1p5/0.00 L1_SingleMu12er1p5/0.00 L1_SingleMu14er1p5/0.00 L1_SingleMu18er1p5/0.00
321988,213,3,0.00,HLT_Mu8_IP6_part0_v2/0,OR,L1_SingleMu22/1.00 L1_SingleMu25/1.00 L1_SingleMu6er1p5/0.00 L1_SingleMu7er1p5/0.00 L1_SingleMu8er1p5/0.00 L1_SingleMu9er1p5/0.00 L1_SingleMu10er1p5/0.00 L1_SingleMu12er1p5/1.00 L1_SingleMu14er1p5/0.00 L1_SingleMu18er1p5/0.00
321988,463,4,0.00,HLT_Mu8_IP6_part0_v2/0,OR,L1_SingleMu22/1.00 L1_SingleMu25/1.00 L1_SingleMu6er1p5/0.00 L1_SingleMu7er1p5/0.00 L1_SingleMu8er1p5/0.00 L1_SingleMu9er1p5/0.00 L1_SingleMu10er1p5/1.00 L1_SingleMu12er1p5/1.00 L1_SingleMu14er1p5/1.00 L1_SingleMu18er1p5/1.00
321988,704,5,0.00,HLT_Mu8_IP6_part0_v2/0,OR,L1_SingleMu22/1.00 L1_SingleMu25/1.00 L1_SingleMu6er1p5/0.00 L1_SingleMu7er1p5/0.00 L1_SingleMu8er1p5/0.00 L1_SingleMu9er1p5/1.00 L1_SingleMu10er1p5/1.00 L1_SingleMu12er1p5/1.00 L1_SingleMu14er1p5/1.00 L1_SingleMu18er1p5/1.00
321988,1023,6,5.00,HLT_Mu8_IP6_part0_v2/5,OR,L1_SingleMu22/1.00 L1_SingleMu25/1.00 L1_SingleMu6er1p5/0.00 L1_SingleMu7er1p5/0.00 L1_SingleMu8er1p5/1.00 L1_SingleMu9er1p5/1.00 L1_SingleMu10er1p5/1.00 L1_SingleMu12er1p5/1.00 L1_SingleMu14er1p5/1.00 L1_SingleMu18er1p5/1.00
321988,1393,7,5.00,HLT_Mu8_IP6_part0_v2/5,OR,L1_SingleMu22/1.00 L1_SingleMu25/1.00 L1_SingleMu6er1p5/0.00 L1_SingleMu7er1p5/1.00 L1_SingleMu8er1p5/1.00 L1_SingleMu9er1p5/1.00 L1_SingleMu10er1p5/1.00 L1_SingleMu12er1p5/1.00 L1_SingleMu14er1p5/1.00 L1_SingleMu18er1p5/1.00
321990,1,7,5.00,HLT_Mu8_IP6_part0_v2/5,OR,L1_SingleMu22/1.00 L1_SingleMu25/1.00 L1_SingleMu6er1p5/0.00 L1_SingleMu7er1p5/1.00 L1_SingleMu8er1p5/1.00 L1_SingleMu9er1p5/1.00 L1_SingleMu10er1p5/1.00 L1_SingleMu12er1p5/1.00 L1_SingleMu14er1p5/1.00 L1_SingleMu18er1p5/1.00
322022,1,2,0.00,HLT_Mu8_IP6_part0_v2/0,OR,L1_SingleMu22/1.00 L1_SingleMu25/1.00 L1_SingleMu6er1p5/0.00 L1_SingleMu7er1p5/0.00 L1_SingleMu8er1p5/0.00 L1_SingleMu9er1p5/0.00 L1_SingleMu10er1p5/0.00 L1_SingleMu12er1p5/0.00 L1_SingleMu14er1p5/0.00 L1_SingleMu18er1p5/0.00
322022,192,3,0.00,HLT_Mu8_IP6_part0_v2/0,OR,L1_SingleMu22/1.00 L1_SingleMu25/1.00 L1_SingleMu6er1p5/0.00 L1_SingleMu7er1p5/0.00 L1_SingleMu8er1p5/0.00 L1_SingleMu9er1p5/0.00 L1_SingleMu10er1p5/0.00 L1_SingleMu12er1p5/1.00 L1_SingleMu14er1p5/0.00 L1_SingleMu18er1p5/0.00
322022,370,4,0.00,HLT_Mu8_IP6_part0_v2/0,OR,L1_SingleMu22/1.00 L1_SingleMu25/1.00 L1_SingleMu6er1p5/0.00 L1_SingleMu7er1p5/0.00 L1_SingleMu8er1p5/0.00 L1_SingleMu9er1p5/0.00 L1_SingleMu10er1p5/1.00 L1_SingleMu12er1p5/1.00 L1_SingleMu14er1p5/1.00 L1_SingleMu18er1p5/1.00
322022,700,5,0.00,HLT_Mu8_IP6_part0_v2/0,OR,L1_SingleMu22/1.00 L1_SingleMu25/1.00 L1_SingleMu6er1p5/0.00 L1_SingleMu7er1p5/0.00 L1_SingleMu8er1p5/0.00 L1_SingleMu9er1p5/1.00 L1_SingleMu10er1p5/1.00 L1_SingleMu12er1p5/1.00 L1_SingleMu14er1p5/1.00 L1_SingleMu18er1p5/1.00
322022,1012,6,5.00,HLT_Mu8_IP6_part0_v2/5,OR,L1_SingleMu22/1.00 L1_SingleMu25/1.00 L1_SingleMu6er1p5/0.00 L1_SingleMu7er1p5/0.00 L1_SingleMu8er1p5/1.00 L1_SingleMu9er1p5/1.00 L1_SingleMu10er1p5/1.00 L1_SingleMu12er1p5/1.00 L1_SingleMu14er1p5/1.00 L1_SingleMu18er1p5/1.00
322022,1353,7,5.00,HLT_Mu8_IP6_part0_v2/5,OR,L1_SingleMu22/1.00 L1_SingleMu25/1.00 L1_SingleMu6er1p5/0.00 L1_SingleMu7er1p5/1.00 L1_SingleMu8er1p5/1.00 L1_SingleMu9er1p5/1.00 L1_SingleMu10er1p5/1.00 L1_SingleMu12er1p5/1.00 L1_SingleMu14er1p5/1.00 L1_SingleMu18er1p5/1.00
322022,1,2,0.00,HLT_Mu8_IP6_part0_v2/0,OR,L1_SingleMu22/1.00 L1_SingleMu25/1.00 L1_SingleMu6er1p5/0.00 L1_SingleMu7er1p5/0.00 L1_SingleMu8er1p5/0.00 L1_SingleMu9er1p5/0.00 L1_SingleMu10er1p5/0.00 L1_SingleMu12er1p5/0.00 L1_SingleMu14er1p5/0.00 L1_SingleMu18er1p5/0.00
322022,192,3,0.00,HLT_Mu8_IP6_part0_v2/0,OR,L1_SingleMu22/1.00 L1_SingleMu25/1.00 L1_SingleMu6er1p5/0.00 L1_SingleMu7er1p5/0.00 L1_SingleMu8er1p5/0.00 L1_SingleMu9er1p5/0.00 L1_SingleMu10er1p5/0.00 L1_SingleMu12er1p5/1.00 L1_SingleMu14er1p5/0.00 L1_SingleMu18er1p5/0.00
322022,370,4,0.00,HLT_Mu8_IP6_part0_v2/0,OR,L1_SingleMu22/1.00 L1_SingleMu25/1.00 L1_SingleMu6er1p5/0.00 L1_SingleMu7er1p5/0.00 L1_SingleMu8er1p5/0.00 L1_SingleMu9er1p5/0.00 L1_SingleMu10er1p5/1.00 L1_SingleMu12er1p5/1.00 L1_SingleMu14er1p5/1.00 L1_SingleMu18er1p5/1.00
322022,700,5,0.00,HLT_Mu8_IP6_part0_v2/0,OR,L1_SingleMu22/1.00 L1_SingleMu25/1.00 L1_SingleMu6er1p5/0.00 L1_SingleMu7er1p5/0.00 L1_SingleMu8er1p5/0.00 L1_SingleMu9er1p5/1.00 L1_SingleMu10er1p5/1.00 L1_SingleMu12er1p5/1.00 L1_SingleMu14er1p5/1.00 L1_SingleMu18er1p5/1.00
322022,1012,6,5.00,HLT_Mu8_IP6_part0_v2/5,OR,L1_SingleMu22/1.00 L1_SingleMu25/1.00 L1_SingleMu6er1p5/0.00 L1_SingleMu7er1p5/0.00 L1_SingleMu8er1p5/1.00 L1_SingleMu9er1p5/1.00 L1_SingleMu10er1p5/1.00 L1_SingleMu12er1p5/1.00 L1_SingleMu14er1p5/1.00 L1_SingleMu18er1p5/1.00
322022,1353,7,5.00,HLT_Mu8_IP6_part0_v2/5,OR,L1_SingleMu22/1.00 L1_SingleMu25/1.00 L1_SingleMu6er1p5/0.00 L1_SingleMu7er1p5/1.00 L1_SingleMu8er1p5/1.00 L1_SingleMu9er1p5/1.00 L1_SingleMu10er1p5/1.00 L1_SingleMu12er1p5/1.00 L1_SingleMu14er1p5/1.00 L1_SingleMu18er1p5/1.00
322022,1,2,0.00,HLT_Mu8_IP6_part0_v2/0,OR,L1_SingleMu22/1.00 L1_SingleMu25/1.00 L1_SingleMu6er1p5/0.00 L1_SingleMu7er1p5/0.00 L1_SingleMu8er1p5/0.00 L1_SingleMu9er1p5/0.00 L1_SingleMu10er1p5/0.00 L1_SingleMu12er1p5/0.00 L1_SingleMu14er1p5/0.00 L1_SingleMu18er1p5/0.00
322022,192,3,0.00,HLT_Mu8_IP6_part0_v2/0,OR,L1_SingleMu22/1.00 L1_SingleMu25/1.00 L1_SingleMu6er1p5/0.00 L1_SingleMu7er1p5/0.00 L1_SingleMu8er1p5/0.00 L1_SingleMu9er1p5/0.00 L1_SingleMu10er1p5/0.00 L1_SingleMu12er1p5/1.00 L1_SingleMu14er1p5/0.00 L1_SingleMu18er1p5/0.00
322022,370,4,0.00,HLT_Mu8_IP6_part0_v2/0,OR,L1_SingleMu22/1.00 L1_SingleMu25/1.00 L1_SingleMu6er1p5/0.00 L1_SingleMu7er1p5/0.00 L1_SingleMu8er1p5/0.00 L1_SingleMu9er1p5/0.00 L1_SingleMu10er1p5/1.00 L1_SingleMu12er1p5/1.00 L1_SingleMu14er1p5/1.00 L1_SingleMu18er1p5/1.00
322022,700,5,0.00,HLT_Mu8_IP6_part0_v2/0,OR,L1_SingleMu22/1.00 L1_SingleMu25/1.00 L1_SingleMu6er1p5/0.00 L1_SingleMu7er1p5/0.00 L1_SingleMu8er1p5/0.00 L1_SingleMu9er1p5/1.00 L1_SingleMu10er1p5/1.00 L1_SingleMu12er1p5/1.00 L1_SingleMu14er1p5/1.00 L1_SingleMu18er1p5/1.00
322022,1012,6,5.00,HLT_Mu8_IP6_part0_v2/5,OR,L1_SingleMu22/1.00 L1_SingleMu25/1.00 L1_SingleMu6er1p5/0.00 L1_SingleMu7er1p5/0.00 L1_SingleMu8er1p5/1.00 L1_SingleMu9er1p5/1.00 L1_SingleMu10er1p5/1.00 L1_SingleMu12er1p5/1.00 L1_SingleMu14er1p5/1.00 L1_SingleMu18er1p5/1.00
322022,1353,7,5.00,HLT_Mu8_IP6_part0_v2/5,OR,L1_SingleMu22/1.00 L1_SingleMu25/1.00 L1_SingleMu6er1p5/0.00 L1_SingleMu7er1p5/1.00 L1_SingleMu8er1p5/1.00 L1_SingleMu9er1p5/1.00 L1_SingleMu10er1p5/1.00 L1_SingleMu12er1p5/1.00 L1_SingleMu14er1p5/1.00 L1_SingleMu18er1p5/1.00
322022,1,2,0.00,HLT_Mu8_IP6_part0_v2/0,OR,L1_SingleMu22/1.00 L1_SingleMu25/1.00 L1_SingleMu6er1p5/0.00 L1_SingleMu7er1p5/0.00 L1_SingleMu8er1p5/0.00 L1_SingleMu9er1p5/0.00 L1_SingleMu10er1p5/0.00 L1_SingleMu12er1p5/0.00 L1_SingleMu14er1p5/0.00 L1_SingleMu18er1p5/0.00
322022,192,3,0.00,HLT_Mu8_IP6_part0_v2/0,OR,L1_SingleMu22/1.00 L1_SingleMu25/1.00 L1_SingleMu6er1p5/0.00 L1_SingleMu7er1p5/0.00 L1_SingleMu8er1p5/0.00 L1_SingleMu9er1p5/0.00 L1_SingleMu10er1p5/0.00 L1_SingleMu12er1p5/1.00 L1_SingleMu14er1p5/0.00 L1_SingleMu18er1p5/0.00
322022,370,4,0.00,HLT_Mu8_IP6_part0_v2/0,OR,L1_SingleMu22/1.00 L1_SingleMu25/1.00 L1_SingleMu6er1p5/0.00 L1_SingleMu7er1p5/0.00 L1_SingleMu8er1p5/0.00 L1_SingleMu9er1p5/0.00 L1_SingleMu10er1p5/1.00 L1_SingleMu12er1p5/1.00 L1_SingleMu14er1p5/1.00 L1_SingleMu18er1p5/1.00
322022,700,5,0.00,HLT_Mu8_IP6_part0_v2/0,OR,L1_SingleMu22/1.00 L1_SingleMu25/1.00 L1_SingleMu6er1p5/0.00 L1_SingleMu7er1p5/0.00 L1_SingleMu8er1p5/0.00 L1_SingleMu9er1p5/1.00 L1_SingleMu10er1p5/1.00 L1_SingleMu12er1p5/1.00 L1_SingleMu14er1p5/1.00 L1_SingleMu18er1p5/1.00
322022,1012,6,5.00,HLT_Mu8_IP6_part0_v2/5,OR,L1_SingleMu22/1.00 L1_SingleMu25/1.00 L1_SingleMu6er1p5/0.00 L1_SingleMu7er1p5/0.00 L1_SingleMu8er1p5/1.00 L1_SingleMu9er1p5/1.00 L1_SingleMu10er1p5/1.00 L1_SingleMu12er1p5/1.00 L1_SingleMu14er1p5/1.00 L1_SingleMu18er1p5/1.00
322022,1353,7,5.00,HLT_Mu8_IP6_part0_v2/5,OR,L1_SingleMu22/1.00 L1_SingleMu25/1.00 L1_SingleMu6er1p5/0.00 L1_SingleMu7er1p5/1.00 L1_SingleMu8er1p5/1.00 L1_SingleMu9er1p5/1.00 L1_SingleMu10er1p5/1.00 L1_SingleMu12er1p5/1.00 L1_SingleMu14er1p5/1.00 L1_SingleMu18er1p5/1.00
322068,1,2,0.00,HLT_Mu8_IP6_part0_v2/0,OR,L1_SingleMu22/1.00 L1_SingleMu25/1.00 L1_SingleMu6er1p5/0.00 L1_SingleMu7er1p5/0.00 L1_SingleMu8er1p5/0.00 L1_SingleMu9er1p5/0.00 L1_SingleMu10er1p5/0.00 L1_SingleMu12er1p5/0.00 L1_SingleMu14er1p5/0.00 L1_SingleMu18er1p5/0.00
322068,270,3,0.00,HLT_Mu8_IP6_part0_v2/0,OR,L1_SingleMu22/1.00 L1_SingleMu25/1.00 L1_SingleMu6er1p5/0.00 L1_SingleMu7er1p5/0.00 L1_SingleMu8er1p5/0.00 L1_SingleMu9er1p5/0.00 L1_SingleMu10er1p5/0.00 L1_SingleMu12er1p5/1.00 L1_SingleMu14er1p5/0.00 L1_SingleMu18er1p5/0.00
322068,499,4,0.00,HLT_Mu8_IP6_part0_v2/0,OR,L1_SingleMu22/1.00 L1_SingleMu25/1.00 L1_SingleMu6er1p5/0.00 L1_SingleMu7er1p5/0.00 L1_SingleMu8er1p5/0.00 L1_SingleMu9er1p5/0.00 L1_SingleMu10er1p5/1.00 L1_SingleMu12er1p5/1.00 L1_SingleMu14er1p5/1.00 L1_SingleMu18er1p5/1.00
322068,723,5,0.00,HLT_Mu8_IP6_part0_v2/0,OR,L1_SingleMu22/1.00 L1_SingleMu25/1.00 L1_SingleMu6er1p5/0.00 L1_SingleMu7er1p5/0.00 L1_SingleMu8er1p5/0.00 L1_SingleMu9er1p5/1.00 L1_SingleMu10er1p5/1.00 L1_SingleMu12er1p5/1.00 L1_SingleMu14er1p5/1.00 L1_SingleMu18er1p5/1.00
322068,1,2,0.00,HLT_Mu8_IP6_part0_v2/0,OR,L1_SingleMu22/1.00 L1_SingleMu25/1.00 L1_SingleMu6er1p5/0.00 L1_SingleMu7er1p5/0.00 L1_SingleMu8er1p5/0.00 L1_SingleMu9er1p5/0.00 L1_SingleMu10er1p5/0.00 L1_SingleMu12er1p5/0.00 L1_SingleMu14er1p5/0.00 L1_SingleMu18er1p5/0.00
322068,270,3,0.00,HLT_Mu8_IP6_part0_v2/0,OR,L1_SingleMu22/1.00 L1_SingleMu25/1.00 L1_SingleMu6er1p5/0.00 L1_SingleMu7er1p5/0.00 L1_SingleMu8er1p5/0.00 L1_SingleMu9er1p5/0.00 L1_SingleMu10er1p5/0.00 L1_SingleMu12er1p5/1.00 L1_SingleMu14er1p5/0.00 L1_SingleMu18er1p5/0.00
322068,499,4,0.00,HLT_Mu8_IP6_part0_v2/0,OR,L1_SingleMu22/1.00 L1_SingleMu25/1.00 L1_SingleMu6er1p5/0.00 L1_SingleMu7er1p5/0.00 L1_SingleMu8er1p5/0.00 L1_SingleMu9er1p5/0.00 L1_SingleMu10er1p5/1.00 L1_SingleMu12er1p5/1.00 L1_SingleMu14er1p5/1.00 L1_SingleMu18er1p5/1.00
322068,723,5,0.00,HLT_Mu8_IP6_part0_v2/0,OR,L1_SingleMu22/1.00 L1_SingleMu25/1.00 L1_SingleMu6er1p5/0.00 L1_SingleMu7er1p5/0.00 L1_SingleMu8er1p5/0.00 L1_SingleMu9er1p5/1.00 L1_SingleMu10er1p5/1.00 L1_SingleMu12er1p5/1.00 L1_SingleMu14er1p5/1.00 L1_SingleMu18er1p5/1.00
322068,1,2,0.00,HLT_Mu8_IP6_part0_v2/0,OR,L1_SingleMu22/1.00 L1_SingleMu25/1.00 L1_SingleMu6er1p5/0.00 L1_SingleMu7er1p5/0.00 L1_SingleMu8er1p5/0.00 L1_SingleMu9er1p5/0.00 L1_SingleMu10er1p5/0.00 L1_SingleMu12er1p5/0.00 L1_SingleMu14er1p5/0.00 L1_SingleMu18er1p5/0.00
322068,270,3,0.00,HLT_Mu8_IP6_part0_v2/0,OR,L1_SingleMu22/1.00 L1_SingleMu25/1.00 L1_SingleMu6er1p5/0.00 L1_SingleMu7er1p5/0.00 L1_SingleMu8er1p5/0.00 L1_SingleMu9er1p5/0.00 L1_SingleMu10er1p5/0.00 L1_SingleMu12er1p5/1.00 L1_SingleMu14er1p5/0.00 L1_SingleMu18er1p5/0.00
322068,499,4,0.00,HLT_Mu8_IP6_part0_v2/0,OR,L1_SingleMu22/1.00 L1_SingleMu25/1.00 L1_SingleMu6er1p5/0.00 L1_SingleMu7er1p5/0.00 L1_SingleMu8er1p5/0.00 L1_SingleMu9er1p5/0.00 L1_SingleMu10er1p5/1.00 L1_SingleMu12er1p5/1.00 L1_SingleMu14er1p5/1.00 L1_SingleMu18er1p5/1.00
322068,723,5,0.00,HLT_Mu8_IP6_part0_v2/0,OR,L1_SingleMu22/1.00 L1_SingleMu25/1.00 L1_SingleMu6er1p5/0.00 L1_SingleMu7er1p5/0.00 L1_SingleMu8er1p5/0.00 L1_SingleMu9er1p5/1.00 L1_SingleMu10er1p5/1.00 L1_SingleMu12er1p5/1.00 L1_SingleMu14er1p5/1.00 L1_SingleMu18er1p5/1.00
322079,1,2,0.00,HLT_Mu8_IP6_part0_v2/0,OR,L1_SingleMu22/1.00 L1_SingleMu25/1.00 L1_SingleMu6er1p5/0.00 L1_SingleMu7er1p5/0.00 L1_SingleMu8er1p5/0.00 L1_SingleMu9er1p5/0.00 L1_SingleMu10er1p5/0.00 L1_SingleMu12er1p5/0.00 L1_SingleMu14er1p5/0.00 L1_SingleMu18er1p5/0.00
322079,331,3,0.00,HLT_Mu8_IP6_part0_v2/0,OR,L1_SingleMu22/1.00 L1_SingleMu25/1.00 L1_SingleMu6er1p5/0.00 L1_SingleMu7er1p5/0.00 L1_SingleMu8er1p5/0.00 L1_SingleMu9er1p5/0.00 L1_SingleMu10er1p5/0.00 L1_SingleMu12er1p5/1.00 L1_SingleMu14er1p5/0.00 L1_SingleMu18er1p5/0.00
322106,1,2,0.00,HLT_Mu8_IP6_part0_v2/0,OR,L1_SingleMu22/1.00 L1_SingleMu25/1.00 L1_SingleMu6er1p5/0.00 L1_SingleMu7er1p5/0.00 L1_SingleMu8er1p5/0.00 L1_SingleMu9er1p5/0.00 L1_SingleMu10er1p5/0.00 L1_SingleMu12er1p5/0.00 L1_SingleMu14er1p5/0.00 L1_SingleMu18er1p5/0.00
322106,327,3,0.00,HLT_Mu8_IP6_part0_v2/0,OR,L1_SingleMu22/1.00 L1_SingleMu25/1.00 L1_SingleMu6er1p5/0.00 L1_SingleMu7er1p5/0.00 L1_SingleMu8er1p5/0.00 L1_SingleMu9er1p5/0.00 L1_SingleMu10er1p5/0.00 L1_SingleMu12er1p5/1.00 L1_SingleMu14er1p5/0.00 L1_SingleMu18er1p5/0.00
322106,497,4,0.00,HLT_Mu8_IP6_part0_v2/0,OR,L1_SingleMu22/1.00 L1_SingleMu25/1.00 L1_SingleMu6er1p5/0.00 L1_SingleMu7er1p5/0.00 L1_SingleMu8er1p5/0.00 L1_SingleMu9er1p5/0.00 L1_SingleMu10er1p5/1.00 L1_SingleMu12er1p5/1.00 L1_SingleMu14er1p5/1.00 L1_SingleMu18er1p5/1.00
322106,773,5,0.00,HLT_Mu8_IP6_part0_v2/0,OR,L1_SingleMu22/1.00 L1_SingleMu25/1.00 L1_SingleMu6er1p5/0.00 L1_SingleMu7er1p5/0.00 L1_SingleMu8er1p5/0.00 L1_SingleMu9er1p5/1.00 L1_SingleMu10er1p5/1.00 L1_SingleMu12er1p5/1.00 L1_SingleMu14er1p5/1.00 L1_SingleMu18er1p5/1.00
322106,1,2,0.00,HLT_Mu8_IP6_part0_v2/0,OR,L1_SingleMu22/1.00 L1_SingleMu25/1.00 L1_SingleMu6er1p5/0.00 L1_SingleMu7er1p5/0.00 L1_SingleMu8er1p5/0.00 L1_SingleMu9er1p5/0.00 L1_SingleMu10er1p5/0.00 L1_SingleMu12er1p5/0.00 L1_SingleMu14er1p5/0.00 L1_SingleMu18er1p5/0.00
322106,327,3,0.00,HLT_Mu8_IP6_part0_v2/0,OR,L1_SingleMu22/1.00 L1_SingleMu25/1.00 L1_SingleMu6er1p5/0.00 L1_SingleMu7er1p5/0.00 L1_SingleMu8er1p5/0.00 L1_SingleMu9er1p5/0.00 L1_SingleMu10er1p5/0.00 L1_SingleMu12er1p5/1.00 L1_SingleMu14er1p5/0.00 L1_SingleMu18er1p5/0.00
322106,497,4,0.00,HLT_Mu8_IP6_part0_v2/0,OR,L1_SingleMu22/1.00 L1_SingleMu25/1.00 L1_SingleMu6er1p5/0.00 L1_SingleMu7er1p5/0.00 L1_SingleMu8er1p5/0.00 L1_SingleMu9er1p5/0.00 L1_SingleMu10er1p5/1.00 L1_SingleMu12er1p5/1.00 L1_SingleMu14er1p5/1.00 L1_SingleMu18er1p5/1.00
322106,773,5,0.00,HLT_Mu8_IP6_part0_v2/0,OR,L1_SingleMu22/1.00 L1_SingleMu25/1.00 L1_SingleMu6er1p5/0.00 L1_SingleMu7er1p5/0.00 L1_SingleMu8er1p5/0.00 L1_SingleMu9er1p5/1.00 L1_SingleMu10er1p5/1.00 L1_SingleMu12er1p5/1.00 L1_SingleMu14er1p5/1.00 L1_SingleMu18er1p5/1.00
322106,1,2,0.00,HLT_Mu8_IP6_part0_v2/0,OR,L1_SingleMu22/1.00 L1_SingleMu25/1.00 L1_SingleMu6er1p5/0.00 L1_SingleMu7er1p5/0.00 L1_SingleMu8er1p5/0.00 L1_SingleMu9er1p5/0.00 L1_SingleMu10er1p5/0.00 L1_SingleMu12er1p5/0.00 L1_SingleMu14er1p5/0.00 L1_SingleMu18er1p5/0.00
322106,327,3,0.00,HLT_Mu8_IP6_part0_v2/0,OR,L1_SingleMu22/1.00 L1_SingleMu25/1.00 L1_SingleMu6er1p5/0.00 L1_SingleMu7er1p5/0.00 L1_SingleMu8er1p5/0.00 L1_SingleMu9er1p5/0.00 L1_SingleMu10er1p5/0.00 L1_SingleMu12er1p5/1.00 L1_SingleMu14er1p5/0.00 L1_SingleMu18er1p5/0.00
322106,497,4,0.00,HLT_Mu8_IP6_part0_v2/0,OR,L1_SingleMu22/1.00 L1_SingleMu25/1.00 L1_SingleMu6er1p5/0.00 L1_SingleMu7er1p5/0.00 L1_SingleMu8er1p5/0.00 L1_SingleMu9er1p5/0.00 L1_SingleMu10er1p5/1.00 L1_SingleMu12er1p5/1.00 L1_SingleMu14er1p5/1.00 L1_SingleMu18er1p5/1.00
322106,773,5,0.00,HLT_Mu8_IP6_part0_v2/0,OR,L1_SingleMu22/1.00 L1_SingleMu25/1.00 L1_SingleMu6er1p5/0.00 L1_SingleMu7er1p5/0.00 L1_SingleMu8er1p5/0.00 L1_SingleMu9er1p5/1.00 L1_SingleMu10er1p5/1.00 L1_SingleMu12er1p5/1.00 L1_SingleMu14er1p5/1.00 L1_SingleMu18er1p5/1.00
322118,1,2,0.00,HLT_Mu8_IP6_part0_v2/0,OR,L1_SingleMu22/1.00 L1_SingleMu25/1.00 L1_SingleMu6er1p5/0.00 L1_SingleMu7er1p5/0.00 L1_SingleMu8er1p5/0.00 L1_SingleMu9er1p5/0.00 L1_SingleMu10er1p5/0.00 L1_SingleMu12er1p5/0.00 L1_SingleMu14er1p5/0.00 L1_SingleMu18er1p5/0.00
322118,116,3,0.00,HLT_Mu8_IP6_part0_v2/0,OR,L1_SingleMu22/1.00 L1_SingleMu25/1.00 L1_SingleMu6er1p5/0.00 L1_SingleMu7er1p5/0.00 L1_SingleMu8er1p5/0.00 L1_SingleMu9er1p5/0.00 L1_SingleMu10er1p5/0.00 L1_SingleMu12er1p5/1.00 L1_SingleMu14er1p5/0.00 L1_SingleMu18er1p5/0.00
322118,318,4,0.00,HLT_Mu8_IP6_part0_v2/0,OR,L1_SingleMu22/1.00 L1_SingleMu25/1.00 L1_SingleMu6er1p5/0.00 L1_SingleMu7er1p5/0.00 L1_SingleMu8er1p5/0.00 L1_SingleMu9er1p5/0.00 L1_SingleMu10er1p5/1.00 L1_SingleMu12er1p5/1.00 L1_SingleMu14er1p5/1.00 L1_SingleMu18er1p5/1.00
322118,544,5,0.00,HLT_Mu8_IP6_part0_v2/0,OR,L1_SingleMu22/1.00 L1_SingleMu25/1.00 L1_SingleMu6er1p5/0.00 L1_SingleMu7er1p5/0.00 L1_SingleMu8er1p5/0.00 L1_SingleMu9er1p5/1.00 L1_SingleMu10er1p5/1.00 L1_SingleMu12er1p5/1.00 L1_SingleMu14er1p5/1.00 L1_SingleMu18er1p5/1.00
322118,827,6,5.00,HLT_Mu8_IP6_part0_v2/5,OR,L1_SingleMu22/1.00 L1_SingleMu25/1.00 L1_SingleMu6er1p5/0.00 L1_SingleMu7er1p5/0.00 L1_SingleMu8er1p5/1.00 L1_SingleMu9er1p5/1.00 L1_SingleMu10er1p5/1.00 L1_SingleMu12er1p5/1.00 L1_SingleMu14er1p5/1.00 L1_SingleMu18er1p5/1.00
322118,1,2,0.00,HLT_Mu8_IP6_part0_v2/0,OR,L1_SingleMu22/1.00 L1_SingleMu25/1.00 L1_SingleMu6er1p5/0.00 L1_SingleMu7er1p5/0.00 L1_SingleMu8er1p5/0.00 L1_SingleMu9er1p5/0.00 L1_SingleMu10er1p5/0.00 L1_SingleMu12er1p5/0.00 L1_SingleMu14er1p5/0.00 L1_SingleMu18er1p5/0.00
322118,116,3,0.00,HLT_Mu8_IP6_part0_v2/0,OR,L1_SingleMu22/1.00 L1_SingleMu25/1.00 L1_SingleMu6er1p5/0.00 L1_SingleMu7er1p5/0.00 L1_SingleMu8er1p5/0.00 L1_SingleMu9er1p5/0.00 L1_SingleMu10er1p5/0.00 L1_SingleMu12er1p5/1.00 L1_SingleMu14er1p5/0.00 L1_SingleMu18er1p5/0.00
322118,318,4,0.00,HLT_Mu8_IP6_part0_v2/0,OR,L1_SingleMu22/1.00 L1_SingleMu25/1.00 L1_SingleMu6er1p5/0.00 L1_SingleMu7er1p5/0.00 L1_SingleMu8er1p5/0.00 L1_SingleMu9er1p5/0.00 L1_SingleMu10er1p5/1.00 L1_SingleMu12er1p5/1.00 L1_SingleMu14er1p5/1.00 L1_SingleMu18er1p5/1.00
322118,544,5,0.00,HLT_Mu8_IP6_part0_v2/0,OR,L1_SingleMu22/1.00 L1_SingleMu25/1.00 L1_SingleMu6er1p5/0.00 L1_SingleMu7er1p5/0.00 L1_SingleMu8er1p5/0.00 L1_SingleMu9er1p5/1.00 L1_SingleMu10er1p5/1.00 L1_SingleMu12er1p5/1.00 L1_SingleMu14er1p5/1.00 L1_SingleMu18er1p5/1.00
322118,827,6,5.00,HLT_Mu8_IP6_part0_v2/5,OR,L1_SingleMu22/1.00 L1_SingleMu25/1.00 L1_SingleMu6er1p5/0.00 L1_SingleMu7er1p5/0.00 L1_SingleMu8er1p5/1.00 L1_SingleMu9er1p5/1.00 L1_SingleMu10er1p5/1.00 L1_SingleMu12er1p5/1.00 L1_SingleMu14er1p5/1.00 L1_SingleMu18er1p5/1.00
322118,1,2,0.00,HLT_Mu8_IP6_part0_v2/0,OR,L1_SingleMu22/1.00 L1_SingleMu25/1.00 L1_SingleMu6er1p5/0.00 L1_SingleMu7er1p5/0.00 L1_SingleMu8er1p5/0.00 L1_SingleMu9er1p5/0.00 L1_SingleMu10er1p5/0.00 L1_SingleMu12er1p5/0.00 L1_SingleMu14er1p5/0.00 L1_SingleMu18er1p5/0.00
322118,116,3,0.00,HLT_Mu8_IP6_part0_v2/0,OR,L1_SingleMu22/1.00 L1_SingleMu25/1.00 L1_SingleMu6er1p5/0.00 L1_SingleMu7er1p5/0.00 L1_SingleMu8er1p5/0.00 L1_SingleMu9er1p5/0.00 L1_SingleMu10er1p5/0.00 L1_SingleMu12er1p5/1.00 L1_SingleMu14er1p5/0.00 L1_SingleMu18er1p5/0.00
322118,318,4,0.00,HLT_Mu8_IP6_part0_v2/0,OR,L1_SingleMu22/1.00 L1_SingleMu25/1.00 L1_SingleMu6er1p5/0.00 L1_SingleMu7er1p5/0.00 L1_SingleMu8er1p5/0.00 L1_SingleMu9er1p5/0.00 L1_SingleMu10er1p5/1.00 L1_SingleMu12er1p5/1.00 L1_SingleMu14er1p5/1.00 L1_SingleMu18er1p5/1.00
322118,544,5,0.00,HLT_Mu8_IP6_part0_v2/0,OR,L1_SingleMu22/1.00 L1_SingleMu25/1.00 L1_SingleMu6er1p5/0.00 L1_SingleMu7er1p5/0.00 L1_SingleMu8er1p5/0.00 L1_SingleMu9er1p5/1.00 L1_SingleMu10er1p5/1.00 L1_SingleMu12er1p5/1.00 L1_SingleMu14er1p5/1.00 L1_SingleMu18er1p5/1.00
322118,827,6,5.00,HLT_Mu8_IP6_part0_v2/5,OR,L1_SingleMu22/1.00 L1_SingleMu25/1.00 L1_SingleMu6er1p5/0.00 L1_SingleMu7er1p5/0.00 L1_SingleMu8er1p5/1.00 L1_SingleMu9er1p5/1.00 L1_SingleMu10er1p5/1.00 L1_SingleMu12er1p5/1.00 L1_SingleMu14er1p5/1.00 L1_SingleMu18er1p5/1.00
322179,1,2,0.00,HLT_Mu8_IP6_part0_v2/0,OR,L1_SingleMu22/1.00 L1_SingleMu25/1.00 L1_SingleMu6er1p5/0.00 L1_SingleMu7er1p5/0.00 L1_SingleMu8er1p5/0.00 L1_SingleMu9er1p5/0.00 L1_SingleMu10er1p5/0.00 L1_SingleMu12er1p5/0.00 L1_SingleMu14er1p5/0.00 L1_SingleMu18er1p5/0.00
322179,233,3,0.00,HLT_Mu8_IP6_part0_v2/0,OR,L1_SingleMu22/1.00 L1_SingleMu25/1.00 L1_SingleMu6er1p5/0.00 L1_SingleMu7er1p5/0.00 L1_SingleMu8er1p5/0.00 L1_SingleMu9er1p5/0.00 L1_SingleMu10er1p5/0.00 L1_SingleMu12er1p5/1.00 L1_SingleMu14er1p5/0.00 L1_SingleMu18er1p5/0.00
322179,475,4,0.00,HLT_Mu8_IP6_part0_v2/0,OR,L1_SingleMu22/1.00 L1_SingleMu25/1.00 L1_SingleMu6er1p5/0.00 L1_SingleMu7er1p5/0.00 L1_SingleMu8er1p5/0.00 L1_SingleMu9er1p5/0.00 L1_SingleMu10er1p5/1.00 L1_SingleMu12er1p5/1.00 L1_SingleMu14er1p5/1.00 L1_SingleMu18er1p5/1.00
322179,872,5,0.00,HLT_Mu8_IP6_part0_v2/0,OR,L1_SingleMu22/1.00 L1_SingleMu25/1.00 L1_SingleMu6er1p5/0.00 L1_SingleMu7er1p5/0.00 L1_SingleMu8er1p5/0.00 L1_SingleMu9er1p5/1.00 L1_SingleMu10er1p5/1.00 L1_SingleMu12er1p5/1.00 L1_SingleMu14er1p5/1.00 L1_SingleMu18er1p5/1.00
322179,1055,6,5.00,HLT_Mu8_IP6_part0_v2/5,OR,L1_SingleMu22/1.00 L1_SingleMu25/1.00 L1_SingleMu6er1p5/0.00 L1_SingleMu7er1p5/0.00 L1_SingleMu8er1p5/1.00 L1_SingleMu9er1p5/1.00 L1_SingleMu10er1p5/1.00 L1_SingleMu12er1p5/1.00 L1_SingleMu14er1p5/1.00 L1_SingleMu18er1p5/1.00
322179,1448,7,5.00,HLT_Mu8_IP6_part0_v2/5,OR,L1_SingleMu22/1.00 L1_SingleMu25/1.00 L1_SingleMu6er1p5/0.00 L1_SingleMu7er1p5/1.00 L1_SingleMu8er1p5/1.00 L1_SingleMu9er1p5/1.00 L1_SingleMu10er1p5/1.00 L1_SingleMu12er1p5/1.00 L1_SingleMu14er1p5/1.00 L1_SingleMu18er1p5/1.00
322179,1,2,0.00,HLT_Mu8_IP6_part0_v2/0,OR,L1_SingleMu22/1.00 L1_SingleMu25/1.00 L1_SingleMu6er1p5/0.00 L1_SingleMu7er1p5/0.00 L1_SingleMu8er1p5/0.00 L1_SingleMu9er1p5/0.00 L1_SingleMu10er1p5/0.00 L1_SingleMu12er1p5/0.00 L1_SingleMu14er1p5/0.00 L1_SingleMu18er1p5/0.00
322179,233,3,0.00,HLT_Mu8_IP6_part0_v2/0,OR,L1_SingleMu22/1.00 L1_SingleMu25/1.00 L1_SingleMu6er1p5/0.00 L1_SingleMu7er1p5/0.00 L1_SingleMu8er1p5/0.00 L1_SingleMu9er1p5/0.00 L1_SingleMu10er1p5/0.00 L1_SingleMu12er1p5/1.00 L1_SingleMu14er1p5/0.00 L1_SingleMu18er1p5/0.00
322179,475,4,0.00,HLT_Mu8_IP6_part0_v2/0,OR,L1_SingleMu22/1.00 L1_SingleMu25/1.00 L1_SingleMu6er1p5/0.00 L1_SingleMu7er1p5/0.00 L1_SingleMu8er1p5/0.00 L1_SingleMu9er1p5/0.00 L1_SingleMu10er1p5/1.00 L1_SingleMu12er1p5/1.00 L1_SingleMu14er1p5/1.00 L1_SingleMu18er1p5/1.00
322179,872,5,0.00,HLT_Mu8_IP6_part0_v2/0,OR,L1_SingleMu22/1.00 L1_SingleMu25/1.00 L1_SingleMu6er1p5/0.00 L1_SingleMu7er1p5/0.00 L1_SingleMu8er1p5/0.00 L1_SingleMu9er1p5/1.00 L1_SingleMu10er1p5/1.00 L1_SingleMu12er1p5/1.00 L1_SingleMu14er1p5/1.00 L1_SingleMu18er1p5/1.00
322179,1055,6,5.00,HLT_Mu8_IP6_part0_v2/5,OR,L1_SingleMu22/1.00 L1_SingleMu25/1.00 L1_SingleMu6er1p5/0.00 L1_SingleMu7er1p5/0.00 L1_SingleMu8er1p5/1.00 L1_SingleMu9er1p5/1.00 L1_SingleMu10er1p5/1.00 L1_SingleMu12er1p5/1.00 L1_SingleMu14er1p5/1.00 L1_SingleMu18er1p5/1.00
322179,1448,7,5.00,HLT_Mu8_IP6_part0_v2/5,OR,L1_SingleMu22/1.00 L1_SingleMu25/1.00 L1_SingleMu6er1p5/0.00 L1_SingleMu7er1p5/1.00 L1_SingleMu8er1p5/1.00 L1_SingleMu9er1p5/1.00 L1_SingleMu10er1p5/1.00 L1_SingleMu12er1p5/1.00 L1_SingleMu14er1p5/1.00 L1_SingleMu18er1p5/1.00
322179,1,2,0.00,HLT_Mu8_IP6_part0_v2/0,OR,L1_SingleMu22/1.00 L1_SingleMu25/1.00 L1_SingleMu6er1p5/0.00 L1_SingleMu7er1p5/0.00 L1_SingleMu8er1p5/0.00 L1_SingleMu9er1p5/0.00 L1_SingleMu10er1p5/0.00 L1_SingleMu12er1p5/0.00 L1_SingleMu14er1p5/0.00 L1_SingleMu18er1p5/0.00
322179,233,3,0.00,HLT_Mu8_IP6_part0_v2/0,OR,L1_SingleMu22/1.00 L1_SingleMu25/1.00 L1_SingleMu6er1p5/0.00 L1_SingleMu7er1p5/0.00 L1_SingleMu8er1p5/0.00 L1_SingleMu9er1p5/0.00 L1_SingleMu10er1p5/0.00 L1_SingleMu12er1p5/1.00 L1_SingleMu14er1p5/0.00 L1_SingleMu18er1p5/0.00
322179,475,4,0.00,HLT_Mu8_IP6_part0_v2/0,OR,L1_SingleMu22/1.00 L1_SingleMu25/1.00 L1_SingleMu6er1p5/0.00 L1_SingleMu7er1p5/0.00 L1_SingleMu8er1p5/0.00 L1_SingleMu9er1p5/0.00 L1_SingleMu10er1p5/1.00 L1_SingleMu12er1p5/1.00 L1_SingleMu14er1p5/1.00 L1_SingleMu18er1p5/1.00
322179,872,5,0.00,HLT_Mu8_IP6_part0_v2/0,OR,L1_SingleMu22/1.00 L1_SingleMu25/1.00 L1_SingleMu6er1p5/0.00 L1_SingleMu7er1p5/0.00 L1_SingleMu8er1p5/0.00 L1_SingleMu9er1p5/1.00 L1_SingleMu10er1p5/1.00 L1_SingleMu12er1p5/1.00 L1_SingleMu14er1p5/1.00 L1_SingleMu18er1p5/1.00
322179,1055,6,5.00,HLT_Mu8_IP6_part0_v2/5,OR,L1_SingleMu22/1.00 L1_SingleMu25/1.00 L1_SingleMu6er1p5/0.00 L1_SingleMu7er1p5/0.00 L1_SingleMu8er1p5/1.00 L1_SingleMu9er1p5/1.00 L1_SingleMu10er1p5/1.00 L1_SingleMu12er1p5/1.00 L1_SingleMu14er1p5/1.00 L1_SingleMu18er1p5/1.00
322179,1448,7,5.00,HLT_Mu8_IP6_part0_v2/5,OR,L1_SingleMu22/1.00 L1_SingleMu25/1.00 L1_SingleMu6er1p5/0.00 L1_SingleMu7er1p5/1.00 L1_SingleMu8er1p5/1.00 L1_SingleMu9er1p5/1.00 L1_SingleMu10er1p5/1.00 L1_SingleMu12er1p5/1.00 L1_SingleMu14er1p5/1.00 L1_SingleMu18er1p5/1.00
322179,1,2,0.00,HLT_Mu8_IP6_part0_v2/0,OR,L1_SingleMu22/1.00 L1_SingleMu25/1.00 L1_SingleMu6er1p5/0.00 L1_SingleMu7er1p5/0.00 L1_SingleMu8er1p5/0.00 L1_SingleMu9er1p5/0.00 L1_SingleMu10er1p5/0.00 L1_SingleMu12er1p5/0.00 L1_SingleMu14er1p5/0.00 L1_SingleMu18er1p5/0.00
322179,233,3,0.00,HLT_Mu8_IP6_part0_v2/0,OR,L1_SingleMu22/1.00 L1_SingleMu25/1.00 L1_SingleMu6er1p5/0.00 L1_SingleMu7er1p5/0.00 L1_SingleMu8er1p5/0.00 L1_SingleMu9er1p5/0.00 L1_SingleMu10er1p5/0.00 L1_SingleMu12er1p5/1.00 L1_SingleMu14er1p5/0.00 L1_SingleMu18er1p5/0.00
322179,475,4,0.00,HLT_Mu8_IP6_part0_v2/0,OR,L1_SingleMu22/1.00 L1_SingleMu25/1.00 L1_SingleMu6er1p5/0.00 L1_SingleMu7er1p5/0.00 L1_SingleMu8er1p5/0.00 L1_SingleMu9er1p5/0.00 L1_SingleMu10er1p5/1.00 L1_SingleMu12er1p5/1.00 L1_SingleMu14er1p5/1.00 L1_SingleMu18er1p5/1.00
322179,872,5,0.00,HLT_Mu8_IP6_part0_v2/0,OR,L1_SingleMu22/1.00 L1_SingleMu25/1.00 L1_SingleMu6er1p5/0.00 L1_SingleMu7er1p5/0.00 L1_SingleMu8er1p5/0.00 L1_SingleMu9er1p5/1.00 L1_SingleMu10er1p5/1.00 L1_SingleMu12er1p5/1.00 L1_SingleMu14er1p5/1.00 L1_SingleMu18er1p5/1.00
322179,1055,6,5.00,HLT_Mu8_IP6_part0_v2/5,OR,L1_SingleMu22/1.00 L1_SingleMu25/1.00 L1_SingleMu6er1p5/0.00 L1_SingleMu7er1p5/0.00 L1_SingleMu8er1p5/1.00 L1_SingleMu9er1p5/1.00 L1_SingleMu10er1p5/1.00 L1_SingleMu12er1p5/1.00 L1_SingleMu14er1p5/1.00 L1_SingleMu18er1p5/1.00
322179,1448,7,5.00,HLT_Mu8_IP6_part0_v2/5,OR,L1_SingleMu22/1.00 L1_SingleMu25/1.00 L1_SingleMu6er1p5/0.00 L1_SingleMu7er1p5/1.00 L1_SingleMu8er1p5/1.00 L1_SingleMu9er1p5/1.00 L1_SingleMu10er1p5/1.00 L1_SingleMu12er1p5/1.00 L1_SingleMu14er1p5/1.00 L1_SingleMu18er1p5/1.00
322204,1,2,0.00,HLT_Mu8_IP6_part0_v2/0,OR,L1_SingleMu22/1.00 L1_SingleMu25/1.00 L1_SingleMu6er1p5/0.00 L1_SingleMu7er1p5/0.00 L1_SingleMu8er1p5/0.00 L1_SingleMu9er1p5/0.00 L1_SingleMu10er1p5/0.00 L1_SingleMu12er1p5/0.00 L1_SingleMu14er1p5/0.00 L1_SingleMu18er1p5/0.00
322204,14,3,0.00,HLT_Mu8_IP6_part0_v2/0,OR,L1_SingleMu22/1.00 L1_SingleMu25/1.00 L1_SingleMu6er1p5/0.00 L1_SingleMu7er1p5/0.00 L1_SingleMu8er1p5/0.00 L1_SingleMu9er1p5/0.00 L1_SingleMu10er1p5/0.00 L1_SingleMu12er1p5/1.00 L1_SingleMu14er1p5/0.00 L1_SingleMu18er1p5/0.00
322204,220,4,0.00,HLT_Mu8_IP6_part0_v2/0,OR,L1_SingleMu22/1.00 L1_SingleMu25/1.00 L1_SingleMu6er1p5/0.00 L1_SingleMu7er1p5/0.00 L1_SingleMu8er1p5/0.00 L1_SingleMu9er1p5/0.00 L1_SingleMu10er1p5/1.00 L1_SingleMu12er1p5/1.00 L1_SingleMu14er1p5/1.00 L1_SingleMu18er1p5/1.00
322204,473,5,0.00,HLT_Mu8_IP6_part0_v2/0,OR,L1_SingleMu22/1.00 L1_SingleMu25/1.00 L1_SingleMu6er1p5/0.00 L1_SingleMu7er1p5/0.00 L1_SingleMu8er1p5/0.00 L1_SingleMu9er1p5/1.00 L1_SingleMu10er1p5/1.00 L1_SingleMu12er1p5/1.00 L1_SingleMu14er1p5/1.00 L1_SingleMu18er1p5/1.00
322204,767,6,5.00,HLT_Mu8_IP6_part0_v2/5,OR,L1_SingleMu22/1.00 L1_SingleMu25/1.00 L1_SingleMu6er1p5/0.00 L1_SingleMu7er1p5/0.00 L1_SingleMu8er1p5/1.00 L1_SingleMu9er1p5/1.00 L1_SingleMu10er1p5/1.00 L1_SingleMu12er1p5/1.00 L1_SingleMu14er1p5/1.00 L1_SingleMu18er1p5/1.00
322204,1120,7,5.00,HLT_Mu8_IP6_part0_v2/5,OR,L1_SingleMu22/1.00 L1_SingleMu25/1.00 L1_SingleMu6er1p5/0.00 L1_SingleMu7er1p5/1.00 L1_SingleMu8er1p5/1.00 L1_SingleMu9er1p5/1.00 L1_SingleMu10er1p5/1.00 L1_SingleMu12er1p5/1.00 L1_SingleMu14er1p5/1.00 L1_SingleMu18er1p5/1.00
322204,1,2,0.00,HLT_Mu8_IP6_part0_v2/0,OR,L1_SingleMu22/1.00 L1_SingleMu25/1.00 L1_SingleMu6er1p5/0.00 L1_SingleMu7er1p5/0.00 L1_SingleMu8er1p5/0.00 L1_SingleMu9er1p5/0.00 L1_SingleMu10er1p5/0.00 L1_SingleMu12er1p5/0.00 L1_SingleMu14er1p5/0.00 L1_SingleMu18er1p5/0.00
322204,14,3,0.00,HLT_Mu8_IP6_part0_v2/0,OR,L1_SingleMu22/1.00 L1_SingleMu25/1.00 L1_SingleMu6er1p5/0.00 L1_SingleMu7er1p5/0.00 L1_SingleMu8er1p5/0.00 L1_SingleMu9er1p5/0.00 L1_SingleMu10er1p5/0.00 L1_SingleMu12er1p5/1.00 L1_SingleMu14er1p5/0.00 L1_SingleMu18er1p5/0.00
322204,220,4,0.00,HLT_Mu8_IP6_part0_v2/0,OR,L1_SingleMu22/1.00 L1_SingleMu25/1.00 L1_SingleMu6er1p5/0.00 L1_SingleMu7er1p5/0.00 L1_SingleMu8er1p5/0.00 L1_SingleMu9er1p5/0.00 L1_SingleMu10er1p5/1.00 L1_SingleMu12er1p5/1.00 L1_SingleMu14er1p5/1.00 L1_SingleMu18er1p5/1.00
322204,473,5,0.00,HLT_Mu8_IP6_part0_v2/0,OR,L1_SingleMu22/1.00 L1_SingleMu25/1.00 L1_SingleMu6er1p5/0.00 L1_SingleMu7er1p5/0.00 L1_SingleMu8er1p5/0.00 L1_SingleMu9er1p5/1.00 L1_SingleMu10er1p5/1.00 L1_SingleMu12er1p5/1.00 L1_SingleMu14er1p5/1.00 L1_SingleMu18er1p5/1.00
322204,767,6,5.00,HLT_Mu8_IP6_part0_v2/5,OR,L1_SingleMu22/1.00 L1_SingleMu25/1.00 L1_SingleMu6er1p5/0.00 L1_SingleMu7er1p5/0.00 L1_SingleMu8er1p5/1.00 L1_SingleMu9er1p5/1.00 L1_SingleMu10er1p5/1.00 L1_SingleMu12er1p5/1.00 L1_SingleMu14er1p5/1.00 L1_SingleMu18er1p5/1.00
322204,1120,7,5.00,HLT_Mu8_IP6_part0_v2/5,OR,L1_SingleMu22/1.00 L1_SingleMu25/1.00 L1_SingleMu6er1p5/0.00 L1_SingleMu7er1p5/1.00 L1_SingleMu8er1p5/1.00 L1_SingleMu9er1p5/1.00 L1_SingleMu10er1p5/1.00 L1_SingleMu12er1p5/1.00 L1_SingleMu14er1p5/1.00 L1_SingleMu18er1p5/1.00
322204,1,2,0.00,HLT_Mu8_IP6_part0_v2/0,OR,L1_SingleMu22/1.00 L1_SingleMu25/1.00 L1_SingleMu6er1p5/0.00 L1_SingleMu7er1p5/0.00 L1_SingleMu8er1p5/0.00 L1_SingleMu9er1p5/0.00 L1_SingleMu10er1p5/0.00 L1_SingleMu12er1p5/0.00 L1_SingleMu14er1p5/0.00 L1_SingleMu18er1p5/0.00
322204,14,3,0.00,HLT_Mu8_IP6_part0_v2/0,OR,L1_SingleMu22/1.00 L1_SingleMu25/1.00 L1_SingleMu6er1p5/0.00 L1_SingleMu7er1p5/0.00 L1_SingleMu8er1p5/0.00 L1_SingleMu9er1p5/0.00 L1_SingleMu10er1p5/0.00 L1_SingleMu12er1p5/1.00 L1_SingleMu14er1p5/0.00 L1_SingleMu18er1p5/0.00
322204,220,4,0.00,HLT_Mu8_IP6_part0_v2/0,OR,L1_SingleMu22/1.00 L1_SingleMu25/1.00 L1_SingleMu6er1p5/0.00 L1_SingleMu7er1p5/0.00 L1_SingleMu8er1p5/0.00 L1_SingleMu9er1p5/0.00 L1_SingleMu10er1p5/1.00 L1_SingleMu12er1p5/1.00 L1_SingleMu14er1p5/1.00 L1_SingleMu18er1p5/1.00
322204,473,5,0.00,HLT_Mu8_IP6_part0_v2/0,OR,L1_SingleMu22/1.00 L1_SingleMu25/1.00 L1_SingleMu6er1p5/0.00 L1_SingleMu7er1p5/0.00 L1_SingleMu8er1p5/0.00 L1_SingleMu9er1p5/1.00 L1_SingleMu10er1p5/1.00 L1_SingleMu12er1p5/1.00 L1_SingleMu14er1p5/1.00 L1_SingleMu18er1p5/1.00
322204,767,6,5.00,HLT_Mu8_IP6_part0_v2/5,OR,L1_SingleMu22/1.00 L1_SingleMu25/1.00 L1_SingleMu6er1p5/0.00 L1_SingleMu7er1p5/0.00 L1_SingleMu8er1p5/1.00 L1_SingleMu9er1p5/1.00 L1_SingleMu10er1p5/1.00 L1_SingleMu12er1p5/1.00 L1_SingleMu14er1p5/1.00 L1_SingleMu18er1p5/1.00
322204,1120,7,5.00,HLT_Mu8_IP6_part0_v2/5,OR,L1_SingleMu22/1.00 L1_SingleMu25/1.00 L1_SingleMu6er1p5/0.00 L1_SingleMu7er1p5/1.00 L1_SingleMu8er1p5/1.00 L1_SingleMu9er1p5/1.00 L1_SingleMu10er1p5/1.00 L1_SingleMu12er1p5/1.00 L1_SingleMu14er1p5/1.00 L1_SingleMu18er1p5/1.00
322204,1,2,0.00,HLT_Mu8_IP6_part0_v2/0,OR,L1_SingleMu22/1.00 L1_SingleMu25/1.00 L1_SingleMu6er1p5/0.00 L1_SingleMu7er1p5/0.00 L1_SingleMu8er1p5/0.00 L1_SingleMu9er1p5/0.00 L1_SingleMu10er1p5/0.00 L1_SingleMu12er1p5/0.00 L1_SingleMu14er1p5/0.00 L1_SingleMu18er1p5/0.00
322204,14,3,0.00,HLT_Mu8_IP6_part0_v2/0,OR,L1_SingleMu22/1.00 L1_SingleMu25/1.00 L1_SingleMu6er1p5/0.00 L1_SingleMu7er1p5/0.00 L1_SingleMu8er1p5/0.00 L1_SingleMu9er1p5/0.00 L1_SingleMu10er1p5/0.00 L1_SingleMu12er1p5/1.00 L1_SingleMu14er1p5/0.00 L1_SingleMu18er1p5/0.00
322204,220,4,0.00,HLT_Mu8_IP6_part0_v2/0,OR,L1_SingleMu22/1.00 L1_SingleMu25/1.00 L1_SingleMu6er1p5/0.00 L1_SingleMu7er1p5/0.00 L1_SingleMu8er1p5/0.00 L1_SingleMu9er1p5/0.00 L1_SingleMu10er1p5/1.00 L1_SingleMu12er1p5/1.00 L1_SingleMu14er1p5/1.00 L1_SingleMu18er1p5/1.00
322204,473,5,0.00,HLT_Mu8_IP6_part0_v2/0,OR,L1_SingleMu22/1.00 L1_SingleMu25/1.00 L1_SingleMu6er1p5/0.00 L1_SingleMu7er1p5/0.00 L1_SingleMu8er1p5/0.00 L1_SingleMu9er1p5/1.00 L1_SingleMu10er1p5/1.00 L1_SingleMu12er1p5/1.00 L1_SingleMu14er1p5/1.00 L1_SingleMu18er1p5/1.00
322204,767,6,5.00,HLT_Mu8_IP6_part0_v2/5,OR,L1_SingleMu22/1.00 L1_SingleMu25/1.00 L1_SingleMu6er1p5/0.00 L1_SingleMu7er1p5/0.00 L1_SingleMu8er1p5/1.00 L1_SingleMu9er1p5/1.00 L1_SingleMu10er1p5/1.00 L1_SingleMu12er1p5/1.00 L1_SingleMu14er1p5/1.00 L1_SingleMu18er1p5/1.00
322204,1120,7,5.00,HLT_Mu8_IP6_part0_v2/5,OR,L1_SingleMu22/1.00 L1_SingleMu25/1.00 L1_SingleMu6er1p5/0.00 L1_SingleMu7er1p5/1.00 L1_SingleMu8er1p5/1.00 L1_SingleMu9er1p5/1.00 L1_SingleMu10er1p5/1.00 L1_SingleMu12er1p5/1.00 L1_SingleMu14er1p5/1.00 L1_SingleMu18er1p5/1.00
322222,1,7,5.00,HLT_Mu8_IP6_part0_v2/5,OR,L1_SingleMu22/1.00 L1_SingleMu25/1.00 L1_SingleMu6er1p5/0.00 L1_SingleMu7er1p5/1.00 L1_SingleMu8er1p5/1.00 L1_SingleMu9er1p5/1.00 L1_SingleMu10er1p5/1.00 L1_SingleMu12er1p5/1.00 L1_SingleMu14er1p5/1.00 L1_SingleMu18er1p5/1.00
322252,1,2,0.00,HLT_Mu8_IP6_part0_v2/0,OR,L1_SingleMu22/1.00 L1_SingleMu25/1.00 L1_SingleMu6er1p5/0.00 L1_SingleMu7er1p5/0.00 L1_SingleMu8er1p5/0.00 L1_SingleMu9er1p5/0.00 L1_SingleMu10er1p5/0.00 L1_SingleMu12er1p5/0.00 L1_SingleMu14er1p5/0.00 L1_SingleMu18er1p5/0.00
322252,180,3,0.00,HLT_Mu8_IP6_part0_v2/0,OR,L1_SingleMu22/1.00 L1_SingleMu25/1.00 L1_SingleMu6er1p5/0.00 L1_SingleMu7er1p5/0.00 L1_SingleMu8er1p5/0.00 L1_SingleMu9er1p5/0.00 L1_SingleMu10er1p5/0.00 L1_SingleMu12er1p5/1.00 L1_SingleMu14er1p5/0.00 L1_SingleMu18er1p5/0.00
322252,425,4,0.00,HLT_Mu8_IP6_part0_v2/0,OR,L1_SingleMu22/1.00 L1_SingleMu25/1.00 L1_SingleMu6er1p5/0.00 L1_SingleMu7er1p5/0.00 L1_SingleMu8er1p5/0.00 L1_SingleMu9er1p5/0.00 L1_SingleMu10er1p5/1.00 L1_SingleMu12er1p5/1.00 L1_SingleMu14er1p5/1.00 L1_SingleMu18er1p5/1.00
322252,684,5,0.00,HLT_Mu8_IP6_part0_v2/0,OR,L1_SingleMu22/1.00 L1_SingleMu25/1.00 L1_SingleMu6er1p5/0.00 L1_SingleMu7er1p5/0.00 L1_SingleMu8er1p5/0.00 L1_SingleMu9er1p5/1.00 L1_SingleMu10er1p5/1.00 L1_SingleMu12er1p5/1.00 L1_SingleMu14er1p5/1.00 L1_SingleMu18er1p5/1.00
322252,996,6,5.00,HLT_Mu8_IP6_part0_v2/5,OR,L1_SingleMu22/1.00 L1_SingleMu25/1.00 L1_SingleMu6er1p5/0.00 L1_SingleMu7er1p5/0.00 L1_SingleMu8er1p5/1.00 L1_SingleMu9er1p5/1.00 L1_SingleMu10er1p5/1.00 L1_SingleMu12er1p5/1.00 L1_SingleMu14er1p5/1.00 L1_SingleMu18er1p5/1.00
322252,1403,7,5.00,HLT_Mu8_IP6_part0_v2/5,OR,L1_SingleMu22/1.00 L1_SingleMu25/1.00 L1_SingleMu6er1p5/0.00 L1_SingleMu7er1p5/1.00 L1_SingleMu8er1p5/1.00 L1_SingleMu9er1p5/1.00 L1_SingleMu10er1p5/1.00 L1_SingleMu12er1p5/1.00 L1_SingleMu14er1p5/1.00 L1_SingleMu18er1p5/1.00
322252,1,2,0.00,HLT_Mu8_IP6_part0_v2/0,OR,L1_SingleMu22/1.00 L1_SingleMu25/1.00 L1_SingleMu6er1p5/0.00 L1_SingleMu7er1p5/0.00 L1_SingleMu8er1p5/0.00 L1_SingleMu9er1p5/0.00 L1_SingleMu10er1p5/0.00 L1_SingleMu12er1p5/0.00 L1_SingleMu14er1p5/0.00 L1_SingleMu18er1p5/0.00
322252,180,3,0.00,HLT_Mu8_IP6_part0_v2/0,OR,L1_SingleMu22/1.00 L1_SingleMu25/1.00 L1_SingleMu6er1p5/0.00 L1_SingleMu7er1p5/0.00 L1_SingleMu8er1p5/0.00 L1_SingleMu9er1p5/0.00 L1_SingleMu10er1p5/0.00 L1_SingleMu12er1p5/1.00 L1_SingleMu14er1p5/0.00 L1_SingleMu18er1p5/0.00
322252,425,4,0.00,HLT_Mu8_IP6_part0_v2/0,OR,L1_SingleMu22/1.00 L1_SingleMu25/1.00 L1_SingleMu6er1p5/0.00 L1_SingleMu7er1p5/0.00 L1_SingleMu8er1p5/0.00 L1_SingleMu9er1p5/0.00 L1_SingleMu10er1p5/1.00 L1_SingleMu12er1p5/1.00 L1_SingleMu14er1p5/1.00 L1_SingleMu18er1p5/1.00
322252,684,5,0.00,HLT_Mu8_IP6_part0_v2/0,OR,L1_SingleMu22/1.00 L1_SingleMu25/1.00 L1_SingleMu6er1p5/0.00 L1_SingleMu7er1p5/0.00 L1_SingleMu8er1p5/0.00 L1_SingleMu9er1p5/1.00 L1_SingleMu10er1p5/1.00 L1_SingleMu12er1p5/1.00 L1_SingleMu14er1p5/1.00 L1_SingleMu18er1p5/1.00
322252,996,6,5.00,HLT_Mu8_IP6_part0_v2/5,OR,L1_SingleMu22/1.00 L1_SingleMu25/1.00 L1_SingleMu6er1p5/0.00 L1_SingleMu7er1p5/0.00 L1_SingleMu8er1p5/1.00 L1_SingleMu9er1p5/1.00 L1_SingleMu10er1p5/1.00 L1_SingleMu12er1p5/1.00 L1_SingleMu14er1p5/1.00 L1_SingleMu18er1p5/1.00
322252,1403,7,5.00,HLT_Mu8_IP6_part0_v2/5,OR,L1_SingleMu22/1.00 L1_SingleMu25/1.00 L1_SingleMu6er1p5/0.00 L1_SingleMu7er1p5/1.00 L1_SingleMu8er1p5/1.00 L1_SingleMu9er1p5/1.00 L1_SingleMu10er1p5/1.00 L1_SingleMu12er1p5/1.00 L1_SingleMu14er1p5/1.00 L1_SingleMu18er1p5/1.00
322252,1,2,0.00,HLT_Mu8_IP6_part0_v2/0,OR,L1_SingleMu22/1.00 L1_SingleMu25/1.00 L1_SingleMu6er1p5/0.00 L1_SingleMu7er1p5/0.00 L1_SingleMu8er1p5/0.00 L1_SingleMu9er1p5/0.00 L1_SingleMu10er1p5/0.00 L1_SingleMu12er1p5/0.00 L1_SingleMu14er1p5/0.00 L1_SingleMu18er1p5/0.00
322252,180,3,0.00,HLT_Mu8_IP6_part0_v2/0,OR,L1_SingleMu22/1.00 L1_SingleMu25/1.00 L1_SingleMu6er1p5/0.00 L1_SingleMu7er1p5/0.00 L1_SingleMu8er1p5/0.00 L1_SingleMu9er1p5/0.00 L1_SingleMu10er1p5/0.00 L1_SingleMu12er1p5/1.00 L1_SingleMu14er1p5/0.00 L1_SingleMu18er1p5/0.00
322252,425,4,0.00,HLT_Mu8_IP6_part0_v2/0,OR,L1_SingleMu22/1.00 L1_SingleMu25/1.00 L1_SingleMu6er1p5/0.00 L1_SingleMu7er1p5/0.00 L1_SingleMu8er1p5/0.00 L1_SingleMu9er1p5/0.00 L1_SingleMu10er1p5/1.00 L1_SingleMu12er1p5/1.00 L1_SingleMu14er1p5/1.00 L1_SingleMu18er1p5/1.00
322252,684,5,0.00,HLT_Mu8_IP6_part0_v2/0,OR,L1_SingleMu22/1.00 L1_SingleMu25/1.00 L1_SingleMu6er1p5/0.00 L1_SingleMu7er1p5/0.00 L1_SingleMu8er1p5/0.00 L1_SingleMu9er1p5/1.00 L1_SingleMu10er1p5/1.00 L1_SingleMu12er1p5/1.00 L1_SingleMu14er1p5/1.00 L1_SingleMu18er1p5/1.00
322252,996,6,5.00,HLT_Mu8_IP6_part0_v2/5,OR,L1_SingleMu22/1.00 L1_SingleMu25/1.00 L1_SingleMu6er1p5/0.00 L1_SingleMu7er1p5/0.00 L1_SingleMu8er1p5/1.00 L1_SingleMu9er1p5/1.00 L1_SingleMu10er1p5/1.00 L1_SingleMu12er1p5/1.00 L1_SingleMu14er1p5/1.00 L1_SingleMu18er1p5/1.00
322252,1403,7,5.00,HLT_Mu8_IP6_part0_v2/5,OR,L1_SingleMu22/1.00 L1_SingleMu25/1.00 L1_SingleMu6er1p5/0.00 L1_SingleMu7er1p5/1.00 L1_SingleMu8er1p5/1.00 L1_SingleMu9er1p5/1.00 L1_SingleMu10er1p5/1.00 L1_SingleMu12er1p5/1.00 L1_SingleMu14er1p5/1.00 L1_SingleMu18er1p5/1.00
322252,1,2,0.00,HLT_Mu8_IP6_part0_v2/0,OR,L1_SingleMu22/1.00 L1_SingleMu25/1.00 L1_SingleMu6er1p5/0.00 L1_SingleMu7er1p5/0.00 L1_SingleMu8er1p5/0.00 L1_SingleMu9er1p5/0.00 L1_SingleMu10er1p5/0.00 L1_SingleMu12er1p5/0.00 L1_SingleMu14er1p5/0.00 L1_SingleMu18er1p5/0.00
322252,180,3,0.00,HLT_Mu8_IP6_part0_v2/0,OR,L1_SingleMu22/1.00 L1_SingleMu25/1.00 L1_SingleMu6er1p5/0.00 L1_SingleMu7er1p5/0.00 L1_SingleMu8er1p5/0.00 L1_SingleMu9er1p5/0.00 L1_SingleMu10er1p5/0.00 L1_SingleMu12er1p5/1.00 L1_SingleMu14er1p5/0.00 L1_SingleMu18er1p5/0.00
322252,425,4,0.00,HLT_Mu8_IP6_part0_v2/0,OR,L1_SingleMu22/1.00 L1_SingleMu25/1.00 L1_SingleMu6er1p5/0.00 L1_SingleMu7er1p5/0.00 L1_SingleMu8er1p5/0.00 L1_SingleMu9er1p5/0.00 L1_SingleMu10er1p5/1.00 L1_SingleMu12er1p5/1.00 L1_SingleMu14er1p5/1.00 L1_SingleMu18er1p5/1.00
322252,684,5,0.00,HLT_Mu8_IP6_part0_v2/0,OR,L1_SingleMu22/1.00 L1_SingleMu25/1.00 L1_SingleMu6er1p5/0.00 L1_SingleMu7er1p5/0.00 L1_SingleMu8er1p5/0.00 L1_SingleMu9er1p5/1.00 L1_SingleMu10er1p5/1.00 L1_SingleMu12er1p5/1.00 L1_SingleMu14er1p5/1.00 L1_SingleMu18er1p5/1.00
322252,996,6,5.00,HLT_Mu8_IP6_part0_v2/5,OR,L1_SingleMu22/1.00 L1_SingleMu25/1.00 L1_SingleMu6er1p5/0.00 L1_SingleMu7er1p5/0.00 L1_SingleMu8er1p5/1.00 L1_SingleMu9er1p5/1.00 L1_SingleMu10er1p5/1.00 L1_SingleMu12er1p5/1.00 L1_SingleMu14er1p5/1.00 L1_SingleMu18er1p5/1.00
322252,1403,7,5.00,HLT_Mu8_IP6_part0_v2/5,OR,L1_SingleMu22/1.00 L1_SingleMu25/1.00 L1_SingleMu6er1p5/0.00 L1_SingleMu7er1p5/1.00 L1_SingleMu8er1p5/1.00 L1_SingleMu9er1p5/1.00 L1_SingleMu10er1p5/1.00 L1_SingleMu12er1p5/1.00 L1_SingleMu14er1p5/1.00 L1_SingleMu18er1p5/1.00
322319,1,2,0.00,HLT_Mu8_IP6_part0_v2/0,OR,L1_SingleMu22/1.00 L1_SingleMu25/1.00 L1_SingleMu6er1p5/0.00 L1_SingleMu7er1p5/0.00 L1_SingleMu8er1p5/0.00 L1_SingleMu9er1p5/0.00 L1_SingleMu10er1p5/0.00 L1_SingleMu12er1p5/0.00 L1_SingleMu14er1p5/0.00 L1_SingleMu18er1p5/0.00
322319,36,3,0.00,HLT_Mu8_IP6_part0_v2/0,OR,L1_SingleMu22/1.00 L1_SingleMu25/1.00 L1_SingleMu6er1p5/0.00 L1_SingleMu7er1p5/0.00 L1_SingleMu8er1p5/0.00 L1_SingleMu9er1p5/0.00 L1_SingleMu10er1p5/0.00 L1_SingleMu12er1p5/1.00 L1_SingleMu14er1p5/0.00 L1_SingleMu18er1p5/0.00
322319,82,2,0.00,HLT_Mu8_IP6_part0_v2/0,OR,L1_SingleMu22/1.00 L1_SingleMu25/1.00 L1_SingleMu6er1p5/0.00 L1_SingleMu7er1p5/0.00 L1_SingleMu8er1p5/0.00 L1_SingleMu9er1p5/0.00 L1_SingleMu10er1p5/0.00 L1_SingleMu12er1p5/0.00 L1_SingleMu14er1p5/0.00 L1_SingleMu18er1p5/0.00
322319,146,3,0.00,HLT_Mu8_IP6_part0_v2/0,OR,L1_SingleMu22/1.00 L1_SingleMu25/1.00 L1_SingleMu6er1p5/0.00 L1_SingleMu7er1p5/0.00 L1_SingleMu8er1p5/0.00 L1_SingleMu9er1p5/0.00 L1_SingleMu10er1p5/0.00 L1_SingleMu12er1p5/1.00 L1_SingleMu14er1p5/0.00 L1_SingleMu18er1p5/0.00
322322,1,3,0.00,HLT_Mu8_IP6_part0_v2/0,OR,L1_SingleMu22/1.00 L1_SingleMu25/1.00 L1_SingleMu6er1p5/0.00 L1_SingleMu7er1p5/0.00 L1_SingleMu8er1p5/0.00 L1_SingleMu9er1p5/0.00 L1_SingleMu10er1p5/0.00 L1_SingleMu12er1p5/1.00 L1_SingleMu14er1p5/0.00 L1_SingleMu18er1p5/0.00
322322,194,4,0.00,HLT_Mu8_IP6_part0_v2/0,OR,L1_SingleMu22/1.00 L1_SingleMu25/1.00 L1_SingleMu6er1p5/0.00 L1_SingleMu7er1p5/0.00 L1_SingleMu8er1p5/0.00 L1_SingleMu9er1p5/0.00 L1_SingleMu10er1p5/1.00 L1_SingleMu12er1p5/1.00 L1_SingleMu14er1p5/1.00 L1_SingleMu18er1p5/1.00
322322,432,5,0.00,HLT_Mu8_IP6_part0_v2/0,OR,L1_SingleMu22/1.00 L1_SingleMu25/1.00 L1_SingleMu6er1p5/0.00 L1_SingleMu7er1p5/0.00 L1_SingleMu8er1p5/0.00 L1_SingleMu9er1p5/1.00 L1_SingleMu10er1p5/1.00 L1_SingleMu12er1p5/1.00 L1_SingleMu14er1p5/1.00 L1_SingleMu18er1p5/1.00
322322,723,6,5.00,HLT_Mu8_IP6_part0_v2/5,OR,L1_SingleMu22/1.00 L1_SingleMu25/1.00 L1_SingleMu6er1p5/0.00 L1_SingleMu7er1p5/0.00 L1_SingleMu8er1p5/1.00 L1_SingleMu9er1p5/1.00 L1_SingleMu10er1p5/1.00 L1_SingleMu12er1p5/1.00 L1_SingleMu14er1p5/1.00 L1_SingleMu18er1p5/1.00
322322,1085,7,5.00,HLT_Mu8_IP6_part0_v2/5,OR,L1_SingleMu22/1.00 L1_SingleMu25/1.00 L1_SingleMu6er1p5/0.00 L1_SingleMu7er1p5/1.00 L1_SingleMu8er1p5/1.00 L1_SingleMu9er1p5/1.00 L1_SingleMu10er1p5/1.00 L1_SingleMu12er1p5/1.00 L1_SingleMu14er1p5/1.00 L1_SingleMu18er1p5/1.00
322322,1121,6,5.00,HLT_Mu8_IP6_part0_v2/5,OR,L1_SingleMu22/1.00 L1_SingleMu25/1.00 L1_SingleMu6er1p5/0.00 L1_SingleMu7er1p5/0.00 L1_SingleMu8er1p5/1.00 L1_SingleMu9er1p5/1.00 L1_SingleMu10er1p5/1.00 L1_SingleMu12er1p5/1.00 L1_SingleMu14er1p5/1.00 L1_SingleMu18er1p5/1.00
322322,1181,7,5.00,HLT_Mu8_IP6_part0_v2/5,OR,L1_SingleMu22/1.00 L1_SingleMu25/1.00 L1_SingleMu6er1p5/0.00 L1_SingleMu7er1p5/1.00 L1_SingleMu8er1p5/1.00 L1_SingleMu9er1p5/1.00 L1_SingleMu10er1p5/1.00 L1_SingleMu12er1p5/1.00 L1_SingleMu14er1p5/1.00 L1_SingleMu18er1p5/1.00
322322,1,3,0.00,HLT_Mu8_IP6_part0_v2/0,OR,L1_SingleMu22/1.00 L1_SingleMu25/1.00 L1_SingleMu6er1p5/0.00 L1_SingleMu7er1p5/0.00 L1_SingleMu8er1p5/0.00 L1_SingleMu9er1p5/0.00 L1_SingleMu10er1p5/0.00 L1_SingleMu12er1p5/1.00 L1_SingleMu14er1p5/0.00 L1_SingleMu18er1p5/0.00
322322,194,4,0.00,HLT_Mu8_IP6_part0_v2/0,OR,L1_SingleMu22/1.00 L1_SingleMu25/1.00 L1_SingleMu6er1p5/0.00 L1_SingleMu7er1p5/0.00 L1_SingleMu8er1p5/0.00 L1_SingleMu9er1p5/0.00 L1_SingleMu10er1p5/1.00 L1_SingleMu12er1p5/1.00 L1_SingleMu14er1p5/1.00 L1_SingleMu18er1p5/1.00
322322,432,5,0.00,HLT_Mu8_IP6_part0_v2/0,OR,L1_SingleMu22/1.00 L1_SingleMu25/1.00 L1_SingleMu6er1p5/0.00 L1_SingleMu7er1p5/0.00 L1_SingleMu8er1p5/0.00 L1_SingleMu9er1p5/1.00 L1_SingleMu10er1p5/1.00 L1_SingleMu12er1p5/1.00 L1_SingleMu14er1p5/1.00 L1_SingleMu18er1p5/1.00
322322,723,6,5.00,HLT_Mu8_IP6_part0_v2/5,OR,L1_SingleMu22/1.00 L1_SingleMu25/1.00 L1_SingleMu6er1p5/0.00 L1_SingleMu7er1p5/0.00 L1_SingleMu8er1p5/1.00 L1_SingleMu9er1p5/1.00 L1_SingleMu10er1p5/1.00 L1_SingleMu12er1p5/1.00 L1_SingleMu14er1p5/1.00 L1_SingleMu18er1p5/1.00
322322,1085,7,5.00,HLT_Mu8_IP6_part0_v2/5,OR,L1_SingleMu22/1.00 L1_SingleMu25/1.00 L1_SingleMu6er1p5/0.00 L1_SingleMu7er1p5/1.00 L1_SingleMu8er1p5/1.00 L1_SingleMu9er1p5/1.00 L1_SingleMu10er1p5/1.00 L1_SingleMu12er1p5/1.00 L1_SingleMu14er1p5/1.00 L1_SingleMu18er1p5/1.00
322322,1121,6,5.00,HLT_Mu8_IP6_part0_v2/5,OR,L1_SingleMu22/1.00 L1_SingleMu25/1.00 L1_SingleMu6er1p5/0.00 L1_SingleMu7er1p5/0.00 L1_SingleMu8er1p5/1.00 L1_SingleMu9er1p5/1.00 L1_SingleMu10er1p5/1.00 L1_SingleMu12er1p5/1.00 L1_SingleMu14er1p5/1.00 L1_SingleMu18er1p5/1.00
322322,1181,7,5.00,HLT_Mu8_IP6_part0_v2/5,OR,L1_SingleMu22/1.00 L1_SingleMu25/1.00 L1_SingleMu6er1p5/0.00 L1_SingleMu7er1p5/1.00 L1_SingleMu8er1p5/1.00 L1_SingleMu9er1p5/1.00 L1_SingleMu10er1p5/1.00 L1_SingleMu12er1p5/1.00 L1_SingleMu14er1p5/1.00 L1_SingleMu18er1p5/1.00
322322,1,3,0.00,HLT_Mu8_IP6_part0_v2/0,OR,L1_SingleMu22/1.00 L1_SingleMu25/1.00 L1_SingleMu6er1p5/0.00 L1_SingleMu7er1p5/0.00 L1_SingleMu8er1p5/0.00 L1_SingleMu9er1p5/0.00 L1_SingleMu10er1p5/0.00 L1_SingleMu12er1p5/1.00 L1_SingleMu14er1p5/0.00 L1_SingleMu18er1p5/0.00
322322,194,4,0.00,HLT_Mu8_IP6_part0_v2/0,OR,L1_SingleMu22/1.00 L1_SingleMu25/1.00 L1_SingleMu6er1p5/0.00 L1_SingleMu7er1p5/0.00 L1_SingleMu8er1p5/0.00 L1_SingleMu9er1p5/0.00 L1_SingleMu10er1p5/1.00 L1_SingleMu12er1p5/1.00 L1_SingleMu14er1p5/1.00 L1_SingleMu18er1p5/1.00
322322,432,5,0.00,HLT_Mu8_IP6_part0_v2/0,OR,L1_SingleMu22/1.00 L1_SingleMu25/1.00 L1_SingleMu6er1p5/0.00 L1_SingleMu7er1p5/0.00 L1_SingleMu8er1p5/0.00 L1_SingleMu9er1p5/1.00 L1_SingleMu10er1p5/1.00 L1_SingleMu12er1p5/1.00 L1_SingleMu14er1p5/1.00 L1_SingleMu18er1p5/1.00
322322,723,6,5.00,HLT_Mu8_IP6_part0_v2/5,OR,L1_SingleMu22/1.00 L1_SingleMu25/1.00 L1_SingleMu6er1p5/0.00 L1_SingleMu7er1p5/0.00 L1_SingleMu8er1p5/1.00 L1_SingleMu9er1p5/1.00 L1_SingleMu10er1p5/1.00 L1_SingleMu12er1p5/1.00 L1_SingleMu14er1p5/1.00 L1_SingleMu18er1p5/1.00
322322,1085,7,5.00,HLT_Mu8_IP6_part0_v2/5,OR,L1_SingleMu22/1.00 L1_SingleMu25/1.00 L1_SingleMu6er1p5/0.00 L1_SingleMu7er1p5/1.00 L1_SingleMu8er1p5/1.00 L1_SingleMu9er1p5/1.00 L1_SingleMu10er1p5/1.00 L1_SingleMu12er1p5/1.00 L1_SingleMu14er1p5/1.00 L1_SingleMu18er1p5/1.00
322322,1121,6,5.00,HLT_Mu8_IP6_part0_v2/5,OR,L1_SingleMu22/1.00 L1_SingleMu25/1.00 L1_SingleMu6er1p5/0.00 L1_SingleMu7er1p5/0.00 L1_SingleMu8er1p5/1.00 L1_SingleMu9er1p5/1.00 L1_SingleMu10er1p5/1.00 L1_SingleMu12er1p5/1.00 L1_SingleMu14er1p5/1.00 L1_SingleMu18er1p5/1.00
322322,1181,7,5.00,HLT_Mu8_IP6_part0_v2/5,OR,L1_SingleMu22/1.00 L1_SingleMu25/1.00 L1_SingleMu6er1p5/0.00 L1_SingleMu7er1p5/1.00 L1_SingleMu8er1p5/1.00 L1_SingleMu9er1p5/1.00 L1_SingleMu10er1p5/1.00 L1_SingleMu12er1p5/1.00 L1_SingleMu14er1p5/1.00 L1_SingleMu18er1p5/1.00
322322,1,3,0.00,HLT_Mu8_IP6_part0_v2/0,OR,L1_SingleMu22/1.00 L1_SingleMu25/1.00 L1_SingleMu6er1p5/0.00 L1_SingleMu7er1p5/0.00 L1_SingleMu8er1p5/0.00 L1_SingleMu9er1p5/0.00 L1_SingleMu10er1p5/0.00 L1_SingleMu12er1p5/1.00 L1_SingleMu14er1p5/0.00 L1_SingleMu18er1p5/0.00
322322,194,4,0.00,HLT_Mu8_IP6_part0_v2/0,OR,L1_SingleMu22/1.00 L1_SingleMu25/1.00 L1_SingleMu6er1p5/0.00 L1_SingleMu7er1p5/0.00 L1_SingleMu8er1p5/0.00 L1_SingleMu9er1p5/0.00 L1_SingleMu10er1p5/1.00 L1_SingleMu12er1p5/1.00 L1_SingleMu14er1p5/1.00 L1_SingleMu18er1p5/1.00
322322,432,5,0.00,HLT_Mu8_IP6_part0_v2/0,OR,L1_SingleMu22/1.00 L1_SingleMu25/1.00 L1_SingleMu6er1p5/0.00 L1_SingleMu7er1p5/0.00 L1_SingleMu8er1p5/0.00 L1_SingleMu9er1p5/1.00 L1_SingleMu10er1p5/1.00 L1_SingleMu12er1p5/1.00 L1_SingleMu14er1p5/1.00 L1_SingleMu18er1p5/1.00
322322,723,6,5.00,HLT_Mu8_IP6_part0_v2/5,OR,L1_SingleMu22/1.00 L1_SingleMu25/1.00 L1_SingleMu6er1p5/0.00 L1_SingleMu7er1p5/0.00 L1_SingleMu8er1p5/1.00 L1_SingleMu9er1p5/1.00 L1_SingleMu10er1p5/1.00 L1_SingleMu12er1p5/1.00 L1_SingleMu14er1p5/1.00 L1_SingleMu18er1p5/1.00
322322,1085,7,5.00,HLT_Mu8_IP6_part0_v2/5,OR,L1_SingleMu22/1.00 L1_SingleMu25/1.00 L1_SingleMu6er1p5/0.00 L1_SingleMu7er1p5/1.00 L1_SingleMu8er1p5/1.00 L1_SingleMu9er1p5/1.00 L1_SingleMu10er1p5/1.00 L1_SingleMu12er1p5/1.00 L1_SingleMu14er1p5/1.00 L1_SingleMu18er1p5/1.00
322322,1121,6,5.00,HLT_Mu8_IP6_part0_v2/5,OR,L1_SingleMu22/1.00 L1_SingleMu25/1.00 L1_SingleMu6er1p5/0.00 L1_SingleMu7er1p5/0.00 L1_SingleMu8er1p5/1.00 L1_SingleMu9er1p5/1.00 L1_SingleMu10er1p5/1.00 L1_SingleMu12er1p5/1.00 L1_SingleMu14er1p5/1.00 L1_SingleMu18er1p5/1.00
322322,1181,7,5.00,HLT_Mu8_IP6_part0_v2/5,OR,L1_SingleMu22/1.00 L1_SingleMu25/1.00 L1_SingleMu6er1p5/0.00 L1_SingleMu7er1p5/1.00 L1_SingleMu8er1p5/1.00 L1_SingleMu9er1p5/1.00 L1_SingleMu10er1p5/1.00 L1_SingleMu12er1p5/1.00 L1_SingleMu14er1p5/1.00 L1_SingleMu18er1p5/1.00
322324,1,7,5.00,HLT_Mu8_IP6_part0_v2/5,OR,L1_SingleMu22/1.00 L1_SingleMu25/1.00 L1_SingleMu6er1p5/0.00 L1_SingleMu7er1p5/1.00 L1_SingleMu8er1p5/1.00 L1_SingleMu9er1p5/1.00 L1_SingleMu10er1p5/1.00 L1_SingleMu12er1p5/1.00 L1_SingleMu14er1p5/1.00 L1_SingleMu18er1p5/1.00
322332,1,2,0.00,HLT_Mu8_IP6_part0_v2/0,OR,L1_SingleMu22/1.00 L1_SingleMu25/1.00 L1_SingleMu6er1p5/0.00 L1_SingleMu7er1p5/0.00 L1_SingleMu8er1p5/0.00 L1_SingleMu9er1p5/0.00 L1_SingleMu10er1p5/0.00 L1_SingleMu12er1p5/0.00 L1_SingleMu14er1p5/0.00 L1_SingleMu18er1p5/0.00
322332,211,3,0.00,HLT_Mu8_IP6_part0_v2/0,OR,L1_SingleMu22/1.00 L1_SingleMu25/1.00 L1_SingleMu6er1p5/0.00 L1_SingleMu7er1p5/0.00 L1_SingleMu8er1p5/0.00 L1_SingleMu9er1p5/0.00 L1_SingleMu10er1p5/0.00 L1_SingleMu12er1p5/1.00 L1_SingleMu14er1p5/0.00 L1_SingleMu18er1p5/0.00
322332,419,4,0.00,HLT_Mu8_IP6_part0_v2/0,OR,L1_SingleMu22/1.00 L1_SingleMu25/1.00 L1_SingleMu6er1p5/0.00 L1_SingleMu7er1p5/0.00 L1_SingleMu8er1p5/0.00 L1_SingleMu9er1p5/0.00 L1_SingleMu10er1p5/1.00 L1_SingleMu12er1p5/1.00 L1_SingleMu14er1p5/1.00 L1_SingleMu18er1p5/1.00
322332,639,5,0.00,HLT_Mu8_IP6_part0_v2/0,OR,L1_SingleMu22/1.00 L1_SingleMu25/1.00 L1_SingleMu6er1p5/0.00 L1_SingleMu7er1p5/0.00 L1_SingleMu8er1p5/0.00 L1_SingleMu9er1p5/1.00 L1_SingleMu10er1p5/1.00 L1_SingleMu12er1p5/1.00 L1_SingleMu14er1p5/1.00 L1_SingleMu18er1p5/1.00
322332,942,6,5.00,HLT_Mu8_IP6_part0_v2/5,OR,L1_SingleMu22/1.00 L1_SingleMu25/1.00 L1_SingleMu6er1p5/0.00 L1_SingleMu7er1p5/0.00 L1_SingleMu8er1p5/1.00 L1_SingleMu9er1p5/1.00 L1_SingleMu10er1p5/1.00 L1_SingleMu12er1p5/1.00 L1_SingleMu14er1p5/1.00 L1_SingleMu18er1p5/1.00
322332,1,2,0.00,HLT_Mu8_IP6_part0_v2/0,OR,L1_SingleMu22/1.00 L1_SingleMu25/1.00 L1_SingleMu6er1p5/0.00 L1_SingleMu7er1p5/0.00 L1_SingleMu8er1p5/0.00 L1_SingleMu9er1p5/0.00 L1_SingleMu10er1p5/0.00 L1_SingleMu12er1p5/0.00 L1_SingleMu14er1p5/0.00 L1_SingleMu18er1p5/0.00
322332,211,3,0.00,HLT_Mu8_IP6_part0_v2/0,OR,L1_SingleMu22/1.00 L1_SingleMu25/1.00 L1_SingleMu6er1p5/0.00 L1_SingleMu7er1p5/0.00 L1_SingleMu8er1p5/0.00 L1_SingleMu9er1p5/0.00 L1_SingleMu10er1p5/0.00 L1_SingleMu12er1p5/1.00 L1_SingleMu14er1p5/0.00 L1_SingleMu18er1p5/0.00
322332,419,4,0.00,HLT_Mu8_IP6_part0_v2/0,OR,L1_SingleMu22/1.00 L1_SingleMu25/1.00 L1_SingleMu6er1p5/0.00 L1_SingleMu7er1p5/0.00 L1_SingleMu8er1p5/0.00 L1_SingleMu9er1p5/0.00 L1_SingleMu10er1p5/1.00 L1_SingleMu12er1p5/1.00 L1_SingleMu14er1p5/1.00 L1_SingleMu18er1p5/1.00
322332,639,5,0.00,HLT_Mu8_IP6_part0_v2/0,OR,L1_SingleMu22/1.00 L1_SingleMu25/1.00 L1_SingleMu6er1p5/0.00 L1_SingleMu7er1p5/0.00 L1_SingleMu8er1p5/0.00 L1_SingleMu9er1p5/1.00 L1_SingleMu10er1p5/1.00 L1_SingleMu12er1p5/1.00 L1_SingleMu14er1p5/1.00 L1_SingleMu18er1p5/1.00
322332,942,6,5.00,HLT_Mu8_IP6_part0_v2/5,OR,L1_SingleMu22/1.00 L1_SingleMu25/1.00 L1_SingleMu6er1p5/0.00 L1_SingleMu7er1p5/0.00 L1_SingleMu8er1p5/1.00 L1_SingleMu9er1p5/1.00 L1_SingleMu10er1p5/1.00 L1_SingleMu12er1p5/1.00 L1_SingleMu14er1p5/1.00 L1_SingleMu18er1p5/1.00
322332,1,2,0.00,HLT_Mu8_IP6_part0_v2/0,OR,L1_SingleMu22/1.00 L1_SingleMu25/1.00 L1_SingleMu6er1p5/0.00 L1_SingleMu7er1p5/0.00 L1_SingleMu8er1p5/0.00 L1_SingleMu9er1p5/0.00 L1_SingleMu10er1p5/0.00 L1_SingleMu12er1p5/0.00 L1_SingleMu14er1p5/0.00 L1_SingleMu18er1p5/0.00
322332,211,3,0.00,HLT_Mu8_IP6_part0_v2/0,OR,L1_SingleMu22/1.00 L1_SingleMu25/1.00 L1_SingleMu6er1p5/0.00 L1_SingleMu7er1p5/0.00 L1_SingleMu8er1p5/0.00 L1_SingleMu9er1p5/0.00 L1_SingleMu10er1p5/0.00 L1_SingleMu12er1p5/1.00 L1_SingleMu14er1p5/0.00 L1_SingleMu18er1p5/0.00
322332,419,4,0.00,HLT_Mu8_IP6_part0_v2/0,OR,L1_SingleMu22/1.00 L1_SingleMu25/1.00 L1_SingleMu6er1p5/0.00 L1_SingleMu7er1p5/0.00 L1_SingleMu8er1p5/0.00 L1_SingleMu9er1p5/0.00 L1_SingleMu10er1p5/1.00 L1_SingleMu12er1p5/1.00 L1_SingleMu14er1p5/1.00 L1_SingleMu18er1p5/1.00
322332,639,5,0.00,HLT_Mu8_IP6_part0_v2/0,OR,L1_SingleMu22/1.00 L1_SingleMu25/1.00 L1_SingleMu6er1p5/0.00 L1_SingleMu7er1p5/0.00 L1_SingleMu8er1p5/0.00 L1_SingleMu9er1p5/1.00 L1_SingleMu10er1p5/1.00 L1_SingleMu12er1p5/1.00 L1_SingleMu14er1p5/1.00 L1_SingleMu18er1p5/1.00
322332,942,6,5.00,HLT_Mu8_IP6_part0_v2/5,OR,L1_SingleMu22/1.00 L1_SingleMu25/1.00 L1_SingleMu6er1p5/0.00 L1_SingleMu7er1p5/0.00 L1_SingleMu8er1p5/1.00 L1_SingleMu9er1p5/1.00 L1_SingleMu10er1p5/1.00 L1_SingleMu12er1p5/1.00 L1_SingleMu14er1p5/1.00 L1_SingleMu18er1p5/1.00
322348,1,2,0.00,HLT_Mu8_IP6_part0_v2/0,OR,L1_SingleMu22/1.00 L1_SingleMu25/1.00 L1_SingleMu6er1p5/0.00 L1_SingleMu7er1p5/0.00 L1_SingleMu8er1p5/0.00 L1_SingleMu9er1p5/0.00 L1_SingleMu10er1p5/0.00 L1_SingleMu12er1p5/0.00 L1_SingleMu14er1p5/0.00 L1_SingleMu18er1p5/0.00
322348,189,3,0.00,HLT_Mu8_IP6_part0_v2/0,OR,L1_SingleMu22/1.00 L1_SingleMu25/1.00 L1_SingleMu6er1p5/0.00 L1_SingleMu7er1p5/0.00 L1_SingleMu8er1p5/0.00 L1_SingleMu9er1p5/0.00 L1_SingleMu10er1p5/0.00 L1_SingleMu12er1p5/1.00 L1_SingleMu14er1p5/0.00 L1_SingleMu18er1p5/0.00
322348,451,4,0.00,HLT_Mu8_IP6_part0_v2/0,OR,L1_SingleMu22/1.00 L1_SingleMu25/1.00 L1_SingleMu6er1p5/0.00 L1_SingleMu7er1p5/0.00 L1_SingleMu8er1p5/0.00 L1_SingleMu9er1p5/0.00 L1_SingleMu10er1p5/1.00 L1_SingleMu12er1p5/1.00 L1_SingleMu14er1p5/1.00 L1_SingleMu18er1p5/1.00
322348,699,5,0.00,HLT_Mu8_IP6_part0_v2/0,OR,L1_SingleMu22/1.00 L1_SingleMu25/1.00 L1_SingleMu6er1p5/0.00 L1_SingleMu7er1p5/0.00 L1_SingleMu8er1p5/0.00 L1_SingleMu9er1p5/1.00 L1_SingleMu10er1p5/1.00 L1_SingleMu12er1p5/1.00 L1_SingleMu14er1p5/1.00 L1_SingleMu18er1p5/1.00
322348,1011,6,5.00,HLT_Mu8_IP6_part0_v2/5,OR,L1_SingleMu22/1.00 L1_SingleMu25/1.00 L1_SingleMu6er1p5/0.00 L1_SingleMu7er1p5/0.00 L1_SingleMu8er1p5/1.00 L1_SingleMu9er1p5/1.00 L1_SingleMu10er1p5/1.00 L1_SingleMu12er1p5/1.00 L1_SingleMu14er1p5/1.00 L1_SingleMu18er1p5/1.00
322348,1304,7,5.00,HLT_Mu8_IP6_part0_v2/5,OR,L1_SingleMu22/1.00 L1_SingleMu25/1.00 L1_SingleMu6er1p5/0.00 L1_SingleMu7er1p5/1.00 L1_SingleMu8er1p5/1.00 L1_SingleMu9er1p5/1.00 L1_SingleMu10er1p5/1.00 L1_SingleMu12er1p5/1.00 L1_SingleMu14er1p5/1.00 L1_SingleMu18er1p5/1.00
322348,1,2,0.00,HLT_Mu8_IP6_part0_v2/0,OR,L1_SingleMu22/1.00 L1_SingleMu25/1.00 L1_SingleMu6er1p5/0.00 L1_SingleMu7er1p5/0.00 L1_SingleMu8er1p5/0.00 L1_SingleMu9er1p5/0.00 L1_SingleMu10er1p5/0.00 L1_SingleMu12er1p5/0.00 L1_SingleMu14er1p5/0.00 L1_SingleMu18er1p5/0.00
322348,189,3,0.00,HLT_Mu8_IP6_part0_v2/0,OR,L1_SingleMu22/1.00 L1_SingleMu25/1.00 L1_SingleMu6er1p5/0.00 L1_SingleMu7er1p5/0.00 L1_SingleMu8er1p5/0.00 L1_SingleMu9er1p5/0.00 L1_SingleMu10er1p5/0.00 L1_SingleMu12er1p5/1.00 L1_SingleMu14er1p5/0.00 L1_SingleMu18er1p5/0.00
322348,451,4,0.00,HLT_Mu8_IP6_part0_v2/0,OR,L1_SingleMu22/1.00 L1_SingleMu25/1.00 L1_SingleMu6er1p5/0.00 L1_SingleMu7er1p5/0.00 L1_SingleMu8er1p5/0.00 L1_SingleMu9er1p5/0.00 L1_SingleMu10er1p5/1.00 L1_SingleMu12er1p5/1.00 L1_SingleMu14er1p5/1.00 L1_SingleMu18er1p5/1.00
322348,699,5,0.00,HLT_Mu8_IP6_part0_v2/0,OR,L1_SingleMu22/1.00 L1_SingleMu25/1.00 L1_SingleMu6er1p5/0.00 L1_SingleMu7er1p5/0.00 L1_SingleMu8er1p5/0.00 L1_SingleMu9er1p5/1.00 L1_SingleMu10er1p5/1.00 L1_SingleMu12er1p5/1.00 L1_SingleMu14er1p5/1.00 L1_SingleMu18er1p5/1.00
322348,1011,6,5.00,HLT_Mu8_IP6_part0_v2/5,OR,L1_SingleMu22/1.00 L1_SingleMu25/1.00 L1_SingleMu6er1p5/0.00 L1_SingleMu7er1p5/0.00 L1_SingleMu8er1p5/1.00 L1_SingleMu9er1p5/1.00 L1_SingleMu10er1p5/1.00 L1_SingleMu12er1p5/1.00 L1_SingleMu14er1p5/1.00 L1_SingleMu18er1p5/1.00
322348,1304,7,5.00,HLT_Mu8_IP6_part0_v2/5,OR,L1_SingleMu22/1.00 L1_SingleMu25/1.00 L1_SingleMu6er1p5/0.00 L1_SingleMu7er1p5/1.00 L1_SingleMu8er1p5/1.00 L1_SingleMu9er1p5/1.00 L1_SingleMu10er1p5/1.00 L1_SingleMu12er1p5/1.00 L1_SingleMu14er1p5/1.00 L1_SingleMu18er1p5/1.00
322348,1,2,0.00,HLT_Mu8_IP6_part0_v2/0,OR,L1_SingleMu22/1.00 L1_SingleMu25/1.00 L1_SingleMu6er1p5/0.00 L1_SingleMu7er1p5/0.00 L1_SingleMu8er1p5/0.00 L1_SingleMu9er1p5/0.00 L1_SingleMu10er1p5/0.00 L1_SingleMu12er1p5/0.00 L1_SingleMu14er1p5/0.00 L1_SingleMu18er1p5/0.00
322348,189,3,0.00,HLT_Mu8_IP6_part0_v2/0,OR,L1_SingleMu22/1.00 L1_SingleMu25/1.00 L1_SingleMu6er1p5/0.00 L1_SingleMu7er1p5/0.00 L1_SingleMu8er1p5/0.00 L1_SingleMu9er1p5/0.00 L1_SingleMu10er1p5/0.00 L1_SingleMu12er1p5/1.00 L1_SingleMu14er1p5/0.00 L1_SingleMu18er1p5/0.00
322348,451,4,0.00,HLT_Mu8_IP6_part0_v2/0,OR,L1_SingleMu22/1.00 L1_SingleMu25/1.00 L1_SingleMu6er1p5/0.00 L1_SingleMu7er1p5/0.00 L1_SingleMu8er1p5/0.00 L1_SingleMu9er1p5/0.00 L1_SingleMu10er1p5/1.00 L1_SingleMu12er1p5/1.00 L1_SingleMu14er1p5/1.00 L1_SingleMu18er1p5/1.00
322348,699,5,0.00,HLT_Mu8_IP6_part0_v2/0,OR,L1_SingleMu22/1.00 L1_SingleMu25/1.00 L1_SingleMu6er1p5/0.00 L1_SingleMu7er1p5/0.00 L1_SingleMu8er1p5/0.00 L1_SingleMu9er1p5/1.00 L1_SingleMu10er1p5/1.00 L1_SingleMu12er1p5/1.00 L1_SingleMu14er1p5/1.00 L1_SingleMu18er1p5/1.00
322348,1011,6,5.00,HLT_Mu8_IP6_part0_v2/5,OR,L1_SingleMu22/1.00 L1_SingleMu25/1.00 L1_SingleMu6er1p5/0.00 L1_SingleMu7er1p5/0.00 L1_SingleMu8er1p5/1.00 L1_SingleMu9er1p5/1.00 L1_SingleMu10er1p5/1.00 L1_SingleMu12er1p5/1.00 L1_SingleMu14er1p5/1.00 L1_SingleMu18er1p5/1.00
322348,1304,7,5.00,HLT_Mu8_IP6_part0_v2/5,OR,L1_SingleMu22/1.00 L1_SingleMu25/1.00 L1_SingleMu6er1p5/0.00 L1_SingleMu7er1p5/1.00 L1_SingleMu8er1p5/1.00 L1_SingleMu9er1p5/1.00 L1_SingleMu10er1p5/1.00 L1_SingleMu12er1p5/1.00 L1_SingleMu14er1p5/1.00 L1_SingleMu18er1p5/1.00
322348,1,2,0.00,HLT_Mu8_IP6_part0_v2/0,OR,L1_SingleMu22/1.00 L1_SingleMu25/1.00 L1_SingleMu6er1p5/0.00 L1_SingleMu7er1p5/0.00 L1_SingleMu8er1p5/0.00 L1_SingleMu9er1p5/0.00 L1_SingleMu10er1p5/0.00 L1_SingleMu12er1p5/0.00 L1_SingleMu14er1p5/0.00 L1_SingleMu18er1p5/0.00
322348,189,3,0.00,HLT_Mu8_IP6_part0_v2/0,OR,L1_SingleMu22/1.00 L1_SingleMu25/1.00 L1_SingleMu6er1p5/0.00 L1_SingleMu7er1p5/0.00 L1_SingleMu8er1p5/0.00 L1_SingleMu9er1p5/0.00 L1_SingleMu10er1p5/0.00 L1_SingleMu12er1p5/1.00 L1_SingleMu14er1p5/0.00 L1_SingleMu18er1p5/0.00
322348,451,4,0.00,HLT_Mu8_IP6_part0_v2/0,OR,L1_SingleMu22/1.00 L1_SingleMu25/1.00 L1_SingleMu6er1p5/0.00 L1_SingleMu7er1p5/0.00 L1_SingleMu8er1p5/0.00 L1_SingleMu9er1p5/0.00 L1_SingleMu10er1p5/1.00 L1_SingleMu12er1p5/1.00 L1_SingleMu14er1p5/1.00 L1_SingleMu18er1p5/1.00
322348,699,5,0.00,HLT_Mu8_IP6_part0_v2/0,OR,L1_SingleMu22/1.00 L1_SingleMu25/1.00 L1_SingleMu6er1p5/0.00 L1_SingleMu7er1p5/0.00 L1_SingleMu8er1p5/0.00 L1_SingleMu9er1p5/1.00 L1_SingleMu10er1p5/1.00 L1_SingleMu12er1p5/1.00 L1_SingleMu14er1p5/1.00 L1_SingleMu18er1p5/1.00
322348,1011,6,5.00,HLT_Mu8_IP6_part0_v2/5,OR,L1_SingleMu22/1.00 L1_SingleMu25/1.00 L1_SingleMu6er1p5/0.00 L1_SingleMu7er1p5/0.00 L1_SingleMu8er1p5/1.00 L1_SingleMu9er1p5/1.00 L1_SingleMu10er1p5/1.00 L1_SingleMu12er1p5/1.00 L1_SingleMu14er1p5/1.00 L1_SingleMu18er1p5/1.00
322348,1304,7,5.00,HLT_Mu8_IP6_part0_v2/5,OR,L1_SingleMu22/1.00 L1_SingleMu25/1.00 L1_SingleMu6er1p5/0.00 L1_SingleMu7er1p5/1.00 L1_SingleMu8er1p5/1.00 L1_SingleMu9er1p5/1.00 L1_SingleMu10er1p5/1.00 L1_SingleMu12er1p5/1.00 L1_SingleMu14er1p5/1.00 L1_SingleMu18er1p5/1.00
322355,1,2,0.00,HLT_Mu8_IP6_part0_v2/0,OR,L1_SingleMu22/1.00 L1_SingleMu25/1.00 L1_SingleMu6er1p5/0.00 L1_SingleMu7er1p5/0.00 L1_SingleMu8er1p5/0.00 L1_SingleMu9er1p5/0.00 L1_SingleMu10er1p5/0.00 L1_SingleMu12er1p5/0.00 L1_SingleMu14er1p5/0.00 L1_SingleMu18er1p5/0.00
322355,124,3,0.00,HLT_Mu8_IP6_part0_v2/0,OR,L1_SingleMu22/1.00 L1_SingleMu25/1.00 L1_SingleMu6er1p5/0.00 L1_SingleMu7er1p5/0.00 L1_SingleMu8er1p5/0.00 L1_SingleMu9er1p5/0.00 L1_SingleMu10er1p5/0.00 L1_SingleMu12er1p5/1.00 L1_SingleMu14er1p5/0.00 L1_SingleMu18er1p5/0.00
322356,1,3,0.00,HLT_Mu8_IP6_part0_v2/0,OR,L1_SingleMu22/1.00 L1_SingleMu25/1.00 L1_SingleMu6er1p5/0.00 L1_SingleMu7er1p5/0.00 L1_SingleMu8er1p5/0.00 L1_SingleMu9er1p5/0.00 L1_SingleMu10er1p5/0.00 L1_SingleMu12er1p5/1.00 L1_SingleMu14er1p5/0.00 L1_SingleMu18er1p5/0.00
322356,187,4,0.00,HLT_Mu8_IP6_part0_v2/0,OR,L1_SingleMu22/1.00 L1_SingleMu25/1.00 L1_SingleMu6er1p5/0.00 L1_SingleMu7er1p5/0.00 L1_SingleMu8er1p5/0.00 L1_SingleMu9er1p5/0.00 L1_SingleMu10er1p5/1.00 L1_SingleMu12er1p5/1.00 L1_SingleMu14er1p5/1.00 L1_SingleMu18er1p5/1.00
322356,458,5,0.00,HLT_Mu8_IP6_part0_v2/0,OR,L1_SingleMu22/1.00 L1_SingleMu25/1.00 L1_SingleMu6er1p5/0.00 L1_SingleMu7er1p5/0.00 L1_SingleMu8er1p5/0.00 L1_SingleMu9er1p5/1.00 L1_SingleMu10er1p5/1.00 L1_SingleMu12er1p5/1.00 L1_SingleMu14er1p5/1.00 L1_SingleMu18er1p5/1.00
322356,777,6,5.00,HLT_Mu8_IP6_part0_v2/5,OR,L1_SingleMu22/1.00 L1_SingleMu25/1.00 L1_SingleMu6er1p5/0.00 L1_SingleMu7er1p5/0.00 L1_SingleMu8er1p5/1.00 L1_SingleMu9er1p5/1.00 L1_SingleMu10er1p5/1.00 L1_SingleMu12er1p5/1.00 L1_SingleMu14er1p5/1.00 L1_SingleMu18er1p5/1.00
322356,1,3,0.00,HLT_Mu8_IP6_part0_v2/0,OR,L1_SingleMu22/1.00 L1_SingleMu25/1.00 L1_SingleMu6er1p5/0.00 L1_SingleMu7er1p5/0.00 L1_SingleMu8er1p5/0.00 L1_SingleMu9er1p5/0.00 L1_SingleMu10er1p5/0.00 L1_SingleMu12er1p5/1.00 L1_SingleMu14er1p5/0.00 L1_SingleMu18er1p5/0.00
322356,187,4,0.00,HLT_Mu8_IP6_part0_v2/0,OR,L1_SingleMu22/1.00 L1_SingleMu25/1.00 L1_SingleMu6er1p5/0.00 L1_SingleMu7er1p5/0.00 L1_SingleMu8er1p5/0.00 L1_SingleMu9er1p5/0.00 L1_SingleMu10er1p5/1.00 L1_SingleMu12er1p5/1.00 L1_SingleMu14er1p5/1.00 L1_SingleMu18er1p5/1.00
322356,458,5,0.00,HLT_Mu8_IP6_part0_v2/0,OR,L1_SingleMu22/1.00 L1_SingleMu25/1.00 L1_SingleMu6er1p5/0.00 L1_SingleMu7er1p5/0.00 L1_SingleMu8er1p5/0.00 L1_SingleMu9er1p5/1.00 L1_SingleMu10er1p5/1.00 L1_SingleMu12er1p5/1.00 L1_SingleMu14er1p5/1.00 L1_SingleMu18er1p5/1.00
322356,777,6,5.00,HLT_Mu8_IP6_part0_v2/5,OR,L1_SingleMu22/1.00 L1_SingleMu25/1.00 L1_SingleMu6er1p5/0.00 L1_SingleMu7er1p5/0.00 L1_SingleMu8er1p5/1.00 L1_SingleMu9er1p5/1.00 L1_SingleMu10er1p5/1.00 L1_SingleMu12er1p5/1.00 L1_SingleMu14er1p5/1.00 L1_SingleMu18er1p5/1.00
322356,1,3,0.00,HLT_Mu8_IP6_part0_v2/0,OR,L1_SingleMu22/1.00 L1_SingleMu25/1.00 L1_SingleMu6er1p5/0.00 L1_SingleMu7er1p5/0.00 L1_SingleMu8er1p5/0.00 L1_SingleMu9er1p5/0.00 L1_SingleMu10er1p5/0.00 L1_SingleMu12er1p5/1.00 L1_SingleMu14er1p5/0.00 L1_SingleMu18er1p5/0.00
322356,187,4,0.00,HLT_Mu8_IP6_part0_v2/0,OR,L1_SingleMu22/1.00 L1_SingleMu25/1.00 L1_SingleMu6er1p5/0.00 L1_SingleMu7er1p5/0.00 L1_SingleMu8er1p5/0.00 L1_SingleMu9er1p5/0.00 L1_SingleMu10er1p5/1.00 L1_SingleMu12er1p5/1.00 L1_SingleMu14er1p5/1.00 L1_SingleMu18er1p5/1.00
322356,458,5,0.00,HLT_Mu8_IP6_part0_v2/0,OR,L1_SingleMu22/1.00 L1_SingleMu25/1.00 L1_SingleMu6er1p5/0.00 L1_SingleMu7er1p5/0.00 L1_SingleMu8er1p5/0.00 L1_SingleMu9er1p5/1.00 L1_SingleMu10er1p5/1.00 L1_SingleMu12er1p5/1.00 L1_SingleMu14er1p5/1.00 L1_SingleMu18er1p5/1.00
322356,777,6,5.00,HLT_Mu8_IP6_part0_v2/5,OR,L1_SingleMu22/1.00 L1_SingleMu25/1.00 L1_SingleMu6er1p5/0.00 L1_SingleMu7er1p5/0.00 L1_SingleMu8er1p5/1.00 L1_SingleMu9er1p5/1.00 L1_SingleMu10er1p5/1.00 L1_SingleMu12er1p5/1.00 L1_SingleMu14er1p5/1.00 L1_SingleMu18er1p5/1.00
322356,1,3,0.00,HLT_Mu8_IP6_part0_v2/0,OR,L1_SingleMu22/1.00 L1_SingleMu25/1.00 L1_SingleMu6er1p5/0.00 L1_SingleMu7er1p5/0.00 L1_SingleMu8er1p5/0.00 L1_SingleMu9er1p5/0.00 L1_SingleMu10er1p5/0.00 L1_SingleMu12er1p5/1.00 L1_SingleMu14er1p5/0.00 L1_SingleMu18er1p5/0.00
322356,187,4,0.00,HLT_Mu8_IP6_part0_v2/0,OR,L1_SingleMu22/1.00 L1_SingleMu25/1.00 L1_SingleMu6er1p5/0.00 L1_SingleMu7er1p5/0.00 L1_SingleMu8er1p5/0.00 L1_SingleMu9er1p5/0.00 L1_SingleMu10er1p5/1.00 L1_SingleMu12er1p5/1.00 L1_SingleMu14er1p5/1.00 L1_SingleMu18er1p5/1.00
322356,458,5,0.00,HLT_Mu8_IP6_part0_v2/0,OR,L1_SingleMu22/1.00 L1_SingleMu25/1.00 L1_SingleMu6er1p5/0.00 L1_SingleMu7er1p5/0.00 L1_SingleMu8er1p5/0.00 L1_SingleMu9er1p5/1.00 L1_SingleMu10er1p5/1.00 L1_SingleMu12er1p5/1.00 L1_SingleMu14er1p5/1.00 L1_SingleMu18er1p5/1.00
322356,777,6,5.00,HLT_Mu8_IP6_part0_v2/5,OR,L1_SingleMu22/1.00 L1_SingleMu25/1.00 L1_SingleMu6er1p5/0.00 L1_SingleMu7er1p5/0.00 L1_SingleMu8er1p5/1.00 L1_SingleMu9er1p5/1.00 L1_SingleMu10er1p5/1.00 L1_SingleMu12er1p5/1.00 L1_SingleMu14er1p5/1.00 L1_SingleMu18er1p5/1.00
322381,1,2,0.00,HLT_Mu8_IP6_part0_v2/0,OR,L1_SingleMu22/1.00 L1_SingleMu25/1.00 L1_SingleMu6er1p5/0.00 L1_SingleMu7er1p5/0.00 L1_SingleMu8er1p5/0.00 L1_SingleMu9er1p5/0.00 L1_SingleMu10er1p5/0.00 L1_SingleMu12er1p5/0.00 L1_SingleMu14er1p5/0.00 L1_SingleMu18er1p5/0.00
322381,142,3,0.00,HLT_Mu8_IP6_part0_v2/0,OR,L1_SingleMu22/1.00 L1_SingleMu25/1.00 L1_SingleMu6er1p5/0.00 L1_SingleMu7er1p5/0.00 L1_SingleMu8er1p5/0.00 L1_SingleMu9er1p5/0.00 L1_SingleMu10er1p5/0.00 L1_SingleMu12er1p5/1.00 L1_SingleMu14er1p5/0.00 L1_SingleMu18er1p5/0.00
322381,342,4,0.00,HLT_Mu8_IP6_part0_v2/0,OR,L1_SingleMu22/1.00 L1_SingleMu25/1.00 L1_SingleMu6er1p5/0.00 L1_SingleMu7er1p5/0.00 L1_SingleMu8er1p5/0.00 L1_SingleMu9er1p5/0.00 L1_SingleMu10er1p5/1.00 L1_SingleMu12er1p5/1.00 L1_SingleMu14er1p5/1.00 L1_SingleMu18er1p5/1.00
322381,570,5,0.00,HLT_Mu8_IP6_part0_v2/0,OR,L1_SingleMu22/1.00 L1_SingleMu25/1.00 L1_SingleMu6er1p5/0.00 L1_SingleMu7er1p5/0.00 L1_SingleMu8er1p5/0.00 L1_SingleMu9er1p5/1.00 L1_SingleMu10er1p5/1.00 L1_SingleMu12er1p5/1.00 L1_SingleMu14er1p5/1.00 L1_SingleMu18er1p5/1.00
322381,1,2,0.00,HLT_Mu8_IP6_part0_v2/0,OR,L1_SingleMu22/1.00 L1_SingleMu25/1.00 L1_SingleMu6er1p5/0.00 L1_SingleMu7er1p5/0.00 L1_SingleMu8er1p5/0.00 L1_SingleMu9er1p5/0.00 L1_SingleMu10er1p5/0.00 L1_SingleMu12er1p5/0.00 L1_SingleMu14er1p5/0.00 L1_SingleMu18er1p5/0.00
322381,142,3,0.00,HLT_Mu8_IP6_part0_v2/0,OR,L1_SingleMu22/1.00 L1_SingleMu25/1.00 L1_SingleMu6er1p5/0.00 L1_SingleMu7er1p5/0.00 L1_SingleMu8er1p5/0.00 L1_SingleMu9er1p5/0.00 L1_SingleMu10er1p5/0.00 L1_SingleMu12er1p5/1.00 L1_SingleMu14er1p5/0.00 L1_SingleMu18er1p5/0.00
322381,342,4,0.00,HLT_Mu8_IP6_part0_v2/0,OR,L1_SingleMu22/1.00 L1_SingleMu25/1.00 L1_SingleMu6er1p5/0.00 L1_SingleMu7er1p5/0.00 L1_SingleMu8er1p5/0.00 L1_SingleMu9er1p5/0.00 L1_SingleMu10er1p5/1.00 L1_SingleMu12er1p5/1.00 L1_SingleMu14er1p5/1.00 L1_SingleMu18er1p5/1.00
322381,570,5,0.00,HLT_Mu8_IP6_part0_v2/0,OR,L1_SingleMu22/1.00 L1_SingleMu25/1.00 L1_SingleMu6er1p5/0.00 L1_SingleMu7er1p5/0.00 L1_SingleMu8er1p5/0.00 L1_SingleMu9er1p5/1.00 L1_SingleMu10er1p5/1.00 L1_SingleMu12er1p5/1.00 L1_SingleMu14er1p5/1.00 L1_SingleMu18er1p5/1.00
322381,1,2,0.00,HLT_Mu8_IP6_part0_v2/0,OR,L1_SingleMu22/1.00 L1_SingleMu25/1.00 L1_SingleMu6er1p5/0.00 L1_SingleMu7er1p5/0.00 L1_SingleMu8er1p5/0.00 L1_SingleMu9er1p5/0.00 L1_SingleMu10er1p5/0.00 L1_SingleMu12er1p5/0.00 L1_SingleMu14er1p5/0.00 L1_SingleMu18er1p5/0.00
322381,142,3,0.00,HLT_Mu8_IP6_part0_v2/0,OR,L1_SingleMu22/1.00 L1_SingleMu25/1.00 L1_SingleMu6er1p5/0.00 L1_SingleMu7er1p5/0.00 L1_SingleMu8er1p5/0.00 L1_SingleMu9er1p5/0.00 L1_SingleMu10er1p5/0.00 L1_SingleMu12er1p5/1.00 L1_SingleMu14er1p5/0.00 L1_SingleMu18er1p5/0.00
322381,342,4,0.00,HLT_Mu8_IP6_part0_v2/0,OR,L1_SingleMu22/1.00 L1_SingleMu25/1.00 L1_SingleMu6er1p5/0.00 L1_SingleMu7er1p5/0.00 L1_SingleMu8er1p5/0.00 L1_SingleMu9er1p5/0.00 L1_SingleMu10er1p5/1.00 L1_SingleMu12er1p5/1.00 L1_SingleMu14er1p5/1.00 L1_SingleMu18er1p5/1.00
322381,570,5,0.00,HLT_Mu8_IP6_part0_v2/0,OR,L1_SingleMu22/1.00 L1_SingleMu25/1.00 L1_SingleMu6er1p5/0.00 L1_SingleMu7er1p5/0.00 L1_SingleMu8er1p5/0.00 L1_SingleMu9er1p5/1.00 L1_SingleMu10er1p5/1.00 L1_SingleMu12er1p5/1.00 L1_SingleMu14er1p5/1.00 L1_SingleMu18er1p5/1.00
322407,1,2,0.00,HLT_Mu8_IP6_part0_v2/0,OR,L1_SingleMu22/1.00 L1_SingleMu25/1.00 L1_SingleMu6er1p5/0.00 L1_SingleMu7er1p5/0.00 L1_SingleMu8er1p5/0.00 L1_SingleMu9er1p5/0.00 L1_SingleMu10er1p5/0.00 L1_SingleMu12er1p5/0.00 L1_SingleMu14er1p5/0.00 L1_SingleMu18er1p5/0.00
322407,90,3,0.00,HLT_Mu8_IP6_part0_v2/0,OR,L1_SingleMu22/1.00 L1_SingleMu25/1.00 L1_SingleMu6er1p5/0.00 L1_SingleMu7er1p5/0.00 L1_SingleMu8er1p5/0.00 L1_SingleMu9er1p5/0.00 L1_SingleMu10er1p5/0.00 L1_SingleMu12er1p5/1.00 L1_SingleMu14er1p5/0.00 L1_SingleMu18er1p5/0.00
322407,214,4,0.00,HLT_Mu8_IP6_part0_v2/0,OR,L1_SingleMu22/1.00 L1_SingleMu25/1.00 L1_SingleMu6er1p5/0.00 L1_SingleMu7er1p5/0.00 L1_SingleMu8er1p5/0.00 L1_SingleMu9er1p5/0.00 L1_SingleMu10er1p5/1.00 L1_SingleMu12er1p5/1.00 L1_SingleMu14er1p5/1.00 L1_SingleMu18er1p5/1.00
322407,1,2,0.00,HLT_Mu8_IP6_part0_v2/0,OR,L1_SingleMu22/1.00 L1_SingleMu25/1.00 L1_SingleMu6er1p5/0.00 L1_SingleMu7er1p5/0.00 L1_SingleMu8er1p5/0.00 L1_SingleMu9er1p5/0.00 L1_SingleMu10er1p5/0.00 L1_SingleMu12er1p5/0.00 L1_SingleMu14er1p5/0.00 L1_SingleMu18er1p5/0.00
322407,90,3,0.00,HLT_Mu8_IP6_part0_v2/0,OR,L1_SingleMu22/1.00 L1_SingleMu25/1.00 L1_SingleMu6er1p5/0.00 L1_SingleMu7er1p5/0.00 L1_SingleMu8er1p5/0.00 L1_SingleMu9er1p5/0.00 L1_SingleMu10er1p5/0.00 L1_SingleMu12er1p5/1.00 L1_SingleMu14er1p5/0.00 L1_SingleMu18er1p5/0.00
322407,214,4,0.00,HLT_Mu8_IP6_part0_v2/0,OR,L1_SingleMu22/1.00 L1_SingleMu25/1.00 L1_SingleMu6er1p5/0.00 L1_SingleMu7er1p5/0.00 L1_SingleMu8er1p5/0.00 L1_SingleMu9er1p5/0.00 L1_SingleMu10er1p5/1.00 L1_SingleMu12er1p5/1.00 L1_SingleMu14er1p5/1.00 L1_SingleMu18er1p5/1.00
322430,1,2,0.00,HLT_Mu8_IP6_part0_v2/0,OR,L1_SingleMu22/1.00 L1_SingleMu25/1.00 L1_SingleMu6er1p5/0.00 L1_SingleMu7er1p5/0.00 L1_SingleMu8er1p5/0.00 L1_SingleMu9er1p5/0.00 L1_SingleMu10er1p5/0.00 L1_SingleMu12er1p5/0.00 L1_SingleMu14er1p5/0.00 L1_SingleMu18er1p5/0.00
322430,178,3,0.00,HLT_Mu8_IP6_part0_v2/0,OR,L1_SingleMu22/1.00 L1_SingleMu25/1.00 L1_SingleMu6er1p5/0.00 L1_SingleMu7er1p5/0.00 L1_SingleMu8er1p5/0.00 L1_SingleMu9er1p5/0.00 L1_SingleMu10er1p5/0.00 L1_SingleMu12er1p5/1.00 L1_SingleMu14er1p5/0.00 L1_SingleMu18er1p5/0.00
322430,353,4,0.00,HLT_Mu8_IP6_part0_v2/0,OR,L1_SingleMu22/1.00 L1_SingleMu25/1.00 L1_SingleMu6er1p5/0.00 L1_SingleMu7er1p5/0.00 L1_SingleMu8er1p5/0.00 L1_SingleMu9er1p5/0.00 L1_SingleMu10er1p5/1.00 L1_SingleMu12er1p5/1.00 L1_SingleMu14er1p5/1.00 L1_SingleMu18er1p5/1.00
322430,614,5,0.00,HLT_Mu8_IP6_part0_v2/0,OR,L1_SingleMu22/1.00 L1_SingleMu25/1.00 L1_SingleMu6er1p5/0.00 L1_SingleMu7er1p5/0.00 L1_SingleMu8er1p5/0.00 L1_SingleMu9er1p5/1.00 L1_SingleMu10er1p5/1.00 L1_SingleMu12er1p5/1.00 L1_SingleMu14er1p5/1.00 L1_SingleMu18er1p5/1.00
322430,1,2,0.00,HLT_Mu8_IP6_part0_v2/0,OR,L1_SingleMu22/1.00 L1_SingleMu25/1.00 L1_SingleMu6er1p5/0.00 L1_SingleMu7er1p5/0.00 L1_SingleMu8er1p5/0.00 L1_SingleMu9er1p5/0.00 L1_SingleMu10er1p5/0.00 L1_SingleMu12er1p5/0.00 L1_SingleMu14er1p5/0.00 L1_SingleMu18er1p5/0.00
322430,178,3,0.00,HLT_Mu8_IP6_part0_v2/0,OR,L1_SingleMu22/1.00 L1_SingleMu25/1.00 L1_SingleMu6er1p5/0.00 L1_SingleMu7er1p5/0.00 L1_SingleMu8er1p5/0.00 L1_SingleMu9er1p5/0.00 L1_SingleMu10er1p5/0.00 L1_SingleMu12er1p5/1.00 L1_SingleMu14er1p5/0.00 L1_SingleMu18er1p5/0.00
322430,353,4,0.00,HLT_Mu8_IP6_part0_v2/0,OR,L1_SingleMu22/1.00 L1_SingleMu25/1.00 L1_SingleMu6er1p5/0.00 L1_SingleMu7er1p5/0.00 L1_SingleMu8er1p5/0.00 L1_SingleMu9er1p5/0.00 L1_SingleMu10er1p5/1.00 L1_SingleMu12er1p5/1.00 L1_SingleMu14er1p5/1.00 L1_SingleMu18er1p5/1.00
322430,614,5,0.00,HLT_Mu8_IP6_part0_v2/0,OR,L1_SingleMu22/1.00 L1_SingleMu25/1.00 L1_SingleMu6er1p5/0.00 L1_SingleMu7er1p5/0.00 L1_SingleMu8er1p5/0.00 L1_SingleMu9er1p5/1.00 L1_SingleMu10er1p5/1.00 L1_SingleMu12er1p5/1.00 L1_SingleMu14er1p5/1.00 L1_SingleMu18er1p5/1.00
322430,1,2,0.00,HLT_Mu8_IP6_part0_v2/0,OR,L1_SingleMu22/1.00 L1_SingleMu25/1.00 L1_SingleMu6er1p5/0.00 L1_SingleMu7er1p5/0.00 L1_SingleMu8er1p5/0.00 L1_SingleMu9er1p5/0.00 L1_SingleMu10er1p5/0.00 L1_SingleMu12er1p5/0.00 L1_SingleMu14er1p5/0.00 L1_SingleMu18er1p5/0.00
322430,178,3,0.00,HLT_Mu8_IP6_part0_v2/0,OR,L1_SingleMu22/1.00 L1_SingleMu25/1.00 L1_SingleMu6er1p5/0.00 L1_SingleMu7er1p5/0.00 L1_SingleMu8er1p5/0.00 L1_SingleMu9er1p5/0.00 L1_SingleMu10er1p5/0.00 L1_SingleMu12er1p5/1.00 L1_SingleMu14er1p5/0.00 L1_SingleMu18er1p5/0.00
322430,353,4,0.00,HLT_Mu8_IP6_part0_v2/0,OR,L1_SingleMu22/1.00 L1_SingleMu25/1.00 L1_SingleMu6er1p5/0.00 L1_SingleMu7er1p5/0.00 L1_SingleMu8er1p5/0.00 L1_SingleMu9er1p5/0.00 L1_SingleMu10er1p5/1.00 L1_SingleMu12er1p5/1.00 L1_SingleMu14er1p5/1.00 L1_SingleMu18er1p5/1.00
322430,614,5,0.00,HLT_Mu8_IP6_part0_v2/0,OR,L1_SingleMu22/1.00 L1_SingleMu25/1.00 L1_SingleMu6er1p5/0.00 L1_SingleMu7er1p5/0.00 L1_SingleMu8er1p5/0.00 L1_SingleMu9er1p5/1.00 L1_SingleMu10er1p5/1.00 L1_SingleMu12er1p5/1.00 L1_SingleMu14er1p5/1.00 L1_SingleMu18er1p5/1.00
322431,1,5,0.00,HLT_Mu8_IP6_part0_v2/0,OR,L1_SingleMu22/1.00 L1_SingleMu25/1.00 L1_SingleMu6er1p5/0.00 L1_SingleMu7er1p5/0.00 L1_SingleMu8er1p5/0.00 L1_SingleMu9er1p5/1.00 L1_SingleMu10er1p5/1.00 L1_SingleMu12er1p5/1.00 L1_SingleMu14er1p5/1.00 L1_SingleMu18er1p5/1.00
322431,122,6,5.00,HLT_Mu8_IP6_part0_v2/5,OR,L1_SingleMu22/1.00 L1_SingleMu25/1.00 L1_SingleMu6er1p5/0.00 L1_SingleMu7er1p5/0.00 L1_SingleMu8er1p5/1.00 L1_SingleMu9er1p5/1.00 L1_SingleMu10er1p5/1.00 L1_SingleMu12er1p5/1.00 L1_SingleMu14er1p5/1.00 L1_SingleMu18er1p5/1.00
322431,516,7,5.00,HLT_Mu8_IP6_part0_v2/5,OR,L1_SingleMu22/1.00 L1_SingleMu25/1.00 L1_SingleMu6er1p5/0.00 L1_SingleMu7er1p5/1.00 L1_SingleMu8er1p5/1.00 L1_SingleMu9er1p5/1.00 L1_SingleMu10er1p5/1.00 L1_SingleMu12er1p5/1.00 L1_SingleMu14er1p5/1.00 L1_SingleMu18er1p5/1.00
322431,1,5,0.00,HLT_Mu8_IP6_part0_v2/0,OR,L1_SingleMu22/1.00 L1_SingleMu25/1.00 L1_SingleMu6er1p5/0.00 L1_SingleMu7er1p5/0.00 L1_SingleMu8er1p5/0.00 L1_SingleMu9er1p5/1.00 L1_SingleMu10er1p5/1.00 L1_SingleMu12er1p5/1.00 L1_SingleMu14er1p5/1.00 L1_SingleMu18er1p5/1.00
322431,122,6,5.00,HLT_Mu8_IP6_part0_v2/5,OR,L1_SingleMu22/1.00 L1_SingleMu25/1.00 L1_SingleMu6er1p5/0.00 L1_SingleMu7er1p5/0.00 L1_SingleMu8er1p5/1.00 L1_SingleMu9er1p5/1.00 L1_SingleMu10er1p5/1.00 L1_SingleMu12er1p5/1.00 L1_SingleMu14er1p5/1.00 L1_SingleMu18er1p5/1.00
322431,516,7,5.00,HLT_Mu8_IP6_part0_v2/5,OR,L1_SingleMu22/1.00 L1_SingleMu25/1.00 L1_SingleMu6er1p5/0.00 L1_SingleMu7er1p5/1.00 L1_SingleMu8er1p5/1.00 L1_SingleMu9er1p5/1.00 L1_SingleMu10er1p5/1.00 L1_SingleMu12er1p5/1.00 L1_SingleMu14er1p5/1.00 L1_SingleMu18er1p5/1.00
322431,1,5,0.00,HLT_Mu8_IP6_part0_v2/0,OR,L1_SingleMu22/1.00 L1_SingleMu25/1.00 L1_SingleMu6er1p5/0.00 L1_SingleMu7er1p5/0.00 L1_SingleMu8er1p5/0.00 L1_SingleMu9er1p5/1.00 L1_SingleMu10er1p5/1.00 L1_SingleMu12er1p5/1.00 L1_SingleMu14er1p5/1.00 L1_SingleMu18er1p5/1.00
322431,122,6,5.00,HLT_Mu8_IP6_part0_v2/5,OR,L1_SingleMu22/1.00 L1_SingleMu25/1.00 L1_SingleMu6er1p5/0.00 L1_SingleMu7er1p5/0.00 L1_SingleMu8er1p5/1.00 L1_SingleMu9er1p5/1.00 L1_SingleMu10er1p5/1.00 L1_SingleMu12er1p5/1.00 L1_SingleMu14er1p5/1.00 L1_SingleMu18er1p5/1.00
322431,516,7,5.00,HLT_Mu8_IP6_part0_v2/5,OR,L1_SingleMu22/1.00 L1_SingleMu25/1.00 L1_SingleMu6er1p5/0.00 L1_SingleMu7er1p5/1.00 L1_SingleMu8er1p5/1.00 L1_SingleMu9er1p5/1.00 L1_SingleMu10er1p5/1.00 L1_SingleMu12er1p5/1.00 L1_SingleMu14er1p5/1.00 L1_SingleMu18er1p5/1.00
322480,1,2,0.00,HLT_Mu8_IP6_part0_v2/0,OR,L1_SingleMu22/1.00 L1_SingleMu25/1.00 L1_SingleMu6er1p5/0.00 L1_SingleMu7er1p5/0.00 L1_SingleMu8er1p5/0.00 L1_SingleMu9er1p5/0.00 L1_SingleMu10er1p5/0.00 L1_SingleMu12er1p5/0.00 L1_SingleMu14er1p5/0.00 L1_SingleMu18er1p5/0.00
322480,78,3,0.00,HLT_Mu8_IP6_part0_v2/0,OR,L1_SingleMu22/1.00 L1_SingleMu25/1.00 L1_SingleMu6er1p5/0.00 L1_SingleMu7er1p5/0.00 L1_SingleMu8er1p5/0.00 L1_SingleMu9er1p5/0.00 L1_SingleMu10er1p5/0.00 L1_SingleMu12er1p5/1.00 L1_SingleMu14er1p5/0.00 L1_SingleMu18er1p5/0.00
322480,290,4,0.00,HLT_Mu8_IP6_part0_v2/0,OR,L1_SingleMu22/1.00 L1_SingleMu25/1.00 L1_SingleMu6er1p5/0.00 L1_SingleMu7er1p5/0.00 L1_SingleMu8er1p5/0.00 L1_SingleMu9er1p5/0.00 L1_SingleMu10er1p5/1.00 L1_SingleMu12er1p5/1.00 L1_SingleMu14er1p5/1.00 L1_SingleMu18er1p5/1.00
322480,1,2,0.00,HLT_Mu8_IP6_part0_v2/0,OR,L1_SingleMu22/1.00 L1_SingleMu25/1.00 L1_SingleMu6er1p5/0.00 L1_SingleMu7er1p5/0.00 L1_SingleMu8er1p5/0.00 L1_SingleMu9er1p5/0.00 L1_SingleMu10er1p5/0.00 L1_SingleMu12er1p5/0.00 L1_SingleMu14er1p5/0.00 L1_SingleMu18er1p5/0.00
322480,78,3,0.00,HLT_Mu8_IP6_part0_v2/0,OR,L1_SingleMu22/1.00 L1_SingleMu25/1.00 L1_SingleMu6er1p5/0.00 L1_SingleMu7er1p5/0.00 L1_SingleMu8er1p5/0.00 L1_SingleMu9er1p5/0.00 L1_SingleMu10er1p5/0.00 L1_SingleMu12er1p5/1.00 L1_SingleMu14er1p5/0.00 L1_SingleMu18er1p5/0.00
322480,290,4,0.00,HLT_Mu8_IP6_part0_v2/0,OR,L1_SingleMu22/1.00 L1_SingleMu25/1.00 L1_SingleMu6er1p5/0.00 L1_SingleMu7er1p5/0.00 L1_SingleMu8er1p5/0.00 L1_SingleMu9er1p5/0.00 L1_SingleMu10er1p5/1.00 L1_SingleMu12er1p5/1.00 L1_SingleMu14er1p5/1.00 L1_SingleMu18er1p5/1.00
322492,1,2,0.00,HLT_Mu8_IP6_part0_v2/0,OR,L1_SingleMu22/1.00 L1_SingleMu25/1.00 L1_SingleMu6er1p5/0.00 L1_SingleMu7er1p5/0.00 L1_SingleMu8er1p5/0.00 L1_SingleMu9er1p5/0.00 L1_SingleMu10er1p5/0.00 L1_SingleMu12er1p5/0.00 L1_SingleMu14er1p5/0.00 L1_SingleMu18er1p5/0.00
322492,7,5,0.00,HLT_Mu8_IP6_part0_v2/0,OR,L1_SingleMu22/1.00 L1_SingleMu25/1.00 L1_SingleMu6er1p5/0.00 L1_SingleMu7er1p5/0.00 L1_SingleMu8er1p5/0.00 L1_SingleMu9er1p5/1.00 L1_SingleMu10er1p5/1.00 L1_SingleMu12er1p5/1.00 L1_SingleMu14er1p5/1.00 L1_SingleMu18er1p5/1.00
322492,300,6,5.00,HLT_Mu8_IP6_part0_v2/5,OR,L1_SingleMu22/1.00 L1_SingleMu25/1.00 L1_SingleMu6er1p5/0.00 L1_SingleMu7er1p5/0.00 L1_SingleMu8er1p5/1.00 L1_SingleMu9er1p5/1.00 L1_SingleMu10er1p5/1.00 L1_SingleMu12er1p5/1.00 L1_SingleMu14er1p5/1.00 L1_SingleMu18er1p5/1.00
322492,701,7,5.00,HLT_Mu8_IP6_part0_v2/5,OR,L1_SingleMu22/1.00 L1_SingleMu25/1.00 L1_SingleMu6er1p5/0.00 L1_SingleMu7er1p5/1.00 L1_SingleMu8er1p5/1.00 L1_SingleMu9er1p5/1.00 L1_SingleMu10er1p5/1.00 L1_SingleMu12er1p5/1.00 L1_SingleMu14er1p5/1.00 L1_SingleMu18er1p5/1.00
322492,1,2,0.00,HLT_Mu8_IP6_part0_v2/0,OR,L1_SingleMu22/1.00 L1_SingleMu25/1.00 L1_SingleMu6er1p5/0.00 L1_SingleMu7er1p5/0.00 L1_SingleMu8er1p5/0.00 L1_SingleMu9er1p5/0.00 L1_SingleMu10er1p5/0.00 L1_SingleMu12er1p5/0.00 L1_SingleMu14er1p5/0.00 L1_SingleMu18er1p5/0.00
322492,7,5,0.00,HLT_Mu8_IP6_part0_v2/0,OR,L1_SingleMu22/1.00 L1_SingleMu25/1.00 L1_SingleMu6er1p5/0.00 L1_SingleMu7er1p5/0.00 L1_SingleMu8er1p5/0.00 L1_SingleMu9er1p5/1.00 L1_SingleMu10er1p5/1.00 L1_SingleMu12er1p5/1.00 L1_SingleMu14er1p5/1.00 L1_SingleMu18er1p5/1.00
322492,300,6,5.00,HLT_Mu8_IP6_part0_v2/5,OR,L1_SingleMu22/1.00 L1_SingleMu25/1.00 L1_SingleMu6er1p5/0.00 L1_SingleMu7er1p5/0.00 L1_SingleMu8er1p5/1.00 L1_SingleMu9er1p5/1.00 L1_SingleMu10er1p5/1.00 L1_SingleMu12er1p5/1.00 L1_SingleMu14er1p5/1.00 L1_SingleMu18er1p5/1.00
322492,701,7,5.00,HLT_Mu8_IP6_part0_v2/5,OR,L1_SingleMu22/1.00 L1_SingleMu25/1.00 L1_SingleMu6er1p5/0.00 L1_SingleMu7er1p5/1.00 L1_SingleMu8er1p5/1.00 L1_SingleMu9er1p5/1.00 L1_SingleMu10er1p5/1.00 L1_SingleMu12er1p5/1.00 L1_SingleMu14er1p5/1.00 L1_SingleMu18er1p5/1.00
322492,1,2,0.00,HLT_Mu8_IP6_part0_v2/0,OR,L1_SingleMu22/1.00 L1_SingleMu25/1.00 L1_SingleMu6er1p5/0.00 L1_SingleMu7er1p5/0.00 L1_SingleMu8er1p5/0.00 L1_SingleMu9er1p5/0.00 L1_SingleMu10er1p5/0.00 L1_SingleMu12er1p5/0.00 L1_SingleMu14er1p5/0.00 L1_SingleMu18er1p5/0.00
322492,7,5,0.00,HLT_Mu8_IP6_part0_v2/0,OR,L1_SingleMu22/1.00 L1_SingleMu25/1.00 L1_SingleMu6er1p5/0.00 L1_SingleMu7er1p5/0.00 L1_SingleMu8er1p5/0.00 L1_SingleMu9er1p5/1.00 L1_SingleMu10er1p5/1.00 L1_SingleMu12er1p5/1.00 L1_SingleMu14er1p5/1.00 L1_SingleMu18er1p5/1.00
322492,300,6,5.00,HLT_Mu8_IP6_part0_v2/5,OR,L1_SingleMu22/1.00 L1_SingleMu25/1.00 L1_SingleMu6er1p5/0.00 L1_SingleMu7er1p5/0.00 L1_SingleMu8er1p5/1.00 L1_SingleMu9er1p5/1.00 L1_SingleMu10er1p5/1.00 L1_SingleMu12er1p5/1.00 L1_SingleMu14er1p5/1.00 L1_SingleMu18er1p5/1.00
322492,701,7,5.00,HLT_Mu8_IP6_part0_v2/5,OR,L1_SingleMu22/1.00 L1_SingleMu25/1.00 L1_SingleMu6er1p5/0.00 L1_SingleMu7er1p5/1.00 L1_SingleMu8er1p5/1.00 L1_SingleMu9er1p5/1.00 L1_SingleMu10er1p5/1.00 L1_SingleMu12er1p5/1.00 L1_SingleMu14er1p5/1.00 L1_SingleMu18er1p5/1.00
322599,1,2,0.00,HLT_Mu8_IP6_part0_v2/0,OR,L1_SingleMu22/1.00 L1_SingleMu25/1.00 L1_SingleMu6er1p5/0.00 L1_SingleMu7er1p5/0.00 L1_SingleMu8er1p5/0.00 L1_SingleMu9er1p5/0.00 L1_SingleMu10er1p5/0.00 L1_SingleMu12er1p5/0.00 L1_SingleMu14er1p5/0.00 L1_SingleMu18er1p5/0.00
322599,232,3,0.00,HLT_Mu8_IP6_part0_v2/0,OR,L1_SingleMu22/1.00 L1_SingleMu25/1.00 L1_SingleMu6er1p5/0.00 L1_SingleMu7er1p5/0.00 L1_SingleMu8er1p5/0.00 L1_SingleMu9er1p5/0.00 L1_SingleMu10er1p5/0.00 L1_SingleMu12er1p5/1.00 L1_SingleMu14er1p5/0.00 L1_SingleMu18er1p5/0.00
322602,1,3,0.00,HLT_Mu8_IP6_part0_v2/0,OR,L1_SingleMu22/1.00 L1_SingleMu25/1.00 L1_SingleMu6er1p5/0.00 L1_SingleMu7er1p5/0.00 L1_SingleMu8er1p5/0.00 L1_SingleMu9er1p5/0.00 L1_SingleMu10er1p5/0.00 L1_SingleMu12er1p5/1.00 L1_SingleMu14er1p5/0.00 L1_SingleMu18er1p5/0.00
322603,1,3,0.00,HLT_Mu8_IP6_part0_v2/0,OR,L1_SingleMu22/1.00 L1_SingleMu25/1.00 L1_SingleMu6er1p5/0.00 L1_SingleMu7er1p5/0.00 L1_SingleMu8er1p5/0.00 L1_SingleMu9er1p5/0.00 L1_SingleMu10er1p5/0.00 L1_SingleMu12er1p5/1.00 L1_SingleMu14er1p5/0.00 L1_SingleMu18er1p5/0.00
322605,1,3,0.00,HLT_Mu8_IP6_part0_v2/0,OR,L1_SingleMu22/1.00 L1_SingleMu25/1.00 L1_SingleMu6er1p5/0.00 L1_SingleMu7er1p5/0.00 L1_SingleMu8er1p5/0.00 L1_SingleMu9er1p5/0.00 L1_SingleMu10er1p5/0.00 L1_SingleMu12er1p5/1.00 L1_SingleMu14er1p5/0.00 L1_SingleMu18er1p5/0.00
322605,65,4,0.00,HLT_Mu8_IP6_part0_v2/0,OR,L1_SingleMu22/1.00 L1_SingleMu25/1.00 L1_SingleMu6er1p5/0.00 L1_SingleMu7er1p5/0.00 L1_SingleMu8er1p5/0.00 L1_SingleMu9er1p5/0.00 L1_SingleMu10er1p5/1.00 L1_SingleMu12er1p5/1.00 L1_SingleMu14er1p5/1.00 L1_SingleMu18er1p5/1.00
322605,1,3,0.00,HLT_Mu8_IP6_part0_v2/0,OR,L1_SingleMu22/1.00 L1_SingleMu25/1.00 L1_SingleMu6er1p5/0.00 L1_SingleMu7er1p5/0.00 L1_SingleMu8er1p5/0.00 L1_SingleMu9er1p5/0.00 L1_SingleMu10er1p5/0.00 L1_SingleMu12er1p5/1.00 L1_SingleMu14er1p5/0.00 L1_SingleMu18er1p5/0.00
322605,65,4,0.00,HLT_Mu8_IP6_part0_v2/0,OR,L1_SingleMu22/1.00 L1_SingleMu25/1.00 L1_SingleMu6er1p5/0.00 L1_SingleMu7er1p5/0.00 L1_SingleMu8er1p5/0.00 L1_SingleMu9er1p5/0.00 L1_SingleMu10er1p5/1.00 L1_SingleMu12er1p5/1.00 L1_SingleMu14er1p5/1.00 L1_SingleMu18er1p5/1.00
322617,1,2,0.00,HLT_Mu8_IP6_part0_v2/0,OR,L1_SingleMu22/1.00 L1_SingleMu25/1.00 L1_SingleMu6er1p5/0.00 L1_SingleMu7er1p5/0.00 L1_SingleMu8er1p5/0.00 L1_SingleMu9er1p5/0.00 L1_SingleMu10er1p5/0.00 L1_SingleMu12er1p5/0.00 L1_SingleMu14er1p5/0.00 L1_SingleMu18er1p5/0.00
322617,3,5,0.00,HLT_Mu8_IP6_part0_v2/0,OR,L1_SingleMu22/1.00 L1_SingleMu25/1.00 L1_SingleMu6er1p5/0.00 L1_SingleMu7er1p5/0.00 L1_SingleMu8er1p5/0.00 L1_SingleMu9er1p5/1.00 L1_SingleMu10er1p5/1.00 L1_SingleMu12er1p5/1.00 L1_SingleMu14er1p5/1.00 L1_SingleMu18er1p5/1.00
322617,175,6,5.00,HLT_Mu8_IP6_part0_v2/5,OR,L1_SingleMu22/1.00 L1_SingleMu25/1.00 L1_SingleMu6er1p5/0.00 L1_SingleMu7er1p5/0.00 L1_SingleMu8er1p5/1.00 L1_SingleMu9er1p5/1.00 L1_SingleMu10er1p5/1.00 L1_SingleMu12er1p5/1.00 L1_SingleMu14er1p5/1.00 L1_SingleMu18er1p5/1.00
322617,510,7,5.00,HLT_Mu8_IP6_part0_v2/5,OR,L1_SingleMu22/1.00 L1_SingleMu25/1.00 L1_SingleMu6er1p5/0.00 L1_SingleMu7er1p5/1.00 L1_SingleMu8er1p5/1.00 L1_SingleMu9er1p5/1.00 L1_SingleMu10er1p5/1.00 L1_SingleMu12er1p5/1.00 L1_SingleMu14er1p5/1.00 L1_SingleMu18er1p5/1.00
322617,563,6,5.00,HLT_Mu8_IP6_part0_v2/5,OR,L1_SingleMu22/1.00 L1_SingleMu25/1.00 L1_SingleMu6er1p5/0.00 L1_SingleMu7er1p5/0.00 L1_SingleMu8er1p5/1.00 L1_SingleMu9er1p5/1.00 L1_SingleMu10er1p5/1.00 L1_SingleMu12er1p5/1.00 L1_SingleMu14er1p5/1.00 L1_SingleMu18er1p5/1.00
322617,1,2,0.00,HLT_Mu8_IP6_part0_v2/0,OR,L1_SingleMu22/1.00 L1_SingleMu25/1.00 L1_SingleMu6er1p5/0.00 L1_SingleMu7er1p5/0.00 L1_SingleMu8er1p5/0.00 L1_SingleMu9er1p5/0.00 L1_SingleMu10er1p5/0.00 L1_SingleMu12er1p5/0.00 L1_SingleMu14er1p5/0.00 L1_SingleMu18er1p5/0.00
322617,3,5,0.00,HLT_Mu8_IP6_part0_v2/0,OR,L1_SingleMu22/1.00 L1_SingleMu25/1.00 L1_SingleMu6er1p5/0.00 L1_SingleMu7er1p5/0.00 L1_SingleMu8er1p5/0.00 L1_SingleMu9er1p5/1.00 L1_SingleMu10er1p5/1.00 L1_SingleMu12er1p5/1.00 L1_SingleMu14er1p5/1.00 L1_SingleMu18er1p5/1.00
322617,175,6,5.00,HLT_Mu8_IP6_part0_v2/5,OR,L1_SingleMu22/1.00 L1_SingleMu25/1.00 L1_SingleMu6er1p5/0.00 L1_SingleMu7er1p5/0.00 L1_SingleMu8er1p5/1.00 L1_SingleMu9er1p5/1.00 L1_SingleMu10er1p5/1.00 L1_SingleMu12er1p5/1.00 L1_SingleMu14er1p5/1.00 L1_SingleMu18er1p5/1.00
322617,510,7,5.00,HLT_Mu8_IP6_part0_v2/5,OR,L1_SingleMu22/1.00 L1_SingleMu25/1.00 L1_SingleMu6er1p5/0.00 L1_SingleMu7er1p5/1.00 L1_SingleMu8er1p5/1.00 L1_SingleMu9er1p5/1.00 L1_SingleMu10er1p5/1.00 L1_SingleMu12er1p5/1.00 L1_SingleMu14er1p5/1.00 L1_SingleMu18er1p5/1.00
322617,563,6,5.00,HLT_Mu8_IP6_part0_v2/5,OR,L1_SingleMu22/1.00 L1_SingleMu25/1.00 L1_SingleMu6er1p5/0.00 L1_SingleMu7er1p5/0.00 L1_SingleMu8er1p5/1.00 L1_SingleMu9er1p5/1.00 L1_SingleMu10er1p5/1.00 L1_SingleMu12er1p5/1.00 L1_SingleMu14er1p5/1.00 L1_SingleMu18er1p5/1.00
322617,1,2,0.00,HLT_Mu8_IP6_part0_v2/0,OR,L1_SingleMu22/1.00 L1_SingleMu25/1.00 L1_SingleMu6er1p5/0.00 L1_SingleMu7er1p5/0.00 L1_SingleMu8er1p5/0.00 L1_SingleMu9er1p5/0.00 L1_SingleMu10er1p5/0.00 L1_SingleMu12er1p5/0.00 L1_SingleMu14er1p5/0.00 L1_SingleMu18er1p5/0.00
322617,3,5,0.00,HLT_Mu8_IP6_part0_v2/0,OR,L1_SingleMu22/1.00 L1_SingleMu25/1.00 L1_SingleMu6er1p5/0.00 L1_SingleMu7er1p5/0.00 L1_SingleMu8er1p5/0.00 L1_SingleMu9er1p5/1.00 L1_SingleMu10er1p5/1.00 L1_SingleMu12er1p5/1.00 L1_SingleMu14er1p5/1.00 L1_SingleMu18er1p5/1.00
322617,175,6,5.00,HLT_Mu8_IP6_part0_v2/5,OR,L1_SingleMu22/1.00 L1_SingleMu25/1.00 L1_SingleMu6er1p5/0.00 L1_SingleMu7er1p5/0.00 L1_SingleMu8er1p5/1.00 L1_SingleMu9er1p5/1.00 L1_SingleMu10er1p5/1.00 L1_SingleMu12er1p5/1.00 L1_SingleMu14er1p5/1.00 L1_SingleMu18er1p5/1.00
322617,510,7,5.00,HLT_Mu8_IP6_part0_v2/5,OR,L1_SingleMu22/1.00 L1_SingleMu25/1.00 L1_SingleMu6er1p5/0.00 L1_SingleMu7er1p5/1.00 L1_SingleMu8er1p5/1.00 L1_SingleMu9er1p5/1.00 L1_SingleMu10er1p5/1.00 L1_SingleMu12er1p5/1.00 L1_SingleMu14er1p5/1.00 L1_SingleMu18er1p5/1.00
322617,563,6,5.00,HLT_Mu8_IP6_part0_v2/5,OR,L1_SingleMu22/1.00 L1_SingleMu25/1.00 L1_SingleMu6er1p5/0.00 L1_SingleMu7er1p5/0.00 L1_SingleMu8er1p5/1.00 L1_SingleMu9er1p5/1.00 L1_SingleMu10er1p5/1.00 L1_SingleMu12er1p5/1.00 L1_SingleMu14er1p5/1.00 L1_SingleMu18er1p5/1.00
322625,1,2,0.00,HLT_Mu8_IP6_part0_v2/0,OR,L1_SingleMu22/1.00 L1_SingleMu25/1.00 L1_SingleMu6er1p5/0.00 L1_SingleMu7er1p5/0.00 L1_SingleMu8er1p5/0.00 L1_SingleMu9er1p5/0.00 L1_SingleMu10er1p5/0.00 L1_SingleMu12er1p5/0.00 L1_SingleMu14er1p5/0.00 L1_SingleMu18er1p5/0.00
322625,178,3,0.00,HLT_Mu8_IP6_part0_v2/0,OR,L1_SingleMu22/1.00 L1_SingleMu25/1.00 L1_SingleMu6er1p5/0.00 L1_SingleMu7er1p5/0.00 L1_SingleMu8er1p5/0.00 L1_SingleMu9er1p5/0.00 L1_SingleMu10er1p5/0.00 L1_SingleMu12er1p5/1.00 L1_SingleMu14er1p5/0.00 L1_SingleMu18er1p5/0.00
322625,398,4,0.00,HLT_Mu8_IP6_part0_v2/0,OR,L1_SingleMu22/1.00 L1_SingleMu25/1.00 L1_SingleMu6er1p5/0.00 L1_SingleMu7er1p5/0.00 L1_SingleMu8er1p5/0.00 L1_SingleMu9er1p5/0.00 L1_SingleMu10er1p5/1.00 L1_SingleMu12er1p5/1.00 L1_SingleMu14er1p5/1.00 L1_SingleMu18er1p5/1.00
322625,663,5,0.00,HLT_Mu8_IP6_part0_v2/0,OR,L1_SingleMu22/1.00 L1_SingleMu25/1.00 L1_SingleMu6er1p5/0.00 L1_SingleMu7er1p5/0.00 L1_SingleMu8er1p5/0.00 L1_SingleMu9er1p5/1.00 L1_SingleMu10er1p5/1.00 L1_SingleMu12er1p5/1.00 L1_SingleMu14er1p5/1.00 L1_SingleMu18er1p5/1.00
322625,975,6,5.00,HLT_Mu8_IP6_part0_v2/5,OR,L1_SingleMu22/1.00 L1_SingleMu25/1.00 L1_SingleMu6er1p5/0.00 L1_SingleMu7er1p5/0.00 L1_SingleMu8er1p5/1.00 L1_SingleMu9er1p5/1.00 L1_SingleMu10er1p5/1.00 L1_SingleMu12er1p5/1.00 L1_SingleMu14er1p5/1.00 L1_SingleMu18er1p5/1.00
322625,1,2,0.00,HLT_Mu8_IP6_part0_v2/0,OR,L1_SingleMu22/1.00 L1_SingleMu25/1.00 L1_SingleMu6er1p5/0.00 L1_SingleMu7er1p5/0.00 L1_SingleMu8er1p5/0.00 L1_SingleMu9er1p5/0.00 L1_SingleMu10er1p5/0.00 L1_SingleMu12er1p5/0.00 L1_SingleMu14er1p5/0.00 L1_SingleMu18er1p5/0.00
322625,178,3,0.00,HLT_Mu8_IP6_part0_v2/0,OR,L1_SingleMu22/1.00 L1_SingleMu25/1.00 L1_SingleMu6er1p5/0.00 L1_SingleMu7er1p5/0.00 L1_SingleMu8er1p5/0.00 L1_SingleMu9er1p5/0.00 L1_SingleMu10er1p5/0.00 L1_SingleMu12er1p5/1.00 L1_SingleMu14er1p5/0.00 L1_SingleMu18er1p5/0.00
322625,398,4,0.00,HLT_Mu8_IP6_part0_v2/0,OR,L1_SingleMu22/1.00 L1_SingleMu25/1.00 L1_SingleMu6er1p5/0.00 L1_SingleMu7er1p5/0.00 L1_SingleMu8er1p5/0.00 L1_SingleMu9er1p5/0.00 L1_SingleMu10er1p5/1.00 L1_SingleMu12er1p5/1.00 L1_SingleMu14er1p5/1.00 L1_SingleMu18er1p5/1.00
322625,663,5,0.00,HLT_Mu8_IP6_part0_v2/0,OR,L1_SingleMu22/1.00 L1_SingleMu25/1.00 L1_SingleMu6er1p5/0.00 L1_SingleMu7er1p5/0.00 L1_SingleMu8er1p5/0.00 L1_SingleMu9er1p5/1.00 L1_SingleMu10er1p5/1.00 L1_SingleMu12er1p5/1.00 L1_SingleMu14er1p5/1.00 L1_SingleMu18er1p5/1.00
322625,975,6,5.00,HLT_Mu8_IP6_part0_v2/5,OR,L1_SingleMu22/1.00 L1_SingleMu25/1.00 L1_SingleMu6er1p5/0.00 L1_SingleMu7er1p5/0.00 L1_SingleMu8er1p5/1.00 L1_SingleMu9er1p5/1.00 L1_SingleMu10er1p5/1.00 L1_SingleMu12er1p5/1.00 L1_SingleMu14er1p5/1.00 L1_SingleMu18er1p5/1.00
322625,1,2,0.00,HLT_Mu8_IP6_part0_v2/0,OR,L1_SingleMu22/1.00 L1_SingleMu25/1.00 L1_SingleMu6er1p5/0.00 L1_SingleMu7er1p5/0.00 L1_SingleMu8er1p5/0.00 L1_SingleMu9er1p5/0.00 L1_SingleMu10er1p5/0.00 L1_SingleMu12er1p5/0.00 L1_SingleMu14er1p5/0.00 L1_SingleMu18er1p5/0.00
322625,178,3,0.00,HLT_Mu8_IP6_part0_v2/0,OR,L1_SingleMu22/1.00 L1_SingleMu25/1.00 L1_SingleMu6er1p5/0.00 L1_SingleMu7er1p5/0.00 L1_SingleMu8er1p5/0.00 L1_SingleMu9er1p5/0.00 L1_SingleMu10er1p5/0.00 L1_SingleMu12er1p5/1.00 L1_SingleMu14er1p5/0.00 L1_SingleMu18er1p5/0.00
322625,398,4,0.00,HLT_Mu8_IP6_part0_v2/0,OR,L1_SingleMu22/1.00 L1_SingleMu25/1.00 L1_SingleMu6er1p5/0.00 L1_SingleMu7er1p5/0.00 L1_SingleMu8er1p5/0.00 L1_SingleMu9er1p5/0.00 L1_SingleMu10er1p5/1.00 L1_SingleMu12er1p5/1.00 L1_SingleMu14er1p5/1.00 L1_SingleMu18er1p5/1.00
322625,663,5,0.00,HLT_Mu8_IP6_part0_v2/0,OR,L1_SingleMu22/1.00 L1_SingleMu25/1.00 L1_SingleMu6er1p5/0.00 L1_SingleMu7er1p5/0.00 L1_SingleMu8er1p5/0.00 L1_SingleMu9er1p5/1.00 L1_SingleMu10er1p5/1.00 L1_SingleMu12er1p5/1.00 L1_SingleMu14er1p5/1.00 L1_SingleMu18er1p5/1.00
322625,975,6,5.00,HLT_Mu8_IP6_part0_v2/5,OR,L1_SingleMu22/1.00 L1_SingleMu25/1.00 L1_SingleMu6er1p5/0.00 L1_SingleMu7er1p5/0.00 L1_SingleMu8er1p5/1.00 L1_SingleMu9er1p5/1.00 L1_SingleMu10er1p5/1.00 L1_SingleMu12er1p5/1.00 L1_SingleMu14er1p5/1.00 L1_SingleMu18er1p5/1.00
322625,1,2,0.00,HLT_Mu8_IP6_part0_v2/0,OR,L1_SingleMu22/1.00 L1_SingleMu25/1.00 L1_SingleMu6er1p5/0.00 L1_SingleMu7er1p5/0.00 L1_SingleMu8er1p5/0.00 L1_SingleMu9er1p5/0.00 L1_SingleMu10er1p5/0.00 L1_SingleMu12er1p5/0.00 L1_SingleMu14er1p5/0.00 L1_SingleMu18er1p5/0.00
322625,178,3,0.00,HLT_Mu8_IP6_part0_v2/0,OR,L1_SingleMu22/1.00 L1_SingleMu25/1.00 L1_SingleMu6er1p5/0.00 L1_SingleMu7er1p5/0.00 L1_SingleMu8er1p5/0.00 L1_SingleMu9er1p5/0.00 L1_SingleMu10er1p5/0.00 L1_SingleMu12er1p5/1.00 L1_SingleMu14er1p5/0.00 L1_SingleMu18er1p5/0.00
322625,398,4,0.00,HLT_Mu8_IP6_part0_v2/0,OR,L1_SingleMu22/1.00 L1_SingleMu25/1.00 L1_SingleMu6er1p5/0.00 L1_SingleMu7er1p5/0.00 L1_SingleMu8er1p5/0.00 L1_SingleMu9er1p5/0.00 L1_SingleMu10er1p5/1.00 L1_SingleMu12er1p5/1.00 L1_SingleMu14er1p5/1.00 L1_SingleMu18er1p5/1.00
322625,663,5,0.00,HLT_Mu8_IP6_part0_v2/0,OR,L1_SingleMu22/1.00 L1_SingleMu25/1.00 L1_SingleMu6er1p5/0.00 L1_SingleMu7er1p5/0.00 L1_SingleMu8er1p5/0.00 L1_SingleMu9er1p5/1.00 L1_SingleMu10er1p5/1.00 L1_SingleMu12er1p5/1.00 L1_SingleMu14er1p5/1.00 L1_SingleMu18er1p5/1.00
322625,975,6,5.00,HLT_Mu8_IP6_part0_v2/5,OR,L1_SingleMu22/1.00 L1_SingleMu25/1.00 L1_SingleMu6er1p5/0.00 L1_SingleMu7er1p5/0.00 L1_SingleMu8er1p5/1.00 L1_SingleMu9er1p5/1.00 L1_SingleMu10er1p5/1.00 L1_SingleMu12er1p5/1.00 L1_SingleMu14er1p5/1.00 L1_SingleMu18er1p5/1.00
322633,1,6,5.00,HLT_Mu8_IP6_part0_v2/5,OR,L1_SingleMu22/1.00 L1_SingleMu25/1.00 L1_SingleMu6er1p5/0.00 L1_SingleMu7er1p5/0.00 L1_SingleMu8er1p5/1.00 L1_SingleMu9er1p5/1.00 L1_SingleMu10er1p5/1.00 L1_SingleMu12er1p5/1.00 L1_SingleMu14er1p5/1.00 L1_SingleMu18er1p5/1.00
322633,167,7,5.00,HLT_Mu8_IP6_part0_v2/5,OR,L1_SingleMu22/1.00 L1_SingleMu25/1.00 L1_SingleMu6er1p5/0.00 L1_SingleMu7er1p5/1.00 L1_SingleMu8er1p5/1.00 L1_SingleMu9er1p5/1.00 L1_SingleMu10er1p5/1.00 L1_SingleMu12er1p5/1.00 L1_SingleMu14er1p5/1.00 L1_SingleMu18er1p5/1.00
322633,1,6,5.00,HLT_Mu8_IP6_part0_v2/5,OR,L1_SingleMu22/1.00 L1_SingleMu25/1.00 L1_SingleMu6er1p5/0.00 L1_SingleMu7er1p5/0.00 L1_SingleMu8er1p5/1.00 L1_SingleMu9er1p5/1.00 L1_SingleMu10er1p5/1.00 L1_SingleMu12er1p5/1.00 L1_SingleMu14er1p5/1.00 L1_SingleMu18er1p5/1.00
322633,167,7,5.00,HLT_Mu8_IP6_part0_v2/5,OR,L1_SingleMu22/1.00 L1_SingleMu25/1.00 L1_SingleMu6er1p5/0.00 L1_SingleMu7er1p5/1.00 L1_SingleMu8er1p5/1.00 L1_SingleMu9er1p5/1.00 L1_SingleMu10er1p5/1.00 L1_SingleMu12er1p5/1.00 L1_SingleMu14er1p5/1.00 L1_SingleMu18er1p5/1.00
323414,1,2,0.00,HLT_Mu8_IP6_part0_v2/0,OR,L1_SingleMu22/1.00 L1_SingleMu25/1.00 L1_SingleMu6er1p5/0.00 L1_SingleMu7er1p5/0.00 L1_SingleMu8er1p5/0.00 L1_SingleMu9er1p5/0.00 L1_SingleMu10er1p5/0.00 L1_SingleMu12er1p5/0.00 L1_SingleMu14er1p5/0.00 L1_SingleMu18er1p5/0.00
323414,17,11,5.00,HLT_Mu8_IP6_part0_v2/5,OR,L1_SingleMu22/1.00 L1_SingleMu25/1.00 L1_SingleMu6er1p5/0.00 L1_SingleMu7er1p5/0.00 L1_SingleMu8er1p5/1.00 L1_SingleMu9er1p5/1.00 L1_SingleMu10er1p5/1.00 L1_SingleMu12er1p5/1.00 L1_SingleMu14er1p5/1.00 L1_SingleMu18er1p5/1.00
323423,1,5,0.00,HLT_Mu8_IP6_part0_v2/0,OR,L1_SingleMu22/1.00 L1_SingleMu25/1.00 L1_SingleMu6er1p5/0.00 L1_SingleMu7er1p5/0.00 L1_SingleMu8er1p5/0.00 L1_SingleMu9er1p5/1.00 L1_SingleMu10er1p5/1.00 L1_SingleMu12er1p5/1.00 L1_SingleMu14er1p5/1.00 L1_SingleMu18er1p5/1.00
323470,1,2,0.00,HLT_Mu8_IP6_part0_v2/0,OR,L1_SingleMu22/1.00 L1_SingleMu25/1.00 L1_SingleMu6er1p5/0.00 L1_SingleMu7er1p5/0.00 L1_SingleMu8er1p5/0.00 L1_SingleMu9er1p5/0.00 L1_SingleMu10er1p5/0.00 L1_SingleMu12er1p5/0.00 L1_SingleMu14er1p5/0.00 L1_SingleMu18er1p5/0.00
323470,46,1,0.00,HLT_Mu8_IP6_part0_v2/0,OR,L1_SingleMu22/1.00 L1_SingleMu25/1.00 L1_SingleMu6er1p5/0.00 L1_SingleMu7er1p5/0.00 L1_SingleMu8er1p5/0.00 L1_SingleMu9er1p5/0.00 L1_SingleMu10er1p5/0.00 L1_SingleMu12er1p5/0.00 L1_SingleMu14er1p5/0.00 L1_SingleMu18er1p5/0.00
323470,76,2,0.00,HLT_Mu8_IP6_part0_v2/0,OR,L1_SingleMu22/1.00 L1_SingleMu25/1.00 L1_SingleMu6er1p5/0.00 L1_SingleMu7er1p5/0.00 L1_SingleMu8er1p5/0.00 L1_SingleMu9er1p5/0.00 L1_SingleMu10er1p5/0.00 L1_SingleMu12er1p5/0.00 L1_SingleMu14er1p5/0.00 L1_SingleMu18er1p5/0.00
323470,202,3,0.00,HLT_Mu8_IP6_part0_v2/0,OR,L1_SingleMu22/1.00 L1_SingleMu25/1.00 L1_SingleMu6er1p5/0.00 L1_SingleMu7er1p5/0.00 L1_SingleMu8er1p5/0.00 L1_SingleMu9er1p5/0.00 L1_SingleMu10er1p5/0.00 L1_SingleMu12er1p5/1.00 L1_SingleMu14er1p5/0.00 L1_SingleMu18er1p5/0.00
323471,1,3,0.00,HLT_Mu8_IP6_part0_v2/0,OR,L1_SingleMu22/1.00 L1_SingleMu25/1.00 L1_SingleMu6er1p5/0.00 L1_SingleMu7er1p5/0.00 L1_SingleMu8er1p5/0.00 L1_SingleMu9er1p5/0.00 L1_SingleMu10er1p5/0.00 L1_SingleMu12er1p5/1.00 L1_SingleMu14er1p5/0.00 L1_SingleMu18er1p5/0.00
323471,116,4,0.00,HLT_Mu8_IP6_part0_v2/0,OR,L1_SingleMu22/1.00 L1_SingleMu25/1.00 L1_SingleMu6er1p5/0.00 L1_SingleMu7er1p5/0.00 L1_SingleMu8er1p5/0.00 L1_SingleMu9er1p5/0.00 L1_SingleMu10er1p5/1.00 L1_SingleMu12er1p5/1.00 L1_SingleMu14er1p5/1.00 L1_SingleMu18er1p5/1.00
323471,1,3,0.00,HLT_Mu8_IP6_part0_v2/0,OR,L1_SingleMu22/1.00 L1_SingleMu25/1.00 L1_SingleMu6er1p5/0.00 L1_SingleMu7er1p5/0.00 L1_SingleMu8er1p5/0.00 L1_SingleMu9er1p5/0.00 L1_SingleMu10er1p5/0.00 L1_SingleMu12er1p5/1.00 L1_SingleMu14er1p5/0.00 L1_SingleMu18er1p5/0.00
323471,116,4,0.00,HLT_Mu8_IP6_part0_v2/0,OR,L1_SingleMu22/1.00 L1_SingleMu25/1.00 L1_SingleMu6er1p5/0.00 L1_SingleMu7er1p5/0.00 L1_SingleMu8er1p5/0.00 L1_SingleMu9er1p5/0.00 L1_SingleMu10er1p5/1.00 L1_SingleMu12er1p5/1.00 L1_SingleMu14er1p5/1.00 L1_SingleMu18er1p5/1.00
323472,1,2,0.00,HLT_Mu8_IP6_part0_v2/0,OR,L1_SingleMu22/1.00 L1_SingleMu25/1.00 L1_SingleMu6er1p5/0.00 L1_SingleMu7er1p5/0.00 L1_SingleMu8er1p5/0.00 L1_SingleMu9er1p5/0.00 L1_SingleMu10er1p5/0.00 L1_SingleMu12er1p5/0.00 L1_SingleMu14er1p5/0.00 L1_SingleMu18er1p5/0.00
323472,2,4,0.00,HLT_Mu8_IP6_part0_v2/0,OR,L1_SingleMu22/1.00 L1_SingleMu25/1.00 L1_SingleMu6er1p5/0.00 L1_SingleMu7er1p5/0.00 L1_SingleMu8er1p5/0.00 L1_SingleMu9er1p5/0.00 L1_SingleMu10er1p5/1.00 L1_SingleMu12er1p5/1.00 L1_SingleMu14er1p5/1.00 L1_SingleMu18er1p5/1.00
323472,41,5,0.00,HLT_Mu8_IP6_part0_v2/0,OR,L1_SingleMu22/1.00 L1_SingleMu25/1.00 L1_SingleMu6er1p5/0.00 L1_SingleMu7er1p5/0.00 L1_SingleMu8er1p5/0.00 L1_SingleMu9er1p5/1.00 L1_SingleMu10er1p5/1.00 L1_SingleMu12er1p5/1.00 L1_SingleMu14er1p5/1.00 L1_SingleMu18er1p5/1.00
323472,1,2,0.00,HLT_Mu8_IP6_part0_v2/0,OR,L1_SingleMu22/1.00 L1_SingleMu25/1.00 L1_SingleMu6er1p5/0.00 L1_SingleMu7er1p5/0.00 L1_SingleMu8er1p5/0.00 L1_SingleMu9er1p5/0.00 L1_SingleMu10er1p5/0.00 L1_SingleMu12er1p5/0.00 L1_SingleMu14er1p5/0.00 L1_SingleMu18er1p5/0.00
323472,2,4,0.00,HLT_Mu8_IP6_part0_v2/0,OR,L1_SingleMu22/1.00 L1_SingleMu25/1.00 L1_SingleMu6er1p5/0.00 L1_SingleMu7er1p5/0.00 L1_SingleMu8er1p5/0.00 L1_SingleMu9er1p5/0.00 L1_SingleMu10er1p5/1.00 L1_SingleMu12er1p5/1.00 L1_SingleMu14er1p5/1.00 L1_SingleMu18er1p5/1.00
323472,41,5,0.00,HLT_Mu8_IP6_part0_v2/0,OR,L1_SingleMu22/1.00 L1_SingleMu25/1.00 L1_SingleMu6er1p5/0.00 L1_SingleMu7er1p5/0.00 L1_SingleMu8er1p5/0.00 L1_SingleMu9er1p5/1.00 L1_SingleMu10er1p5/1.00 L1_SingleMu12er1p5/1.00 L1_SingleMu14er1p5/1.00 L1_SingleMu18er1p5/1.00
323473,1,5,0.00,HLT_Mu8_IP6_part0_v2/0,OR,L1_SingleMu22/1.00 L1_SingleMu25/1.00 L1_SingleMu6er1p5/0.00 L1_SingleMu7er1p5/0.00 L1_SingleMu8er1p5/0.00 L1_SingleMu9er1p5/1.00 L1_SingleMu10er1p5/1.00 L1_SingleMu12er1p5/1.00 L1_SingleMu14er1p5/1.00 L1_SingleMu18er1p5/1.00
323473,204,6,5.00,HLT_Mu8_IP6_part0_v2/5,OR,L1_SingleMu22/1.00 L1_SingleMu25/1.00 L1_SingleMu6er1p5/0.00 L1_SingleMu7er1p5/0.00 L1_SingleMu8er1p5/1.00 L1_SingleMu9er1p5/1.00 L1_SingleMu10er1p5/1.00 L1_SingleMu12er1p5/1.00 L1_SingleMu14er1p5/1.00 L1_SingleMu18er1p5/1.00
323474,1,6,5.00,HLT_Mu8_IP6_part0_v2/5,OR,L1_SingleMu22/1.00 L1_SingleMu25/1.00 L1_SingleMu6er1p5/0.00 L1_SingleMu7er1p5/0.00 L1_SingleMu8er1p5/1.00 L1_SingleMu9er1p5/1.00 L1_SingleMu10er1p5/1.00 L1_SingleMu12er1p5/1.00 L1_SingleMu14er1p5/1.00 L1_SingleMu18er1p5/1.00
323474,325,7,5.00,HLT_Mu8_IP6_part0_v2/5,OR,L1_SingleMu22/1.00 L1_SingleMu25/1.00 L1_SingleMu6er1p5/0.00 L1_SingleMu7er1p5/1.00 L1_SingleMu8er1p5/1.00 L1_SingleMu9er1p5/1.00 L1_SingleMu10er1p5/1.00 L1_SingleMu12er1p5/1.00 L1_SingleMu14er1p5/1.00 L1_SingleMu18er1p5/1.00
323474,1,6,5.00,HLT_Mu8_IP6_part0_v2/5,OR,L1_SingleMu22/1.00 L1_SingleMu25/1.00 L1_SingleMu6er1p5/0.00 L1_SingleMu7er1p5/0.00 L1_SingleMu8er1p5/1.00 L1_SingleMu9er1p5/1.00 L1_SingleMu10er1p5/1.00 L1_SingleMu12er1p5/1.00 L1_SingleMu14er1p5/1.00 L1_SingleMu18er1p5/1.00
323474,325,7,5.00,HLT_Mu8_IP6_part0_v2/5,OR,L1_SingleMu22/1.00 L1_SingleMu25/1.00 L1_SingleMu6er1p5/0.00 L1_SingleMu7er1p5/1.00 L1_SingleMu8er1p5/1.00 L1_SingleMu9er1p5/1.00 L1_SingleMu10er1p5/1.00 L1_SingleMu12er1p5/1.00 L1_SingleMu14er1p5/1.00 L1_SingleMu18er1p5/1.00
323475,1,7,5.00,HLT_Mu8_IP6_part0_v2/5,OR,L1_SingleMu22/1.00 L1_SingleMu25/1.00 L1_SingleMu6er1p5/0.00 L1_SingleMu7er1p5/1.00 L1_SingleMu8er1p5/1.00 L1_SingleMu9er1p5/1.00 L1_SingleMu10er1p5/1.00 L1_SingleMu12er1p5/1.00 L1_SingleMu14er1p5/1.00 L1_SingleMu18er1p5/1.00
323487,1,2,0.00,HLT_Mu8_IP6_part0_v2/0,OR,L1_SingleMu22/1.00 L1_SingleMu25/1.00 L1_SingleMu6er1p5/0.00 L1_SingleMu7er1p5/0.00 L1_SingleMu8er1p5/0.00 L1_SingleMu9er1p5/0.00 L1_SingleMu10er1p5/0.00 L1_SingleMu12er1p5/0.00 L1_SingleMu14er1p5/0.00 L1_SingleMu18er1p5/0.00
323487,98,3,0.00,HLT_Mu8_IP6_part0_v2/0,OR,L1_SingleMu22/1.00 L1_SingleMu25/1.00 L1_SingleMu6er1p5/0.00 L1_SingleMu7er1p5/0.00 L1_SingleMu8er1p5/0.00 L1_SingleMu9er1p5/0.00 L1_SingleMu10er1p5/0.00 L1_SingleMu12er1p5/1.00 L1_SingleMu14er1p5/0.00 L1_SingleMu18er1p5/0.00
323487,144,2,0.00,HLT_Mu8_IP6_part0_v2/0,OR,L1_SingleMu22/1.00 L1_SingleMu25/1.00 L1_SingleMu6er1p5/0.00 L1_SingleMu7er1p5/0.00 L1_SingleMu8er1p5/0.00 L1_SingleMu9er1p5/0.00 L1_SingleMu10er1p5/0.00 L1_SingleMu12er1p5/0.00 L1_SingleMu14er1p5/0.00 L1_SingleMu18er1p5/0.00
323487,165,3,0.00,HLT_Mu8_IP6_part0_v2/0,OR,L1_SingleMu22/1.00 L1_SingleMu25/1.00 L1_SingleMu6er1p5/0.00 L1_SingleMu7er1p5/0.00 L1_SingleMu8er1p5/0.00 L1_SingleMu9er1p5/0.00 L1_SingleMu10er1p5/0.00 L1_SingleMu12er1p5/1.00 L1_SingleMu14er1p5/0.00 L1_SingleMu18er1p5/0.00
323487,382,4,0.00,HLT_Mu8_IP6_part0_v2/0,OR,L1_SingleMu22/1.00 L1_SingleMu25/1.00 L1_SingleMu6er1p5/0.00 L1_SingleMu7er1p5/0.00 L1_SingleMu8er1p5/0.00 L1_SingleMu9er1p5/0.00 L1_SingleMu10er1p5/1.00 L1_SingleMu12er1p5/1.00 L1_SingleMu14er1p5/1.00 L1_SingleMu18er1p5/1.00
323487,1,2,0.00,HLT_Mu8_IP6_part0_v2/0,OR,L1_SingleMu22/1.00 L1_SingleMu25/1.00 L1_SingleMu6er1p5/0.00 L1_SingleMu7er1p5/0.00 L1_SingleMu8er1p5/0.00 L1_SingleMu9er1p5/0.00 L1_SingleMu10er1p5/0.00 L1_SingleMu12er1p5/0.00 L1_SingleMu14er1p5/0.00 L1_SingleMu18er1p5/0.00
323487,98,3,0.00,HLT_Mu8_IP6_part0_v2/0,OR,L1_SingleMu22/1.00 L1_SingleMu25/1.00 L1_SingleMu6er1p5/0.00 L1_SingleMu7er1p5/0.00 L1_SingleMu8er1p5/0.00 L1_SingleMu9er1p5/0.00 L1_SingleMu10er1p5/0.00 L1_SingleMu12er1p5/1.00 L1_SingleMu14er1p5/0.00 L1_SingleMu18er1p5/0.00
323487,144,2,0.00,HLT_Mu8_IP6_part0_v2/0,OR,L1_SingleMu22/1.00 L1_SingleMu25/1.00 L1_SingleMu6er1p5/0.00 L1_SingleMu7er1p5/0.00 L1_SingleMu8er1p5/0.00 L1_SingleMu9er1p5/0.00 L1_SingleMu10er1p5/0.00 L1_SingleMu12er1p5/0.00 L1_SingleMu14er1p5/0.00 L1_SingleMu18er1p5/0.00
323487,165,3,0.00,HLT_Mu8_IP6_part0_v2/0,OR,L1_SingleMu22/1.00 L1_SingleMu25/1.00 L1_SingleMu6er1p5/0.00 L1_SingleMu7er1p5/0.00 L1_SingleMu8er1p5/0.00 L1_SingleMu9er1p5/0.00 L1_SingleMu10er1p5/0.00 L1_SingleMu12er1p5/1.00 L1_SingleMu14er1p5/0.00 L1_SingleMu18er1p5/0.00
323487,382,4,0.00,HLT_Mu8_IP6_part0_v2/0,OR,L1_SingleMu22/1.00 L1_SingleMu25/1.00 L1_SingleMu6er1p5/0.00 L1_SingleMu7er1p5/0.00 L1_SingleMu8er1p5/0.00 L1_SingleMu9er1p5/0.00 L1_SingleMu10er1p5/1.00 L1_SingleMu12er1p5/1.00 L1_SingleMu14er1p5/1.00 L1_SingleMu18er1p5/1.00
323488,1,4,0.00,HLT_Mu8_IP6_part0_v2/0,OR,L1_SingleMu22/1.00 L1_SingleMu25/1.00 L1_SingleMu6er1p5/0.00 L1_SingleMu7er1p5/0.00 L1_SingleMu8er1p5/0.00 L1_SingleMu9er1p5/0.00 L1_SingleMu10er1p5/1.00 L1_SingleMu12er1p5/1.00 L1_SingleMu14er1p5/1.00 L1_SingleMu18er1p5/1.00
323488,150,5,0.00,HLT_Mu8_IP6_part0_v2/0,OR,L1_SingleMu22/1.00 L1_SingleMu25/1.00 L1_SingleMu6er1p5/0.00 L1_SingleMu7er1p5/0.00 L1_SingleMu8er1p5/0.00 L1_SingleMu9er1p5/1.00 L1_SingleMu10er1p5/1.00 L1_SingleMu12er1p5/1.00 L1_SingleMu14er1p5/1.00 L1_SingleMu18er1p5/1.00
323488,445,6,5.00,HLT_Mu8_IP6_part0_v2/5,OR,L1_SingleMu22/1.00 L1_SingleMu25/1.00 L1_SingleMu6er1p5/0.00 L1_SingleMu7er1p5/0.00 L1_SingleMu8er1p5/1.00 L1_SingleMu9er1p5/1.00 L1_SingleMu10er1p5/1.00 L1_SingleMu12er1p5/1.00 L1_SingleMu14er1p5/1.00 L1_SingleMu18er1p5/1.00
323488,787,7,5.00,HLT_Mu8_IP6_part0_v2/5,OR,L1_SingleMu22/1.00 L1_SingleMu25/1.00 L1_SingleMu6er1p5/0.00 L1_SingleMu7er1p5/1.00 L1_SingleMu8er1p5/1.00 L1_SingleMu9er1p5/1.00 L1_SingleMu10er1p5/1.00 L1_SingleMu12er1p5/1.00 L1_SingleMu14er1p5/1.00 L1_SingleMu18er1p5/1.00
323488,1,4,0.00,HLT_Mu8_IP6_part0_v2/0,OR,L1_SingleMu22/1.00 L1_SingleMu25/1.00 L1_SingleMu6er1p5/0.00 L1_SingleMu7er1p5/0.00 L1_SingleMu8er1p5/0.00 L1_SingleMu9er1p5/0.00 L1_SingleMu10er1p5/1.00 L1_SingleMu12er1p5/1.00 L1_SingleMu14er1p5/1.00 L1_SingleMu18er1p5/1.00
323488,150,5,0.00,HLT_Mu8_IP6_part0_v2/0,OR,L1_SingleMu22/1.00 L1_SingleMu25/1.00 L1_SingleMu6er1p5/0.00 L1_SingleMu7er1p5/0.00 L1_SingleMu8er1p5/0.00 L1_SingleMu9er1p5/1.00 L1_SingleMu10er1p5/1.00 L1_SingleMu12er1p5/1.00 L1_SingleMu14er1p5/1.00 L1_SingleMu18er1p5/1.00
323488,445,6,5.00,HLT_Mu8_IP6_part0_v2/5,OR,L1_SingleMu22/1.00 L1_SingleMu25/1.00 L1_SingleMu6er1p5/0.00 L1_SingleMu7er1p5/0.00 L1_SingleMu8er1p5/1.00 L1_SingleMu9er1p5/1.00 L1_SingleMu10er1p5/1.00 L1_SingleMu12er1p5/1.00 L1_SingleMu14er1p5/1.00 L1_SingleMu18er1p5/1.00
323488,787,7,5.00,HLT_Mu8_IP6_part0_v2/5,OR,L1_SingleMu22/1.00 L1_SingleMu25/1.00 L1_SingleMu6er1p5/0.00 L1_SingleMu7er1p5/1.00 L1_SingleMu8er1p5/1.00 L1_SingleMu9er1p5/1.00 L1_SingleMu10er1p5/1.00 L1_SingleMu12er1p5/1.00 L1_SingleMu14er1p5/1.00 L1_SingleMu18er1p5/1.00
323488,1,4,0.00,HLT_Mu8_IP6_part0_v2/0,OR,L1_SingleMu22/1.00 L1_SingleMu25/1.00 L1_SingleMu6er1p5/0.00 L1_SingleMu7er1p5/0.00 L1_SingleMu8er1p5/0.00 L1_SingleMu9er1p5/0.00 L1_SingleMu10er1p5/1.00 L1_SingleMu12er1p5/1.00 L1_SingleMu14er1p5/1.00 L1_SingleMu18er1p5/1.00
323488,150,5,0.00,HLT_Mu8_IP6_part0_v2/0,OR,L1_SingleMu22/1.00 L1_SingleMu25/1.00 L1_SingleMu6er1p5/0.00 L1_SingleMu7er1p5/0.00 L1_SingleMu8er1p5/0.00 L1_SingleMu9er1p5/1.00 L1_SingleMu10er1p5/1.00 L1_SingleMu12er1p5/1.00 L1_SingleMu14er1p5/1.00 L1_SingleMu18er1p5/1.00
323488,445,6,5.00,HLT_Mu8_IP6_part0_v2/5,OR,L1_SingleMu22/1.00 L1_SingleMu25/1.00 L1_SingleMu6er1p5/0.00 L1_SingleMu7er1p5/0.00 L1_SingleMu8er1p5/1.00 L1_SingleMu9er1p5/1.00 L1_SingleMu10er1p5/1.00 L1_SingleMu12er1p5/1.00 L1_SingleMu14er1p5/1.00 L1_SingleMu18er1p5/1.00
323488,787,7,5.00,HLT_Mu8_IP6_part0_v2/5,OR,L1_SingleMu22/1.00 L1_SingleMu25/1.00 L1_SingleMu6er1p5/0.00 L1_SingleMu7er1p5/1.00 L1_SingleMu8er1p5/1.00 L1_SingleMu9er1p5/1.00 L1_SingleMu10er1p5/1.00 L1_SingleMu12er1p5/1.00 L1_SingleMu14er1p5/1.00 L1_SingleMu18er1p5/1.00
323488,1,4,0.00,HLT_Mu8_IP6_part0_v2/0,OR,L1_SingleMu22/1.00 L1_SingleMu25/1.00 L1_SingleMu6er1p5/0.00 L1_SingleMu7er1p5/0.00 L1_SingleMu8er1p5/0.00 L1_SingleMu9er1p5/0.00 L1_SingleMu10er1p5/1.00 L1_SingleMu12er1p5/1.00 L1_SingleMu14er1p5/1.00 L1_SingleMu18er1p5/1.00
323488,150,5,0.00,HLT_Mu8_IP6_part0_v2/0,OR,L1_SingleMu22/1.00 L1_SingleMu25/1.00 L1_SingleMu6er1p5/0.00 L1_SingleMu7er1p5/0.00 L1_SingleMu8er1p5/0.00 L1_SingleMu9er1p5/1.00 L1_SingleMu10er1p5/1.00 L1_SingleMu12er1p5/1.00 L1_SingleMu14er1p5/1.00 L1_SingleMu18er1p5/1.00
323488,445,6,5.00,HLT_Mu8_IP6_part0_v2/5,OR,L1_SingleMu22/1.00 L1_SingleMu25/1.00 L1_SingleMu6er1p5/0.00 L1_SingleMu7er1p5/0.00 L1_SingleMu8er1p5/1.00 L1_SingleMu9er1p5/1.00 L1_SingleMu10er1p5/1.00 L1_SingleMu12er1p5/1.00 L1_SingleMu14er1p5/1.00 L1_SingleMu18er1p5/1.00
323488,787,7,5.00,HLT_Mu8_IP6_part0_v2/5,OR,L1_SingleMu22/1.00 L1_SingleMu25/1.00 L1_SingleMu6er1p5/0.00 L1_SingleMu7er1p5/1.00 L1_SingleMu8er1p5/1.00 L1_SingleMu9er1p5/1.00 L1_SingleMu10er1p5/1.00 L1_SingleMu12er1p5/1.00 L1_SingleMu14er1p5/1.00 L1_SingleMu18er1p5/1.00
323492,1,7,5.00,HLT_Mu8_IP6_part0_v2/5,OR,L1_SingleMu22/1.00 L1_SingleMu25/1.00 L1_SingleMu6er1p5/0.00 L1_SingleMu7er1p5/1.00 L1_SingleMu8er1p5/1.00 L1_SingleMu9er1p5/1.00 L1_SingleMu10er1p5/1.00 L1_SingleMu12er1p5/1.00 L1_SingleMu14er1p5/1.00 L1_SingleMu18er1p5/1.00
323493,1,7,5.00,HLT_Mu8_IP6_part0_v2/5,OR,L1_SingleMu22/1.00 L1_SingleMu25/1.00 L1_SingleMu6er1p5/0.00 L1_SingleMu7er1p5/1.00 L1_SingleMu8er1p5/1.00 L1_SingleMu9er1p5/1.00 L1_SingleMu10er1p5/1.00 L1_SingleMu12er1p5/1.00 L1_SingleMu14er1p5/1.00 L1_SingleMu18er1p5/1.00
323495,1,7,5.00,HLT_Mu8_IP6_part0_v2/5,OR,L1_SingleMu22/1.00 L1_SingleMu25/1.00 L1_SingleMu6er1p5/0.00 L1_SingleMu7er1p5/1.00 L1_SingleMu8er1p5/1.00 L1_SingleMu9er1p5/1.00 L1_SingleMu10er1p5/1.00 L1_SingleMu12er1p5/1.00 L1_SingleMu14er1p5/1.00 L1_SingleMu18er1p5/1.00
323524,1,2,0.00,HLT_Mu8_IP6_part0_v2/0,OR,L1_SingleMu22/1.00 L1_SingleMu25/1.00 L1_SingleMu6er1p5/0.00 L1_SingleMu7er1p5/0.00 L1_SingleMu8er1p5/0.00 L1_SingleMu9er1p5/0.00 L1_SingleMu10er1p5/0.00 L1_SingleMu12er1p5/0.00 L1_SingleMu14er1p5/0.00 L1_SingleMu18er1p5/0.00
323524,22,3,0.00,HLT_Mu8_IP6_part0_v2/0,OR,L1_SingleMu22/1.00 L1_SingleMu25/1.00 L1_SingleMu6er1p5/0.00 L1_SingleMu7er1p5/0.00 L1_SingleMu8er1p5/0.00 L1_SingleMu9er1p5/0.00 L1_SingleMu10er1p5/0.00 L1_SingleMu12er1p5/1.00 L1_SingleMu14er1p5/0.00 L1_SingleMu18er1p5/0.00
323524,216,4,0.00,HLT_Mu8_IP6_part0_v2/0,OR,L1_SingleMu22/1.00 L1_SingleMu25/1.00 L1_SingleMu6er1p5/0.00 L1_SingleMu7er1p5/0.00 L1_SingleMu8er1p5/0.00 L1_SingleMu9er1p5/0.00 L1_SingleMu10er1p5/1.00 L1_SingleMu12er1p5/1.00 L1_SingleMu14er1p5/1.00 L1_SingleMu18er1p5/1.00
323524,513,5,0.00,HLT_Mu8_IP6_part0_v2/0,OR,L1_SingleMu22/1.00 L1_SingleMu25/1.00 L1_SingleMu6er1p5/0.00 L1_SingleMu7er1p5/0.00 L1_SingleMu8er1p5/0.00 L1_SingleMu9er1p5/1.00 L1_SingleMu10er1p5/1.00 L1_SingleMu12er1p5/1.00 L1_SingleMu14er1p5/1.00 L1_SingleMu18er1p5/1.00
323524,1,2,0.00,HLT_Mu8_IP6_part0_v2/0,OR,L1_SingleMu22/1.00 L1_SingleMu25/1.00 L1_SingleMu6er1p5/0.00 L1_SingleMu7er1p5/0.00 L1_SingleMu8er1p5/0.00 L1_SingleMu9er1p5/0.00 L1_SingleMu10er1p5/0.00 L1_SingleMu12er1p5/0.00 L1_SingleMu14er1p5/0.00 L1_SingleMu18er1p5/0.00
323524,22,3,0.00,HLT_Mu8_IP6_part0_v2/0,OR,L1_SingleMu22/1.00 L1_SingleMu25/1.00 L1_SingleMu6er1p5/0.00 L1_SingleMu7er1p5/0.00 L1_SingleMu8er1p5/0.00 L1_SingleMu9er1p5/0.00 L1_SingleMu10er1p5/0.00 L1_SingleMu12er1p5/1.00 L1_SingleMu14er1p5/0.00 L1_SingleMu18er1p5/0.00
323524,216,4,0.00,HLT_Mu8_IP6_part0_v2/0,OR,L1_SingleMu22/1.00 L1_SingleMu25/1.00 L1_SingleMu6er1p5/0.00 L1_SingleMu7er1p5/0.00 L1_SingleMu8er1p5/0.00 L1_SingleMu9er1p5/0.00 L1_SingleMu10er1p5/1.00 L1_SingleMu12er1p5/1.00 L1_SingleMu14er1p5/1.00 L1_SingleMu18er1p5/1.00
323524,513,5,0.00,HLT_Mu8_IP6_part0_v2/0,OR,L1_SingleMu22/1.00 L1_SingleMu25/1.00 L1_SingleMu6er1p5/0.00 L1_SingleMu7er1p5/0.00 L1_SingleMu8er1p5/0.00 L1_SingleMu9er1p5/1.00 L1_SingleMu10er1p5/1.00 L1_SingleMu12er1p5/1.00 L1_SingleMu14er1p5/1.00 L1_SingleMu18er1p5/1.00
323524,1,2,0.00,HLT_Mu8_IP6_part0_v2/0,OR,L1_SingleMu22/1.00 L1_SingleMu25/1.00 L1_SingleMu6er1p5/0.00 L1_SingleMu7er1p5/0.00 L1_SingleMu8er1p5/0.00 L1_SingleMu9er1p5/0.00 L1_SingleMu10er1p5/0.00 L1_SingleMu12er1p5/0.00 L1_SingleMu14er1p5/0.00 L1_SingleMu18er1p5/0.00
323524,22,3,0.00,HLT_Mu8_IP6_part0_v2/0,OR,L1_SingleMu22/1.00 L1_SingleMu25/1.00 L1_SingleMu6er1p5/0.00 L1_SingleMu7er1p5/0.00 L1_SingleMu8er1p5/0.00 L1_SingleMu9er1p5/0.00 L1_SingleMu10er1p5/0.00 L1_SingleMu12er1p5/1.00 L1_SingleMu14er1p5/0.00 L1_SingleMu18er1p5/0.00
323524,216,4,0.00,HLT_Mu8_IP6_part0_v2/0,OR,L1_SingleMu22/1.00 L1_SingleMu25/1.00 L1_SingleMu6er1p5/0.00 L1_SingleMu7er1p5/0.00 L1_SingleMu8er1p5/0.00 L1_SingleMu9er1p5/0.00 L1_SingleMu10er1p5/1.00 L1_SingleMu12er1p5/1.00 L1_SingleMu14er1p5/1.00 L1_SingleMu18er1p5/1.00
323524,513,5,0.00,HLT_Mu8_IP6_part0_v2/0,OR,L1_SingleMu22/1.00 L1_SingleMu25/1.00 L1_SingleMu6er1p5/0.00 L1_SingleMu7er1p5/0.00 L1_SingleMu8er1p5/0.00 L1_SingleMu9er1p5/1.00 L1_SingleMu10er1p5/1.00 L1_SingleMu12er1p5/1.00 L1_SingleMu14er1p5/1.00 L1_SingleMu18er1p5/1.00
323525,1,5,0.00,HLT_Mu8_IP6_part0_v2/0,OR,L1_SingleMu22/1.00 L1_SingleMu25/1.00 L1_SingleMu6er1p5/0.00 L1_SingleMu7er1p5/0.00 L1_SingleMu8er1p5/0.00 L1_SingleMu9er1p5/1.00 L1_SingleMu10er1p5/1.00 L1_SingleMu12er1p5/1.00 L1_SingleMu14er1p5/1.00 L1_SingleMu18er1p5/1.00
323525,276,6,5.00,HLT_Mu8_IP6_part0_v2/5,OR,L1_SingleMu22/1.00 L1_SingleMu25/1.00 L1_SingleMu6er1p5/0.00 L1_SingleMu7er1p5/0.00 L1_SingleMu8er1p5/1.00 L1_SingleMu9er1p5/1.00 L1_SingleMu10er1p5/1.00 L1_SingleMu12er1p5/1.00 L1_SingleMu14er1p5/1.00 L1_SingleMu18er1p5/1.00
323525,681,7,5.00,HLT_Mu8_IP6_part0_v2/5,OR,L1_SingleMu22/1.00 L1_SingleMu25/1.00 L1_SingleMu6er1p5/0.00 L1_SingleMu7er1p5/1.00 L1_SingleMu8er1p5/1.00 L1_SingleMu9er1p5/1.00 L1_SingleMu10er1p5/1.00 L1_SingleMu12er1p5/1.00 L1_SingleMu14er1p5/1.00 L1_SingleMu18er1p5/1.00
323525,1,5,0.00,HLT_Mu8_IP6_part0_v2/0,OR,L1_SingleMu22/1.00 L1_SingleMu25/1.00 L1_SingleMu6er1p5/0.00 L1_SingleMu7er1p5/0.00 L1_SingleMu8er1p5/0.00 L1_SingleMu9er1p5/1.00 L1_SingleMu10er1p5/1.00 L1_SingleMu12er1p5/1.00 L1_SingleMu14er1p5/1.00 L1_SingleMu18er1p5/1.00
323525,276,6,5.00,HLT_Mu8_IP6_part0_v2/5,OR,L1_SingleMu22/1.00 L1_SingleMu25/1.00 L1_SingleMu6er1p5/0.00 L1_SingleMu7er1p5/0.00 L1_SingleMu8er1p5/1.00 L1_SingleMu9er1p5/1.00 L1_SingleMu10er1p5/1.00 L1_SingleMu12er1p5/1.00 L1_SingleMu14er1p5/1.00 L1_SingleMu18er1p5/1.00
323525,681,7,5.00,HLT_Mu8_IP6_part0_v2/5,OR,L1_SingleMu22/1.00 L1_SingleMu25/1.00 L1_SingleMu6er1p5/0.00 L1_SingleMu7er1p5/1.00 L1_SingleMu8er1p5/1.00 L1_SingleMu9er1p5/1.00 L1_SingleMu10er1p5/1.00 L1_SingleMu12er1p5/1.00 L1_SingleMu14er1p5/1.00 L1_SingleMu18er1p5/1.00
323525,1,5,0.00,HLT_Mu8_IP6_part0_v2/0,OR,L1_SingleMu22/1.00 L1_SingleMu25/1.00 L1_SingleMu6er1p5/0.00 L1_SingleMu7er1p5/0.00 L1_SingleMu8er1p5/0.00 L1_SingleMu9er1p5/1.00 L1_SingleMu10er1p5/1.00 L1_SingleMu12er1p5/1.00 L1_SingleMu14er1p5/1.00 L1_SingleMu18er1p5/1.00
323525,276,6,5.00,HLT_Mu8_IP6_part0_v2/5,OR,L1_SingleMu22/1.00 L1_SingleMu25/1.00 L1_SingleMu6er1p5/0.00 L1_SingleMu7er1p5/0.00 L1_SingleMu8er1p5/1.00 L1_SingleMu9er1p5/1.00 L1_SingleMu10er1p5/1.00 L1_SingleMu12er1p5/1.00 L1_SingleMu14er1p5/1.00 L1_SingleMu18er1p5/1.00
323525,681,7,5.00,HLT_Mu8_IP6_part0_v2/5,OR,L1_SingleMu22/1.00 L1_SingleMu25/1.00 L1_SingleMu6er1p5/0.00 L1_SingleMu7er1p5/1.00 L1_SingleMu8er1p5/1.00 L1_SingleMu9er1p5/1.00 L1_SingleMu10er1p5/1.00 L1_SingleMu12er1p5/1.00 L1_SingleMu14er1p5/1.00 L1_SingleMu18er1p5/1.00
323526,1,7,5.00,HLT_Mu8_IP6_part0_v2/5,OR,L1_SingleMu22/1.00 L1_SingleMu25/1.00 L1_SingleMu6er1p5/0.00 L1_SingleMu7er1p5/1.00 L1_SingleMu8er1p5/1.00 L1_SingleMu9er1p5/1.00 L1_SingleMu10er1p5/1.00 L1_SingleMu12er1p5/1.00 L1_SingleMu14er1p5/1.00 L1_SingleMu18er1p5/1.00
323526,317,8,5.00,HLT_Mu8_IP6_part0_v2/5,OR,L1_SingleMu22/1.00 L1_SingleMu25/1.00 L1_SingleMu6er1p5/0.00 L1_SingleMu7er1p5/1.00 L1_SingleMu8er1p5/1.00 L1_SingleMu9er1p5/1.00 L1_SingleMu10er1p5/1.00 L1_SingleMu12er1p5/1.00 L1_SingleMu14er1p5/1.00 L1_SingleMu18er1p5/1.00
323693,1,2,0.00,HLT_Mu8_IP6_part0_v2/0,OR,L1_SingleMu22/1.00 L1_SingleMu25/1.00 L1_SingleMu6er1p5/0.00 L1_SingleMu7er1p5/0.00 L1_SingleMu8er1p5/0.00 L1_SingleMu9er1p5/0.00 L1_SingleMu10er1p5/0.00 L1_SingleMu12er1p5/0.00 L1_SingleMu14er1p5/0.00 L1_SingleMu18er1p5/0.00
323693,110,3,0.00,HLT_Mu8_IP6_part0_v2/0,OR,L1_SingleMu22/1.00 L1_SingleMu25/1.00 L1_SingleMu6er1p5/0.00 L1_SingleMu7er1p5/0.00 L1_SingleMu8er1p5/0.00 L1_SingleMu9er1p5/0.00 L1_SingleMu10er1p5/0.00 L1_SingleMu12er1p5/1.00 L1_SingleMu14er1p5/0.00 L1_SingleMu18er1p5/0.00
323696,1,3,0.00,HLT_Mu8_IP6_part0_v2/0,OR,L1_SingleMu22/1.00 L1_SingleMu25/1.00 L1_SingleMu6er1p5/0.00 L1_SingleMu7er1p5/0.00 L1_SingleMu8er1p5/0.00 L1_SingleMu9er1p5/0.00 L1_SingleMu10er1p5/0.00 L1_SingleMu12er1p5/1.00 L1_SingleMu14er1p5/0.00 L1_SingleMu18er1p5/0.00
323696,206,4,0.00,HLT_Mu8_IP6_part0_v2/0,OR,L1_SingleMu22/1.00 L1_SingleMu25/1.00 L1_SingleMu6er1p5/0.00 L1_SingleMu7er1p5/0.00 L1_SingleMu8er1p5/0.00 L1_SingleMu9er1p5/0.00 L1_SingleMu10er1p5/1.00 L1_SingleMu12er1p5/1.00 L1_SingleMu14er1p5/1.00 L1_SingleMu18er1p5/1.00
323696,1,3,0.00,HLT_Mu8_IP6_part0_v2/0,OR,L1_SingleMu22/1.00 L1_SingleMu25/1.00 L1_SingleMu6er1p5/0.00 L1_SingleMu7er1p5/0.00 L1_SingleMu8er1p5/0.00 L1_SingleMu9er1p5/0.00 L1_SingleMu10er1p5/0.00 L1_SingleMu12er1p5/1.00 L1_SingleMu14er1p5/0.00 L1_SingleMu18er1p5/0.00
323696,206,4,0.00,HLT_Mu8_IP6_part0_v2/0,OR,L1_SingleMu22/1.00 L1_SingleMu25/1.00 L1_SingleMu6er1p5/0.00 L1_SingleMu7er1p5/0.00 L1_SingleMu8er1p5/0.00 L1_SingleMu9er1p5/0.00 L1_SingleMu10er1p5/1.00 L1_SingleMu12er1p5/1.00 L1_SingleMu14er1p5/1.00 L1_SingleMu18er1p5/1.00
323702,1,6,5.00,HLT_Mu8_IP6_part0_v2/5,OR,L1_SingleMu22/1.00 L1_SingleMu25/1.00 L1_SingleMu6er1p5/0.00 L1_SingleMu7er1p5/0.00 L1_SingleMu8er1p5/1.00 L1_SingleMu9er1p5/1.00 L1_SingleMu10er1p5/1.00 L1_SingleMu12er1p5/1.00 L1_SingleMu14er1p5/1.00 L1_SingleMu18er1p5/1.00
323702,185,7,5.00,HLT_Mu8_IP6_part0_v2/5,OR,L1_SingleMu22/1.00 L1_SingleMu25/1.00 L1_SingleMu6er1p5/0.00 L1_SingleMu7er1p5/1.00 L1_SingleMu8er1p5/1.00 L1_SingleMu9er1p5/1.00 L1_SingleMu10er1p5/1.00 L1_SingleMu12er1p5/1.00 L1_SingleMu14er1p5/1.00 L1_SingleMu18er1p5/1.00
323702,1,6,5.00,HLT_Mu8_IP6_part0_v2/5,OR,L1_SingleMu22/1.00 L1_SingleMu25/1.00 L1_SingleMu6er1p5/0.00 L1_SingleMu7er1p5/0.00 L1_SingleMu8er1p5/1.00 L1_SingleMu9er1p5/1.00 L1_SingleMu10er1p5/1.00 L1_SingleMu12er1p5/1.00 L1_SingleMu14er1p5/1.00 L1_SingleMu18er1p5/1.00
323702,185,7,5.00,HLT_Mu8_IP6_part0_v2/5,OR,L1_SingleMu22/1.00 L1_SingleMu25/1.00 L1_SingleMu6er1p5/0.00 L1_SingleMu7er1p5/1.00 L1_SingleMu8er1p5/1.00 L1_SingleMu9er1p5/1.00 L1_SingleMu10er1p5/1.00 L1_SingleMu12er1p5/1.00 L1_SingleMu14er1p5/1.00 L1_SingleMu18er1p5/1.00
323725,1,2,0.00,HLT_Mu8_IP6_part0_v2/0,OR,L1_SingleMu22/1.00 L1_SingleMu25/1.00 L1_SingleMu6er1p5/0.00 L1_SingleMu7er1p5/0.00 L1_SingleMu8er1p5/0.00 L1_SingleMu9er1p5/0.00 L1_SingleMu10er1p5/0.00 L1_SingleMu12er1p5/0.00 L1_SingleMu14er1p5/0.00 L1_SingleMu18er1p5/0.00
323725,169,3,0.00,HLT_Mu8_IP6_part0_v2/0,OR,L1_SingleMu22/1.00 L1_SingleMu25/1.00 L1_SingleMu6er1p5/0.00 L1_SingleMu7er1p5/0.00 L1_SingleMu8er1p5/0.00 L1_SingleMu9er1p5/0.00 L1_SingleMu10er1p5/0.00 L1_SingleMu12er1p5/1.00 L1_SingleMu14er1p5/0.00 L1_SingleMu18er1p5/0.00
323726,1,3,0.00,HLT_Mu8_IP6_part0_v2/0,OR,L1_SingleMu22/1.00 L1_SingleMu25/1.00 L1_SingleMu6er1p5/0.00 L1_SingleMu7er1p5/0.00 L1_SingleMu8er1p5/0.00 L1_SingleMu9er1p5/0.00 L1_SingleMu10er1p5/0.00 L1_SingleMu12er1p5/1.00 L1_SingleMu14er1p5/0.00 L1_SingleMu18er1p5/0.00
323726,44,4,0.00,HLT_Mu8_IP6_part0_v2/0,OR,L1_SingleMu22/1.00 L1_SingleMu25/1.00 L1_SingleMu6er1p5/0.00 L1_SingleMu7er1p5/0.00 L1_SingleMu8er1p5/0.00 L1_SingleMu9er1p5/0.00 L1_SingleMu10er1p5/1.00 L1_SingleMu12er1p5/1.00 L1_SingleMu14er1p5/1.00 L1_SingleMu18er1p5/1.00
323726,1,3,0.00,HLT_Mu8_IP6_part0_v2/0,OR,L1_SingleMu22/1.00 L1_SingleMu25/1.00 L1_SingleMu6er1p5/0.00 L1_SingleMu7er1p5/0.00 L1_SingleMu8er1p5/0.00 L1_SingleMu9er1p5/0.00 L1_SingleMu10er1p5/0.00 L1_SingleMu12er1p5/1.00 L1_SingleMu14er1p5/0.00 L1_SingleMu18er1p5/0.00
323726,44,4,0.00,HLT_Mu8_IP6_part0_v2/0,OR,L1_SingleMu22/1.00 L1_SingleMu25/1.00 L1_SingleMu6er1p5/0.00 L1_SingleMu7er1p5/0.00 L1_SingleMu8er1p5/0.00 L1_SingleMu9er1p5/0.00 L1_SingleMu10er1p5/1.00 L1_SingleMu12er1p5/1.00 L1_SingleMu14er1p5/1.00 L1_SingleMu18er1p5/1.00
323727,1,2,0.00,HLT_Mu8_IP6_part0_v2/0,OR,L1_SingleMu22/1.00 L1_SingleMu25/1.00 L1_SingleMu6er1p5/0.00 L1_SingleMu7er1p5/0.00 L1_SingleMu8er1p5/0.00 L1_SingleMu9er1p5/0.00 L1_SingleMu10er1p5/0.00 L1_SingleMu12er1p5/0.00 L1_SingleMu14er1p5/0.00 L1_SingleMu18er1p5/0.00
323727,22,4,0.00,HLT_Mu8_IP6_part0_v2/0,OR,L1_SingleMu22/1.00 L1_SingleMu25/1.00 L1_SingleMu6er1p5/0.00 L1_SingleMu7er1p5/0.00 L1_SingleMu8er1p5/0.00 L1_SingleMu9er1p5/0.00 L1_SingleMu10er1p5/1.00 L1_SingleMu12er1p5/1.00 L1_SingleMu14er1p5/1.00 L1_SingleMu18er1p5/1.00
323727,222,5,5.00,HLT_Mu8_IP6_part0_v2/5,OR,L1_SingleMu22/1.00 L1_SingleMu25/1.00 L1_SingleMu6er1p5/0.00 L1_SingleMu7er1p5/0.00 L1_SingleMu8er1p5/0.00 L1_SingleMu9er1p5/1.00 L1_SingleMu10er1p5/1.00 L1_SingleMu12er1p5/1.00 L1_SingleMu14er1p5/1.00 L1_SingleMu18er1p5/1.00
323727,544,6,5.00,HLT_Mu8_IP6_part0_v2/5,OR,L1_SingleMu22/1.00 L1_SingleMu25/1.00 L1_SingleMu6er1p5/0.00 L1_SingleMu7er1p5/0.00 L1_SingleMu8er1p5/1.00 L1_SingleMu9er1p5/1.00 L1_SingleMu10er1p5/1.00 L1_SingleMu12er1p5/1.00 L1_SingleMu14er1p5/1.00 L1_SingleMu18er1p5/1.00
323727,907,7,5.00,HLT_Mu8_IP6_part0_v2/5,OR,L1_SingleMu22/1.00 L1_SingleMu25/1.00 L1_SingleMu6er1p5/0.00 L1_SingleMu7er1p5/1.00 L1_SingleMu8er1p5/1.00 L1_SingleMu9er1p5/1.00 L1_SingleMu10er1p5/1.00 L1_SingleMu12er1p5/1.00 L1_SingleMu14er1p5/1.00 L1_SingleMu18er1p5/1.00
323727,1,2,0.00,HLT_Mu8_IP6_part0_v2/0,OR,L1_SingleMu22/1.00 L1_SingleMu25/1.00 L1_SingleMu6er1p5/0.00 L1_SingleMu7er1p5/0.00 L1_SingleMu8er1p5/0.00 L1_SingleMu9er1p5/0.00 L1_SingleMu10er1p5/0.00 L1_SingleMu12er1p5/0.00 L1_SingleMu14er1p5/0.00 L1_SingleMu18er1p5/0.00
323727,22,4,0.00,HLT_Mu8_IP6_part0_v2/0,OR,L1_SingleMu22/1.00 L1_SingleMu25/1.00 L1_SingleMu6er1p5/0.00 L1_SingleMu7er1p5/0.00 L1_SingleMu8er1p5/0.00 L1_SingleMu9er1p5/0.00 L1_SingleMu10er1p5/1.00 L1_SingleMu12er1p5/1.00 L1_SingleMu14er1p5/1.00 L1_SingleMu18er1p5/1.00
323727,222,5,5.00,HLT_Mu8_IP6_part0_v2/5,OR,L1_SingleMu22/1.00 L1_SingleMu25/1.00 L1_SingleMu6er1p5/0.00 L1_SingleMu7er1p5/0.00 L1_SingleMu8er1p5/0.00 L1_SingleMu9er1p5/1.00 L1_SingleMu10er1p5/1.00 L1_SingleMu12er1p5/1.00 L1_SingleMu14er1p5/1.00 L1_SingleMu18er1p5/1.00
323727,544,6,5.00,HLT_Mu8_IP6_part0_v2/5,OR,L1_SingleMu22/1.00 L1_SingleMu25/1.00 L1_SingleMu6er1p5/0.00 L1_SingleMu7er1p5/0.00 L1_SingleMu8er1p5/1.00 L1_SingleMu9er1p5/1.00 L1_SingleMu10er1p5/1.00 L1_SingleMu12er1p5/1.00 L1_SingleMu14er1p5/1.00 L1_SingleMu18er1p5/1.00
323727,907,7,5.00,HLT_Mu8_IP6_part0_v2/5,OR,L1_SingleMu22/1.00 L1_SingleMu25/1.00 L1_SingleMu6er1p5/0.00 L1_SingleMu7er1p5/1.00 L1_SingleMu8er1p5/1.00 L1_SingleMu9er1p5/1.00 L1_SingleMu10er1p5/1.00 L1_SingleMu12er1p5/1.00 L1_SingleMu14er1p5/1.00 L1_SingleMu18er1p5/1.00
323727,1,2,0.00,HLT_Mu8_IP6_part0_v2/0,OR,L1_SingleMu22/1.00 L1_SingleMu25/1.00 L1_SingleMu6er1p5/0.00 L1_SingleMu7er1p5/0.00 L1_SingleMu8er1p5/0.00 L1_SingleMu9er1p5/0.00 L1_SingleMu10er1p5/0.00 L1_SingleMu12er1p5/0.00 L1_SingleMu14er1p5/0.00 L1_SingleMu18er1p5/0.00
323727,22,4,0.00,HLT_Mu8_IP6_part0_v2/0,OR,L1_SingleMu22/1.00 L1_SingleMu25/1.00 L1_SingleMu6er1p5/0.00 L1_SingleMu7er1p5/0.00 L1_SingleMu8er1p5/0.00 L1_SingleMu9er1p5/0.00 L1_SingleMu10er1p5/1.00 L1_SingleMu12er1p5/1.00 L1_SingleMu14er1p5/1.00 L1_SingleMu18er1p5/1.00
323727,222,5,5.00,HLT_Mu8_IP6_part0_v2/5,OR,L1_SingleMu22/1.00 L1_SingleMu25/1.00 L1_SingleMu6er1p5/0.00 L1_SingleMu7er1p5/0.00 L1_SingleMu8er1p5/0.00 L1_SingleMu9er1p5/1.00 L1_SingleMu10er1p5/1.00 L1_SingleMu12er1p5/1.00 L1_SingleMu14er1p5/1.00 L1_SingleMu18er1p5/1.00
323727,544,6,5.00,HLT_Mu8_IP6_part0_v2/5,OR,L1_SingleMu22/1.00 L1_SingleMu25/1.00 L1_SingleMu6er1p5/0.00 L1_SingleMu7er1p5/0.00 L1_SingleMu8er1p5/1.00 L1_SingleMu9er1p5/1.00 L1_SingleMu10er1p5/1.00 L1_SingleMu12er1p5/1.00 L1_SingleMu14er1p5/1.00 L1_SingleMu18er1p5/1.00
323727,907,7,5.00,HLT_Mu8_IP6_part0_v2/5,OR,L1_SingleMu22/1.00 L1_SingleMu25/1.00 L1_SingleMu6er1p5/0.00 L1_SingleMu7er1p5/1.00 L1_SingleMu8er1p5/1.00 L1_SingleMu9er1p5/1.00 L1_SingleMu10er1p5/1.00 L1_SingleMu12er1p5/1.00 L1_SingleMu14er1p5/1.00 L1_SingleMu18er1p5/1.00
323755,1,2,0.00,HLT_Mu8_IP6_part0_v2/0,OR,L1_SingleMu22/1.00 L1_SingleMu25/1.00 L1_SingleMu6er1p5/0.00 L1_SingleMu7er1p5/0.00 L1_SingleMu8er1p5/0.00 L1_SingleMu9er1p5/0.00 L1_SingleMu10er1p5/0.00 L1_SingleMu12er1p5/0.00 L1_SingleMu14er1p5/0.00 L1_SingleMu18er1p5/0.00
323755,247,3,0.00,HLT_Mu8_IP6_part0_v2/0,OR,L1_SingleMu22/1.00 L1_SingleMu25/1.00 L1_SingleMu6er1p5/0.00 L1_SingleMu7er1p5/0.00 L1_SingleMu8er1p5/0.00 L1_SingleMu9er1p5/0.00 L1_SingleMu10er1p5/0.00 L1_SingleMu12er1p5/1.00 L1_SingleMu14er1p5/0.00 L1_SingleMu18er1p5/0.00
323755,380,4,0.00,HLT_Mu8_IP6_part0_v2/0,OR,L1_SingleMu22/1.00 L1_SingleMu25/1.00 L1_SingleMu6er1p5/0.00 L1_SingleMu7er1p5/0.00 L1_SingleMu8er1p5/0.00 L1_SingleMu9er1p5/0.00 L1_SingleMu10er1p5/1.00 L1_SingleMu12er1p5/1.00 L1_SingleMu14er1p5/1.00 L1_SingleMu18er1p5/1.00
323755,659,5,5.00,HLT_Mu8_IP6_part0_v2/5,OR,L1_SingleMu22/1.00 L1_SingleMu25/1.00 L1_SingleMu6er1p5/0.00 L1_SingleMu7er1p5/0.00 L1_SingleMu8er1p5/0.00 L1_SingleMu9er1p5/1.00 L1_SingleMu10er1p5/1.00 L1_SingleMu12er1p5/1.00 L1_SingleMu14er1p5/1.00 L1_SingleMu18er1p5/1.00
323755,1,2,0.00,HLT_Mu8_IP6_part0_v2/0,OR,L1_SingleMu22/1.00 L1_SingleMu25/1.00 L1_SingleMu6er1p5/0.00 L1_SingleMu7er1p5/0.00 L1_SingleMu8er1p5/0.00 L1_SingleMu9er1p5/0.00 L1_SingleMu10er1p5/0.00 L1_SingleMu12er1p5/0.00 L1_SingleMu14er1p5/0.00 L1_SingleMu18er1p5/0.00
323755,247,3,0.00,HLT_Mu8_IP6_part0_v2/0,OR,L1_SingleMu22/1.00 L1_SingleMu25/1.00 L1_SingleMu6er1p5/0.00 L1_SingleMu7er1p5/0.00 L1_SingleMu8er1p5/0.00 L1_SingleMu9er1p5/0.00 L1_SingleMu10er1p5/0.00 L1_SingleMu12er1p5/1.00 L1_SingleMu14er1p5/0.00 L1_SingleMu18er1p5/0.00
323755,380,4,0.00,HLT_Mu8_IP6_part0_v2/0,OR,L1_SingleMu22/1.00 L1_SingleMu25/1.00 L1_SingleMu6er1p5/0.00 L1_SingleMu7er1p5/0.00 L1_SingleMu8er1p5/0.00 L1_SingleMu9er1p5/0.00 L1_SingleMu10er1p5/1.00 L1_SingleMu12er1p5/1.00 L1_SingleMu14er1p5/1.00 L1_SingleMu18er1p5/1.00
323755,659,5,5.00,HLT_Mu8_IP6_part0_v2/5,OR,L1_SingleMu22/1.00 L1_SingleMu25/1.00 L1_SingleMu6er1p5/0.00 L1_SingleMu7er1p5/0.00 L1_SingleMu8er1p5/0.00 L1_SingleMu9er1p5/1.00 L1_SingleMu10er1p5/1.00 L1_SingleMu12er1p5/1.00 L1_SingleMu14er1p5/1.00 L1_SingleMu18er1p5/1.00
323755,1,2,0.00,HLT_Mu8_IP6_part0_v2/0,OR,L1_SingleMu22/1.00 L1_SingleMu25/1.00 L1_SingleMu6er1p5/0.00 L1_SingleMu7er1p5/0.00 L1_SingleMu8er1p5/0.00 L1_SingleMu9er1p5/0.00 L1_SingleMu10er1p5/0.00 L1_SingleMu12er1p5/0.00 L1_SingleMu14er1p5/0.00 L1_SingleMu18er1p5/0.00
323755,247,3,0.00,HLT_Mu8_IP6_part0_v2/0,OR,L1_SingleMu22/1.00 L1_SingleMu25/1.00 L1_SingleMu6er1p5/0.00 L1_SingleMu7er1p5/0.00 L1_SingleMu8er1p5/0.00 L1_SingleMu9er1p5/0.00 L1_SingleMu10er1p5/0.00 L1_SingleMu12er1p5/1.00 L1_SingleMu14er1p5/0.00 L1_SingleMu18er1p5/0.00
323755,380,4,0.00,HLT_Mu8_IP6_part0_v2/0,OR,L1_SingleMu22/1.00 L1_SingleMu25/1.00 L1_SingleMu6er1p5/0.00 L1_SingleMu7er1p5/0.00 L1_SingleMu8er1p5/0.00 L1_SingleMu9er1p5/0.00 L1_SingleMu10er1p5/1.00 L1_SingleMu12er1p5/1.00 L1_SingleMu14er1p5/1.00 L1_SingleMu18er1p5/1.00
323755,659,5,5.00,HLT_Mu8_IP6_part0_v2/5,OR,L1_SingleMu22/1.00 L1_SingleMu25/1.00 L1_SingleMu6er1p5/0.00 L1_SingleMu7er1p5/0.00 L1_SingleMu8er1p5/0.00 L1_SingleMu9er1p5/1.00 L1_SingleMu10er1p5/1.00 L1_SingleMu12er1p5/1.00 L1_SingleMu14er1p5/1.00 L1_SingleMu18er1p5/1.00
323775,1,2,0.00,HLT_Mu8_IP6_part0_v2/0,OR,L1_SingleMu22/1.00 L1_SingleMu25/1.00 L1_SingleMu6er1p5/0.00 L1_SingleMu7er1p5/0.00 L1_SingleMu8er1p5/0.00 L1_SingleMu9er1p5/0.00 L1_SingleMu10er1p5/0.00 L1_SingleMu12er1p5/0.00 L1_SingleMu14er1p5/0.00 L1_SingleMu18er1p5/0.00
323775,152,3,0.00,HLT_Mu8_IP6_part0_v2/0,OR,L1_SingleMu22/1.00 L1_SingleMu25/1.00 L1_SingleMu6er1p5/0.00 L1_SingleMu7er1p5/0.00 L1_SingleMu8er1p5/0.00 L1_SingleMu9er1p5/0.00 L1_SingleMu10er1p5/0.00 L1_SingleMu12er1p5/1.00 L1_SingleMu14er1p5/0.00 L1_SingleMu18er1p5/0.00
323778,1,3,0.00,HLT_Mu8_IP6_part0_v2/0,OR,L1_SingleMu22/1.00 L1_SingleMu25/1.00 L1_SingleMu6er1p5/0.00 L1_SingleMu7er1p5/0.00 L1_SingleMu8er1p5/0.00 L1_SingleMu9er1p5/0.00 L1_SingleMu10er1p5/0.00 L1_SingleMu12er1p5/1.00 L1_SingleMu14er1p5/0.00 L1_SingleMu18er1p5/0.00
323778,198,4,0.00,HLT_Mu8_IP6_part0_v2/0,OR,L1_SingleMu22/1.00 L1_SingleMu25/1.00 L1_SingleMu6er1p5/0.00 L1_SingleMu7er1p5/0.00 L1_SingleMu8er1p5/0.00 L1_SingleMu9er1p5/0.00 L1_SingleMu10er1p5/1.00 L1_SingleMu12er1p5/1.00 L1_SingleMu14er1p5/1.00 L1_SingleMu18er1p5/1.00
323778,469,5,5.00,HLT_Mu8_IP6_part0_v2/5,OR,L1_SingleMu22/1.00 L1_SingleMu25/1.00 L1_SingleMu6er1p5/0.00 L1_SingleMu7er1p5/0.00 L1_SingleMu8er1p5/0.00 L1_SingleMu9er1p5/1.00 L1_SingleMu10er1p5/1.00 L1_SingleMu12er1p5/1.00 L1_SingleMu14er1p5/1.00 L1_SingleMu18er1p5/1.00
323778,761,6,5.00,HLT_Mu8_IP6_part0_v2/5,OR,L1_SingleMu22/1.00 L1_SingleMu25/1.00 L1_SingleMu6er1p5/0.00 L1_SingleMu7er1p5/0.00 L1_SingleMu8er1p5/1.00 L1_SingleMu9er1p5/1.00 L1_SingleMu10er1p5/1.00 L1_SingleMu12er1p5/1.00 L1_SingleMu14er1p5/1.00 L1_SingleMu18er1p5/1.00
323778,1,3,0.00,HLT_Mu8_IP6_part0_v2/0,OR,L1_SingleMu22/1.00 L1_SingleMu25/1.00 L1_SingleMu6er1p5/0.00 L1_SingleMu7er1p5/0.00 L1_SingleMu8er1p5/0.00 L1_SingleMu9er1p5/0.00 L1_SingleMu10er1p5/0.00 L1_SingleMu12er1p5/1.00 L1_SingleMu14er1p5/0.00 L1_SingleMu18er1p5/0.00
323778,198,4,0.00,HLT_Mu8_IP6_part0_v2/0,OR,L1_SingleMu22/1.00 L1_SingleMu25/1.00 L1_SingleMu6er1p5/0.00 L1_SingleMu7er1p5/0.00 L1_SingleMu8er1p5/0.00 L1_SingleMu9er1p5/0.00 L1_SingleMu10er1p5/1.00 L1_SingleMu12er1p5/1.00 L1_SingleMu14er1p5/1.00 L1_SingleMu18er1p5/1.00
323778,469,5,5.00,HLT_Mu8_IP6_part0_v2/5,OR,L1_SingleMu22/1.00 L1_SingleMu25/1.00 L1_SingleMu6er1p5/0.00 L1_SingleMu7er1p5/0.00 L1_SingleMu8er1p5/0.00 L1_SingleMu9er1p5/1.00 L1_SingleMu10er1p5/1.00 L1_SingleMu12er1p5/1.00 L1_SingleMu14er1p5/1.00 L1_SingleMu18er1p5/1.00
323778,761,6,5.00,HLT_Mu8_IP6_part0_v2/5,OR,L1_SingleMu22/1.00 L1_SingleMu25/1.00 L1_SingleMu6er1p5/0.00 L1_SingleMu7er1p5/0.00 L1_SingleMu8er1p5/1.00 L1_SingleMu9er1p5/1.00 L1_SingleMu10er1p5/1.00 L1_SingleMu12er1p5/1.00 L1_SingleMu14er1p5/1.00 L1_SingleMu18er1p5/1.00
323778,1,3,0.00,HLT_Mu8_IP6_part0_v2/0,OR,L1_SingleMu22/1.00 L1_SingleMu25/1.00 L1_SingleMu6er1p5/0.00 L1_SingleMu7er1p5/0.00 L1_SingleMu8er1p5/0.00 L1_SingleMu9er1p5/0.00 L1_SingleMu10er1p5/0.00 L1_SingleMu12er1p5/1.00 L1_SingleMu14er1p5/0.00 L1_SingleMu18er1p5/0.00
323778,198,4,0.00,HLT_Mu8_IP6_part0_v2/0,OR,L1_SingleMu22/1.00 L1_SingleMu25/1.00 L1_SingleMu6er1p5/0.00 L1_SingleMu7er1p5/0.00 L1_SingleMu8er1p5/0.00 L1_SingleMu9er1p5/0.00 L1_SingleMu10er1p5/1.00 L1_SingleMu12er1p5/1.00 L1_SingleMu14er1p5/1.00 L1_SingleMu18er1p5/1.00
323778,469,5,5.00,HLT_Mu8_IP6_part0_v2/5,OR,L1_SingleMu22/1.00 L1_SingleMu25/1.00 L1_SingleMu6er1p5/0.00 L1_SingleMu7er1p5/0.00 L1_SingleMu8er1p5/0.00 L1_SingleMu9er1p5/1.00 L1_SingleMu10er1p5/1.00 L1_SingleMu12er1p5/1.00 L1_SingleMu14er1p5/1.00 L1_SingleMu18er1p5/1.00
323778,761,6,5.00,HLT_Mu8_IP6_part0_v2/5,OR,L1_SingleMu22/1.00 L1_SingleMu25/1.00 L1_SingleMu6er1p5/0.00 L1_SingleMu7er1p5/0.00 L1_SingleMu8er1p5/1.00 L1_SingleMu9er1p5/1.00 L1_SingleMu10er1p5/1.00 L1_SingleMu12er1p5/1.00 L1_SingleMu14er1p5/1.00 L1_SingleMu18er1p5/1.00
323778,1,3,0.00,HLT_Mu8_IP6_part0_v2/0,OR,L1_SingleMu22/1.00 L1_SingleMu25/1.00 L1_SingleMu6er1p5/0.00 L1_SingleMu7er1p5/0.00 L1_SingleMu8er1p5/0.00 L1_SingleMu9er1p5/0.00 L1_SingleMu10er1p5/0.00 L1_SingleMu12er1p5/1.00 L1_SingleMu14er1p5/0.00 L1_SingleMu18er1p5/0.00
323778,198,4,0.00,HLT_Mu8_IP6_part0_v2/0,OR,L1_SingleMu22/1.00 L1_SingleMu25/1.00 L1_SingleMu6er1p5/0.00 L1_SingleMu7er1p5/0.00 L1_SingleMu8er1p5/0.00 L1_SingleMu9er1p5/0.00 L1_SingleMu10er1p5/1.00 L1_SingleMu12er1p5/1.00 L1_SingleMu14er1p5/1.00 L1_SingleMu18er1p5/1.00
323778,469,5,5.00,HLT_Mu8_IP6_part0_v2/5,OR,L1_SingleMu22/1.00 L1_SingleMu25/1.00 L1_SingleMu6er1p5/0.00 L1_SingleMu7er1p5/0.00 L1_SingleMu8er1p5/0.00 L1_SingleMu9er1p5/1.00 L1_SingleMu10er1p5/1.00 L1_SingleMu12er1p5/1.00 L1_SingleMu14er1p5/1.00 L1_SingleMu18er1p5/1.00
323778,761,6,5.00,HLT_Mu8_IP6_part0_v2/5,OR,L1_SingleMu22/1.00 L1_SingleMu25/1.00 L1_SingleMu6er1p5/0.00 L1_SingleMu7er1p5/0.00 L1_SingleMu8er1p5/1.00 L1_SingleMu9er1p5/1.00 L1_SingleMu10er1p5/1.00 L1_SingleMu12er1p5/1.00 L1_SingleMu14er1p5/1.00 L1_SingleMu18er1p5/1.00
323790,1,2,0.00,HLT_Mu8_IP6_part0_v2/0,OR,L1_SingleMu22/1.00 L1_SingleMu25/1.00 L1_SingleMu6er1p5/0.00 L1_SingleMu7er1p5/0.00 L1_SingleMu8er1p5/0.00 L1_SingleMu9er1p5/0.00 L1_SingleMu10er1p5/0.00 L1_SingleMu12er1p5/0.00 L1_SingleMu14er1p5/0.00 L1_SingleMu18er1p5/0.00
323790,137,3,0.00,HLT_Mu8_IP6_part0_v2/0,OR,L1_SingleMu22/1.00 L1_SingleMu25/1.00 L1_SingleMu6er1p5/0.00 L1_SingleMu7er1p5/0.00 L1_SingleMu8er1p5/0.00 L1_SingleMu9er1p5/0.00 L1_SingleMu10er1p5/0.00 L1_SingleMu12er1p5/1.00 L1_SingleMu14er1p5/0.00 L1_SingleMu18er1p5/0.00
323790,246,4,0.00,HLT_Mu8_IP6_part0_v2/0,OR,L1_SingleMu22/1.00 L1_SingleMu25/1.00 L1_SingleMu6er1p5/0.00 L1_SingleMu7er1p5/0.00 L1_SingleMu8er1p5/0.00 L1_SingleMu9er1p5/0.00 L1_SingleMu10er1p5/1.00 L1_SingleMu12er1p5/1.00 L1_SingleMu14er1p5/1.00 L1_SingleMu18er1p5/1.00
323790,267,3,0.00,HLT_Mu8_IP6_part0_v2/0,OR,L1_SingleMu22/1.00 L1_SingleMu25/1.00 L1_SingleMu6er1p5/0.00 L1_SingleMu7er1p5/0.00 L1_SingleMu8er1p5/0.00 L1_SingleMu9er1p5/0.00 L1_SingleMu10er1p5/0.00 L1_SingleMu12er1p5/1.00 L1_SingleMu14er1p5/0.00 L1_SingleMu18er1p5/0.00
323790,345,4,0.00,HLT_Mu8_IP6_part0_v2/0,OR,L1_SingleMu22/1.00 L1_SingleMu25/1.00 L1_SingleMu6er1p5/0.00 L1_SingleMu7er1p5/0.00 L1_SingleMu8er1p5/0.00 L1_SingleMu9er1p5/0.00 L1_SingleMu10er1p5/1.00 L1_SingleMu12er1p5/1.00 L1_SingleMu14er1p5/1.00 L1_SingleMu18er1p5/1.00
323790,644,5,5.00,HLT_Mu8_IP6_part0_v2/5,OR,L1_SingleMu22/1.00 L1_SingleMu25/1.00 L1_SingleMu6er1p5/0.00 L1_SingleMu7er1p5/0.00 L1_SingleMu8er1p5/0.00 L1_SingleMu9er1p5/1.00 L1_SingleMu10er1p5/1.00 L1_SingleMu12er1p5/1.00 L1_SingleMu14er1p5/1.00 L1_SingleMu18er1p5/1.00
323790,857,6,5.00,HLT_Mu8_IP6_part0_v2/5,OR,L1_SingleMu22/1.00 L1_SingleMu25/1.00 L1_SingleMu6er1p5/0.00 L1_SingleMu7er1p5/0.00 L1_SingleMu8er1p5/1.00 L1_SingleMu9er1p5/1.00 L1_SingleMu10er1p5/1.00 L1_SingleMu12er1p5/1.00 L1_SingleMu14er1p5/1.00 L1_SingleMu18er1p5/1.00
323790,1,2,0.00,HLT_Mu8_IP6_part0_v2/0,OR,L1_SingleMu22/1.00 L1_SingleMu25/1.00 L1_SingleMu6er1p5/0.00 L1_SingleMu7er1p5/0.00 L1_SingleMu8er1p5/0.00 L1_SingleMu9er1p5/0.00 L1_SingleMu10er1p5/0.00 L1_SingleMu12er1p5/0.00 L1_SingleMu14er1p5/0.00 L1_SingleMu18er1p5/0.00
323790,137,3,0.00,HLT_Mu8_IP6_part0_v2/0,OR,L1_SingleMu22/1.00 L1_SingleMu25/1.00 L1_SingleMu6er1p5/0.00 L1_SingleMu7er1p5/0.00 L1_SingleMu8er1p5/0.00 L1_SingleMu9er1p5/0.00 L1_SingleMu10er1p5/0.00 L1_SingleMu12er1p5/1.00 L1_SingleMu14er1p5/0.00 L1_SingleMu18er1p5/0.00
323790,246,4,0.00,HLT_Mu8_IP6_part0_v2/0,OR,L1_SingleMu22/1.00 L1_SingleMu25/1.00 L1_SingleMu6er1p5/0.00 L1_SingleMu7er1p5/0.00 L1_SingleMu8er1p5/0.00 L1_SingleMu9er1p5/0.00 L1_SingleMu10er1p5/1.00 L1_SingleMu12er1p5/1.00 L1_SingleMu14er1p5/1.00 L1_SingleMu18er1p5/1.00
323790,267,3,0.00,HLT_Mu8_IP6_part0_v2/0,OR,L1_SingleMu22/1.00 L1_SingleMu25/1.00 L1_SingleMu6er1p5/0.00 L1_SingleMu7er1p5/0.00 L1_SingleMu8er1p5/0.00 L1_SingleMu9er1p5/0.00 L1_SingleMu10er1p5/0.00 L1_SingleMu12er1p5/1.00 L1_SingleMu14er1p5/0.00 L1_SingleMu18er1p5/0.00
323790,345,4,0.00,HLT_Mu8_IP6_part0_v2/0,OR,L1_SingleMu22/1.00 L1_SingleMu25/1.00 L1_SingleMu6er1p5/0.00 L1_SingleMu7er1p5/0.00 L1_SingleMu8er1p5/0.00 L1_SingleMu9er1p5/0.00 L1_SingleMu10er1p5/1.00 L1_SingleMu12er1p5/1.00 L1_SingleMu14er1p5/1.00 L1_SingleMu18er1p5/1.00
323790,644,5,5.00,HLT_Mu8_IP6_part0_v2/5,OR,L1_SingleMu22/1.00 L1_SingleMu25/1.00 L1_SingleMu6er1p5/0.00 L1_SingleMu7er1p5/0.00 L1_SingleMu8er1p5/0.00 L1_SingleMu9er1p5/1.00 L1_SingleMu10er1p5/1.00 L1_SingleMu12er1p5/1.00 L1_SingleMu14er1p5/1.00 L1_SingleMu18er1p5/1.00
323790,857,6,5.00,HLT_Mu8_IP6_part0_v2/5,OR,L1_SingleMu22/1.00 L1_SingleMu25/1.00 L1_SingleMu6er1p5/0.00 L1_SingleMu7er1p5/0.00 L1_SingleMu8er1p5/1.00 L1_SingleMu9er1p5/1.00 L1_SingleMu10er1p5/1.00 L1_SingleMu12er1p5/1.00 L1_SingleMu14er1p5/1.00 L1_SingleMu18er1p5/1.00
323790,1,2,0.00,HLT_Mu8_IP6_part0_v2/0,OR,L1_SingleMu22/1.00 L1_SingleMu25/1.00 L1_SingleMu6er1p5/0.00 L1_SingleMu7er1p5/0.00 L1_SingleMu8er1p5/0.00 L1_SingleMu9er1p5/0.00 L1_SingleMu10er1p5/0.00 L1_SingleMu12er1p5/0.00 L1_SingleMu14er1p5/0.00 L1_SingleMu18er1p5/0.00
323790,137,3,0.00,HLT_Mu8_IP6_part0_v2/0,OR,L1_SingleMu22/1.00 L1_SingleMu25/1.00 L1_SingleMu6er1p5/0.00 L1_SingleMu7er1p5/0.00 L1_SingleMu8er1p5/0.00 L1_SingleMu9er1p5/0.00 L1_SingleMu10er1p5/0.00 L1_SingleMu12er1p5/1.00 L1_SingleMu14er1p5/0.00 L1_SingleMu18er1p5/0.00
323790,246,4,0.00,HLT_Mu8_IP6_part0_v2/0,OR,L1_SingleMu22/1.00 L1_SingleMu25/1.00 L1_SingleMu6er1p5/0.00 L1_SingleMu7er1p5/0.00 L1_SingleMu8er1p5/0.00 L1_SingleMu9er1p5/0.00 L1_SingleMu10er1p5/1.00 L1_SingleMu12er1p5/1.00 L1_SingleMu14er1p5/1.00 L1_SingleMu18er1p5/1.00
323790,267,3,0.00,HLT_Mu8_IP6_part0_v2/0,OR,L1_SingleMu22/1.00 L1_SingleMu25/1.00 L1_SingleMu6er1p5/0.00 L1_SingleMu7er1p5/0.00 L1_SingleMu8er1p5/0.00 L1_SingleMu9er1p5/0.00 L1_SingleMu10er1p5/0.00 L1_SingleMu12er1p5/1.00 L1_SingleMu14er1p5/0.00 L1_SingleMu18er1p5/0.00
323790,345,4,0.00,HLT_Mu8_IP6_part0_v2/0,OR,L1_SingleMu22/1.00 L1_SingleMu25/1.00 L1_SingleMu6er1p5/0.00 L1_SingleMu7er1p5/0.00 L1_SingleMu8er1p5/0.00 L1_SingleMu9er1p5/0.00 L1_SingleMu10er1p5/1.00 L1_SingleMu12er1p5/1.00 L1_SingleMu14er1p5/1.00 L1_SingleMu18er1p5/1.00
323790,644,5,5.00,HLT_Mu8_IP6_part0_v2/5,OR,L1_SingleMu22/1.00 L1_SingleMu25/1.00 L1_SingleMu6er1p5/0.00 L1_SingleMu7er1p5/0.00 L1_SingleMu8er1p5/0.00 L1_SingleMu9er1p5/1.00 L1_SingleMu10er1p5/1.00 L1_SingleMu12er1p5/1.00 L1_SingleMu14er1p5/1.00 L1_SingleMu18er1p5/1.00
323790,857,6,5.00,HLT_Mu8_IP6_part0_v2/5,OR,L1_SingleMu22/1.00 L1_SingleMu25/1.00 L1_SingleMu6er1p5/0.00 L1_SingleMu7er1p5/0.00 L1_SingleMu8er1p5/1.00 L1_SingleMu9er1p5/1.00 L1_SingleMu10er1p5/1.00 L1_SingleMu12er1p5/1.00 L1_SingleMu14er1p5/1.00 L1_SingleMu18er1p5/1.00
323790,1,2,0.00,HLT_Mu8_IP6_part0_v2/0,OR,L1_SingleMu22/1.00 L1_SingleMu25/1.00 L1_SingleMu6er1p5/0.00 L1_SingleMu7er1p5/0.00 L1_SingleMu8er1p5/0.00 L1_SingleMu9er1p5/0.00 L1_SingleMu10er1p5/0.00 L1_SingleMu12er1p5/0.00 L1_SingleMu14er1p5/0.00 L1_SingleMu18er1p5/0.00
323790,137,3,0.00,HLT_Mu8_IP6_part0_v2/0,OR,L1_SingleMu22/1.00 L1_SingleMu25/1.00 L1_SingleMu6er1p5/0.00 L1_SingleMu7er1p5/0.00 L1_SingleMu8er1p5/0.00 L1_SingleMu9er1p5/0.00 L1_SingleMu10er1p5/0.00 L1_SingleMu12er1p5/1.00 L1_SingleMu14er1p5/0.00 L1_SingleMu18er1p5/0.00
323790,246,4,0.00,HLT_Mu8_IP6_part0_v2/0,OR,L1_SingleMu22/1.00 L1_SingleMu25/1.00 L1_SingleMu6er1p5/0.00 L1_SingleMu7er1p5/0.00 L1_SingleMu8er1p5/0.00 L1_SingleMu9er1p5/0.00 L1_SingleMu10er1p5/1.00 L1_SingleMu12er1p5/1.00 L1_SingleMu14er1p5/1.00 L1_SingleMu18er1p5/1.00
323790,267,3,0.00,HLT_Mu8_IP6_part0_v2/0,OR,L1_SingleMu22/1.00 L1_SingleMu25/1.00 L1_SingleMu6er1p5/0.00 L1_SingleMu7er1p5/0.00 L1_SingleMu8er1p5/0.00 L1_SingleMu9er1p5/0.00 L1_SingleMu10er1p5/0.00 L1_SingleMu12er1p5/1.00 L1_SingleMu14er1p5/0.00 L1_SingleMu18er1p5/0.00
323790,345,4,0.00,HLT_Mu8_IP6_part0_v2/0,OR,L1_SingleMu22/1.00 L1_SingleMu25/1.00 L1_SingleMu6er1p5/0.00 L1_SingleMu7er1p5/0.00 L1_SingleMu8er1p5/0.00 L1_SingleMu9er1p5/0.00 L1_SingleMu10er1p5/1.00 L1_SingleMu12er1p5/1.00 L1_SingleMu14er1p5/1.00 L1_SingleMu18er1p5/1.00
323790,644,5,5.00,HLT_Mu8_IP6_part0_v2/5,OR,L1_SingleMu22/1.00 L1_SingleMu25/1.00 L1_SingleMu6er1p5/0.00 L1_SingleMu7er1p5/0.00 L1_SingleMu8er1p5/0.00 L1_SingleMu9er1p5/1.00 L1_SingleMu10er1p5/1.00 L1_SingleMu12er1p5/1.00 L1_SingleMu14er1p5/1.00 L1_SingleMu18er1p5/1.00
323790,857,6,5.00,HLT_Mu8_IP6_part0_v2/5,OR,L1_SingleMu22/1.00 L1_SingleMu25/1.00 L1_SingleMu6er1p5/0.00 L1_SingleMu7er1p5/0.00 L1_SingleMu8er1p5/1.00 L1_SingleMu9er1p5/1.00 L1_SingleMu10er1p5/1.00 L1_SingleMu12er1p5/1.00 L1_SingleMu14er1p5/1.00 L1_SingleMu18er1p5/1.00
323794,1,6,5.00,HLT_Mu8_IP6_part0_v2/5,OR,L1_SingleMu22/1.00 L1_SingleMu25/1.00 L1_SingleMu6er1p5/0.00 L1_SingleMu7er1p5/0.00 L1_SingleMu8er1p5/1.00 L1_SingleMu9er1p5/1.00 L1_SingleMu10er1p5/1.00 L1_SingleMu12er1p5/1.00 L1_SingleMu14er1p5/1.00 L1_SingleMu18er1p5/1.00
323841,1,2,0.00,HLT_Mu8_IP6_part0_v2/0,OR,L1_SingleMu22/1.00 L1_SingleMu25/1.00 L1_SingleMu6er1p5/0.00 L1_SingleMu7er1p5/0.00 L1_SingleMu8er1p5/0.00 L1_SingleMu9er1p5/0.00 L1_SingleMu10er1p5/0.00 L1_SingleMu12er1p5/0.00 L1_SingleMu14er1p5/0.00 L1_SingleMu18er1p5/0.00
323841,110,3,0.00,HLT_Mu8_IP6_part0_v2/0,OR,L1_SingleMu22/1.00 L1_SingleMu25/1.00 L1_SingleMu6er1p5/0.00 L1_SingleMu7er1p5/0.00 L1_SingleMu8er1p5/0.00 L1_SingleMu9er1p5/0.00 L1_SingleMu10er1p5/0.00 L1_SingleMu12er1p5/1.00 L1_SingleMu14er1p5/0.00 L1_SingleMu18er1p5/0.00
323841,332,4,0.00,HLT_Mu8_IP6_part0_v2/0,OR,L1_SingleMu22/1.00 L1_SingleMu25/1.00 L1_SingleMu6er1p5/0.00 L1_SingleMu7er1p5/0.00 L1_SingleMu8er1p5/0.00 L1_SingleMu9er1p5/0.00 L1_SingleMu10er1p5/1.00 L1_SingleMu12er1p5/1.00 L1_SingleMu14er1p5/1.00 L1_SingleMu18er1p5/1.00
323841,1,2,0.00,HLT_Mu8_IP6_part0_v2/0,OR,L1_SingleMu22/1.00 L1_SingleMu25/1.00 L1_SingleMu6er1p5/0.00 L1_SingleMu7er1p5/0.00 L1_SingleMu8er1p5/0.00 L1_SingleMu9er1p5/0.00 L1_SingleMu10er1p5/0.00 L1_SingleMu12er1p5/0.00 L1_SingleMu14er1p5/0.00 L1_SingleMu18er1p5/0.00
323841,110,3,0.00,HLT_Mu8_IP6_part0_v2/0,OR,L1_SingleMu22/1.00 L1_SingleMu25/1.00 L1_SingleMu6er1p5/0.00 L1_SingleMu7er1p5/0.00 L1_SingleMu8er1p5/0.00 L1_SingleMu9er1p5/0.00 L1_SingleMu10er1p5/0.00 L1_SingleMu12er1p5/1.00 L1_SingleMu14er1p5/0.00 L1_SingleMu18er1p5/0.00
323841,332,4,0.00,HLT_Mu8_IP6_part0_v2/0,OR,L1_SingleMu22/1.00 L1_SingleMu25/1.00 L1_SingleMu6er1p5/0.00 L1_SingleMu7er1p5/0.00 L1_SingleMu8er1p5/0.00 L1_SingleMu9er1p5/0.00 L1_SingleMu10er1p5/1.00 L1_SingleMu12er1p5/1.00 L1_SingleMu14er1p5/1.00 L1_SingleMu18er1p5/1.00
323857,1,4,0.00,HLT_Mu8_IP6_part0_v2/0,OR,L1_SingleMu22/1.00 L1_SingleMu25/1.00 L1_SingleMu6er1p5/0.00 L1_SingleMu7er1p5/0.00 L1_SingleMu8er1p5/0.00 L1_SingleMu9er1p5/0.00 L1_SingleMu10er1p5/1.00 L1_SingleMu12er1p5/1.00 L1_SingleMu14er1p5/1.00 L1_SingleMu18er1p5/1.00
323857,46,5,5.00,HLT_Mu8_IP6_part0_v2/5,OR,L1_SingleMu22/1.00 L1_SingleMu25/1.00 L1_SingleMu6er1p5/0.00 L1_SingleMu7er1p5/0.00 L1_SingleMu8er1p5/0.00 L1_SingleMu9er1p5/1.00 L1_SingleMu10er1p5/1.00 L1_SingleMu12er1p5/1.00 L1_SingleMu14er1p5/1.00 L1_SingleMu18er1p5/1.00
323857,1,4,0.00,HLT_Mu8_IP6_part0_v2/0,OR,L1_SingleMu22/1.00 L1_SingleMu25/1.00 L1_SingleMu6er1p5/0.00 L1_SingleMu7er1p5/0.00 L1_SingleMu8er1p5/0.00 L1_SingleMu9er1p5/0.00 L1_SingleMu10er1p5/1.00 L1_SingleMu12er1p5/1.00 L1_SingleMu14er1p5/1.00 L1_SingleMu18er1p5/1.00
323857,46,5,5.00,HLT_Mu8_IP6_part0_v2/5,OR,L1_SingleMu22/1.00 L1_SingleMu25/1.00 L1_SingleMu6er1p5/0.00 L1_SingleMu7er1p5/0.00 L1_SingleMu8er1p5/0.00 L1_SingleMu9er1p5/1.00 L1_SingleMu10er1p5/1.00 L1_SingleMu12er1p5/1.00 L1_SingleMu14er1p5/1.00 L1_SingleMu18er1p5/1.00
323940,1,2,0.00,HLT_Mu8_IP6_part0_v2/0,OR,L1_SingleMu22/1.00 L1_SingleMu25/1.00 L1_SingleMu6er1p5/0.00 L1_SingleMu7er1p5/0.00 L1_SingleMu8er1p5/0.00 L1_SingleMu9er1p5/0.00 L1_SingleMu10er1p5/0.00 L1_SingleMu12er1p5/0.00 L1_SingleMu14er1p5/0.00 L1_SingleMu18er1p5/0.00
323940,292,3,0.00,HLT_Mu8_IP6_part0_v2/0,OR,L1_SingleMu22/1.00 L1_SingleMu25/1.00 L1_SingleMu6er1p5/0.00 L1_SingleMu7er1p5/0.00 L1_SingleMu8er1p5/0.00 L1_SingleMu9er1p5/0.00 L1_SingleMu10er1p5/0.00 L1_SingleMu12er1p5/1.00 L1_SingleMu14er1p5/0.00 L1_SingleMu18er1p5/0.00
323940,497,4,0.00,HLT_Mu8_IP6_part0_v2/0,OR,L1_SingleMu22/1.00 L1_SingleMu25/1.00 L1_SingleMu6er1p5/0.00 L1_SingleMu7er1p5/0.00 L1_SingleMu8er1p5/0.00 L1_SingleMu9er1p5/0.00 L1_SingleMu10er1p5/1.00 L1_SingleMu12er1p5/1.00 L1_SingleMu14er1p5/1.00 L1_SingleMu18er1p5/1.00
323940,749,5,5.00,HLT_Mu8_IP6_part0_v2/5,OR,L1_SingleMu22/1.00 L1_SingleMu25/1.00 L1_SingleMu6er1p5/0.00 L1_SingleMu7er1p5/0.00 L1_SingleMu8er1p5/0.00 L1_SingleMu9er1p5/1.00 L1_SingleMu10er1p5/1.00 L1_SingleMu12er1p5/1.00 L1_SingleMu14er1p5/1.00 L1_SingleMu18er1p5/1.00
323940,957,6,5.00,HLT_Mu8_IP6_part0_v2/5,OR,L1_SingleMu22/1.00 L1_SingleMu25/1.00 L1_SingleMu6er1p5/0.00 L1_SingleMu7er1p5/0.00 L1_SingleMu8er1p5/1.00 L1_SingleMu9er1p5/1.00 L1_SingleMu10er1p5/1.00 L1_SingleMu12er1p5/1.00 L1_SingleMu14er1p5/1.00 L1_SingleMu18er1p5/1.00
323940,1335,7,5.00,HLT_Mu8_IP6_part0_v2/5,OR,L1_SingleMu22/1.00 L1_SingleMu25/1.00 L1_SingleMu6er1p5/0.00 L1_SingleMu7er1p5/1.00 L1_SingleMu8er1p5/1.00 L1_SingleMu9er1p5/1.00 L1_SingleMu10er1p5/1.00 L1_SingleMu12er1p5/1.00 L1_SingleMu14er1p5/1.00 L1_SingleMu18er1p5/1.00
323940,1,2,0.00,HLT_Mu8_IP6_part0_v2/0,OR,L1_SingleMu22/1.00 L1_SingleMu25/1.00 L1_SingleMu6er1p5/0.00 L1_SingleMu7er1p5/0.00 L1_SingleMu8er1p5/0.00 L1_SingleMu9er1p5/0.00 L1_SingleMu10er1p5/0.00 L1_SingleMu12er1p5/0.00 L1_SingleMu14er1p5/0.00 L1_SingleMu18er1p5/0.00
323940,292,3,0.00,HLT_Mu8_IP6_part0_v2/0,OR,L1_SingleMu22/1.00 L1_SingleMu25/1.00 L1_SingleMu6er1p5/0.00 L1_SingleMu7er1p5/0.00 L1_SingleMu8er1p5/0.00 L1_SingleMu9er1p5/0.00 L1_SingleMu10er1p5/0.00 L1_SingleMu12er1p5/1.00 L1_SingleMu14er1p5/0.00 L1_SingleMu18er1p5/0.00
323940,497,4,0.00,HLT_Mu8_IP6_part0_v2/0,OR,L1_SingleMu22/1.00 L1_SingleMu25/1.00 L1_SingleMu6er1p5/0.00 L1_SingleMu7er1p5/0.00 L1_SingleMu8er1p5/0.00 L1_SingleMu9er1p5/0.00 L1_SingleMu10er1p5/1.00 L1_SingleMu12er1p5/1.00 L1_SingleMu14er1p5/1.00 L1_SingleMu18er1p5/1.00
323940,749,5,5.00,HLT_Mu8_IP6_part0_v2/5,OR,L1_SingleMu22/1.00 L1_SingleMu25/1.00 L1_SingleMu6er1p5/0.00 L1_SingleMu7er1p5/0.00 L1_SingleMu8er1p5/0.00 L1_SingleMu9er1p5/1.00 L1_SingleMu10er1p5/1.00 L1_SingleMu12er1p5/1.00 L1_SingleMu14er1p5/1.00 L1_SingleMu18er1p5/1.00
323940,957,6,5.00,HLT_Mu8_IP6_part0_v2/5,OR,L1_SingleMu22/1.00 L1_SingleMu25/1.00 L1_SingleMu6er1p5/0.00 L1_SingleMu7er1p5/0.00 L1_SingleMu8er1p5/1.00 L1_SingleMu9er1p5/1.00 L1_SingleMu10er1p5/1.00 L1_SingleMu12er1p5/1.00 L1_SingleMu14er1p5/1.00 L1_SingleMu18er1p5/1.00
323940,1335,7,5.00,HLT_Mu8_IP6_part0_v2/5,OR,L1_SingleMu22/1.00 L1_SingleMu25/1.00 L1_SingleMu6er1p5/0.00 L1_SingleMu7er1p5/1.00 L1_SingleMu8er1p5/1.00 L1_SingleMu9er1p5/1.00 L1_SingleMu10er1p5/1.00 L1_SingleMu12er1p5/1.00 L1_SingleMu14er1p5/1.00 L1_SingleMu18er1p5/1.00
323940,1,2,0.00,HLT_Mu8_IP6_part0_v2/0,OR,L1_SingleMu22/1.00 L1_SingleMu25/1.00 L1_SingleMu6er1p5/0.00 L1_SingleMu7er1p5/0.00 L1_SingleMu8er1p5/0.00 L1_SingleMu9er1p5/0.00 L1_SingleMu10er1p5/0.00 L1_SingleMu12er1p5/0.00 L1_SingleMu14er1p5/0.00 L1_SingleMu18er1p5/0.00
323940,292,3,0.00,HLT_Mu8_IP6_part0_v2/0,OR,L1_SingleMu22/1.00 L1_SingleMu25/1.00 L1_SingleMu6er1p5/0.00 L1_SingleMu7er1p5/0.00 L1_SingleMu8er1p5/0.00 L1_SingleMu9er1p5/0.00 L1_SingleMu10er1p5/0.00 L1_SingleMu12er1p5/1.00 L1_SingleMu14er1p5/0.00 L1_SingleMu18er1p5/0.00
323940,497,4,0.00,HLT_Mu8_IP6_part0_v2/0,OR,L1_SingleMu22/1.00 L1_SingleMu25/1.00 L1_SingleMu6er1p5/0.00 L1_SingleMu7er1p5/0.00 L1_SingleMu8er1p5/0.00 L1_SingleMu9er1p5/0.00 L1_SingleMu10er1p5/1.00 L1_SingleMu12er1p5/1.00 L1_SingleMu14er1p5/1.00 L1_SingleMu18er1p5/1.00
323940,749,5,5.00,HLT_Mu8_IP6_part0_v2/5,OR,L1_SingleMu22/1.00 L1_SingleMu25/1.00 L1_SingleMu6er1p5/0.00 L1_SingleMu7er1p5/0.00 L1_SingleMu8er1p5/0.00 L1_SingleMu9er1p5/1.00 L1_SingleMu10er1p5/1.00 L1_SingleMu12er1p5/1.00 L1_SingleMu14er1p5/1.00 L1_SingleMu18er1p5/1.00
323940,957,6,5.00,HLT_Mu8_IP6_part0_v2/5,OR,L1_SingleMu22/1.00 L1_SingleMu25/1.00 L1_SingleMu6er1p5/0.00 L1_SingleMu7er1p5/0.00 L1_SingleMu8er1p5/1.00 L1_SingleMu9er1p5/1.00 L1_SingleMu10er1p5/1.00 L1_SingleMu12er1p5/1.00 L1_SingleMu14er1p5/1.00 L1_SingleMu18er1p5/1.00
323940,1335,7,5.00,HLT_Mu8_IP6_part0_v2/5,OR,L1_SingleMu22/1.00 L1_SingleMu25/1.00 L1_SingleMu6er1p5/0.00 L1_SingleMu7er1p5/1.00 L1_SingleMu8er1p5/1.00 L1_SingleMu9er1p5/1.00 L1_SingleMu10er1p5/1.00 L1_SingleMu12er1p5/1.00 L1_SingleMu14er1p5/1.00 L1_SingleMu18er1p5/1.00
323940,1,2,0.00,HLT_Mu8_IP6_part0_v2/0,OR,L1_SingleMu22/1.00 L1_SingleMu25/1.00 L1_SingleMu6er1p5/0.00 L1_SingleMu7er1p5/0.00 L1_SingleMu8er1p5/0.00 L1_SingleMu9er1p5/0.00 L1_SingleMu10er1p5/0.00 L1_SingleMu12er1p5/0.00 L1_SingleMu14er1p5/0.00 L1_SingleMu18er1p5/0.00
323940,292,3,0.00,HLT_Mu8_IP6_part0_v2/0,OR,L1_SingleMu22/1.00 L1_SingleMu25/1.00 L1_SingleMu6er1p5/0.00 L1_SingleMu7er1p5/0.00 L1_SingleMu8er1p5/0.00 L1_SingleMu9er1p5/0.00 L1_SingleMu10er1p5/0.00 L1_SingleMu12er1p5/1.00 L1_SingleMu14er1p5/0.00 L1_SingleMu18er1p5/0.00
323940,497,4,0.00,HLT_Mu8_IP6_part0_v2/0,OR,L1_SingleMu22/1.00 L1_SingleMu25/1.00 L1_SingleMu6er1p5/0.00 L1_SingleMu7er1p5/0.00 L1_SingleMu8er1p5/0.00 L1_SingleMu9er1p5/0.00 L1_SingleMu10er1p5/1.00 L1_SingleMu12er1p5/1.00 L1_SingleMu14er1p5/1.00 L1_SingleMu18er1p5/1.00
323940,749,5,5.00,HLT_Mu8_IP6_part0_v2/5,OR,L1_SingleMu22/1.00 L1_SingleMu25/1.00 L1_SingleMu6er1p5/0.00 L1_SingleMu7er1p5/0.00 L1_SingleMu8er1p5/0.00 L1_SingleMu9er1p5/1.00 L1_SingleMu10er1p5/1.00 L1_SingleMu12er1p5/1.00 L1_SingleMu14er1p5/1.00 L1_SingleMu18er1p5/1.00
323940,957,6,5.00,HLT_Mu8_IP6_part0_v2/5,OR,L1_SingleMu22/1.00 L1_SingleMu25/1.00 L1_SingleMu6er1p5/0.00 L1_SingleMu7er1p5/0.00 L1_SingleMu8er1p5/1.00 L1_SingleMu9er1p5/1.00 L1_SingleMu10er1p5/1.00 L1_SingleMu12er1p5/1.00 L1_SingleMu14er1p5/1.00 L1_SingleMu18er1p5/1.00
323940,1335,7,5.00,HLT_Mu8_IP6_part0_v2/5,OR,L1_SingleMu22/1.00 L1_SingleMu25/1.00 L1_SingleMu6er1p5/0.00 L1_SingleMu7er1p5/1.00 L1_SingleMu8er1p5/1.00 L1_SingleMu9er1p5/1.00 L1_SingleMu10er1p5/1.00 L1_SingleMu12er1p5/1.00 L1_SingleMu14er1p5/1.00 L1_SingleMu18er1p5/1.00
323954,1,7,5.00,HLT_Mu8_IP6_part0_v2/5,OR,L1_SingleMu22/1.00 L1_SingleMu25/1.00 L1_SingleMu6er1p5/0.00 L1_SingleMu7er1p5/1.00 L1_SingleMu8er1p5/1.00 L1_SingleMu9er1p5/1.00 L1_SingleMu10er1p5/1.00 L1_SingleMu12er1p5/1.00 L1_SingleMu14er1p5/1.00 L1_SingleMu18er1p5/1.00
323980,1,2,0.00,HLT_Mu8_IP6_part0_v2/0,OR,L1_SingleMu22/1.00 L1_SingleMu25/1.00 L1_SingleMu6er1p5/0.00 L1_SingleMu7er1p5/0.00 L1_SingleMu8er1p5/0.00 L1_SingleMu9er1p5/0.00 L1_SingleMu10er1p5/0.00 L1_SingleMu12er1p5/0.00 L1_SingleMu14er1p5/0.00 L1_SingleMu18er1p5/0.00
323980,8,3,0.00,HLT_Mu8_IP6_part0_v2/0,OR,L1_SingleMu22/1.00 L1_SingleMu25/1.00 L1_SingleMu6er1p5/0.00 L1_SingleMu7er1p5/0.00 L1_SingleMu8er1p5/0.00 L1_SingleMu9er1p5/0.00 L1_SingleMu10er1p5/0.00 L1_SingleMu12er1p5/1.00 L1_SingleMu14er1p5/0.00 L1_SingleMu18er1p5/0.00
323980,194,4,0.00,HLT_Mu8_IP6_part0_v2/0,OR,L1_SingleMu22/1.00 L1_SingleMu25/1.00 L1_SingleMu6er1p5/0.00 L1_SingleMu7er1p5/0.00 L1_SingleMu8er1p5/0.00 L1_SingleMu9er1p5/0.00 L1_SingleMu10er1p5/1.00 L1_SingleMu12er1p5/1.00 L1_SingleMu14er1p5/1.00 L1_SingleMu18er1p5/1.00
323980,1,2,0.00,HLT_Mu8_IP6_part0_v2/0,OR,L1_SingleMu22/1.00 L1_SingleMu25/1.00 L1_SingleMu6er1p5/0.00 L1_SingleMu7er1p5/0.00 L1_SingleMu8er1p5/0.00 L1_SingleMu9er1p5/0.00 L1_SingleMu10er1p5/0.00 L1_SingleMu12er1p5/0.00 L1_SingleMu14er1p5/0.00 L1_SingleMu18er1p5/0.00
323980,8,3,0.00,HLT_Mu8_IP6_part0_v2/0,OR,L1_SingleMu22/1.00 L1_SingleMu25/1.00 L1_SingleMu6er1p5/0.00 L1_SingleMu7er1p5/0.00 L1_SingleMu8er1p5/0.00 L1_SingleMu9er1p5/0.00 L1_SingleMu10er1p5/0.00 L1_SingleMu12er1p5/1.00 L1_SingleMu14er1p5/0.00 L1_SingleMu18er1p5/0.00
323980,194,4,0.00,HLT_Mu8_IP6_part0_v2/0,OR,L1_SingleMu22/1.00 L1_SingleMu25/1.00 L1_SingleMu6er1p5/0.00 L1_SingleMu7er1p5/0.00 L1_SingleMu8er1p5/0.00 L1_SingleMu9er1p5/0.00 L1_SingleMu10er1p5/1.00 L1_SingleMu12er1p5/1.00 L1_SingleMu14er1p5/1.00 L1_SingleMu18er1p5/1.00
323983,1,4,0.00,HLT_Mu8_IP6_part0_v2/0,OR,L1_SingleMu22/1.00 L1_SingleMu25/1.00 L1_SingleMu6er1p5/0.00 L1_SingleMu7er1p5/0.00 L1_SingleMu8er1p5/0.00 L1_SingleMu9er1p5/0.00 L1_SingleMu10er1p5/1.00 L1_SingleMu12er1p5/1.00 L1_SingleMu14er1p5/1.00 L1_SingleMu18er1p5/1.00
323983,139,5,5.00,HLT_Mu8_IP6_part0_v2/5,OR,L1_SingleMu22/1.00 L1_SingleMu25/1.00 L1_SingleMu6er1p5/0.00 L1_SingleMu7er1p5/0.00 L1_SingleMu8er1p5/0.00 L1_SingleMu9er1p5/1.00 L1_SingleMu10er1p5/1.00 L1_SingleMu12er1p5/1.00 L1_SingleMu14er1p5/1.00 L1_SingleMu18er1p5/1.00
323983,1,4,0.00,HLT_Mu8_IP6_part0_v2/0,OR,L1_SingleMu22/1.00 L1_SingleMu25/1.00 L1_SingleMu6er1p5/0.00 L1_SingleMu7er1p5/0.00 L1_SingleMu8er1p5/0.00 L1_SingleMu9er1p5/0.00 L1_SingleMu10er1p5/1.00 L1_SingleMu12er1p5/1.00 L1_SingleMu14er1p5/1.00 L1_SingleMu18er1p5/1.00
323983,139,5,5.00,HLT_Mu8_IP6_part0_v2/5,OR,L1_SingleMu22/1.00 L1_SingleMu25/1.00 L1_SingleMu6er1p5/0.00 L1_SingleMu7er1p5/0.00 L1_SingleMu8er1p5/0.00 L1_SingleMu9er1p5/1.00 L1_SingleMu10er1p5/1.00 L1_SingleMu12er1p5/1.00 L1_SingleMu14er1p5/1.00 L1_SingleMu18er1p5/1.00
323997,1,5,5.00,HLT_Mu8_IP6_part0_v2/5,OR,L1_SingleMu22/1.00 L1_SingleMu25/1.00 L1_SingleMu6er1p5/0.00 L1_SingleMu7er1p5/0.00 L1_SingleMu8er1p5/0.00 L1_SingleMu9er1p5/1.00 L1_SingleMu10er1p5/1.00 L1_SingleMu12er1p5/1.00 L1_SingleMu14er1p5/1.00 L1_SingleMu18er1p5/1.00
323997,310,6,5.00,HLT_Mu8_IP6_part0_v2/5,OR,L1_SingleMu22/1.00 L1_SingleMu25/1.00 L1_SingleMu6er1p5/0.00 L1_SingleMu7er1p5/0.00 L1_SingleMu8er1p5/1.00 L1_SingleMu9er1p5/1.00 L1_SingleMu10er1p5/1.00 L1_SingleMu12er1p5/1.00 L1_SingleMu14er1p5/1.00 L1_SingleMu18er1p5/1.00
323997,1,5,5.00,HLT_Mu8_IP6_part0_v2/5,OR,L1_SingleMu22/1.00 L1_SingleMu25/1.00 L1_SingleMu6er1p5/0.00 L1_SingleMu7er1p5/0.00 L1_SingleMu8er1p5/0.00 L1_SingleMu9er1p5/1.00 L1_SingleMu10er1p5/1.00 L1_SingleMu12er1p5/1.00 L1_SingleMu14er1p5/1.00 L1_SingleMu18er1p5/1.00
323997,310,6,5.00,HLT_Mu8_IP6_part0_v2/5,OR,L1_SingleMu22/1.00 L1_SingleMu25/1.00 L1_SingleMu6er1p5/0.00 L1_SingleMu7er1p5/0.00 L1_SingleMu8er1p5/1.00 L1_SingleMu9er1p5/1.00 L1_SingleMu10er1p5/1.00 L1_SingleMu12er1p5/1.00 L1_SingleMu14er1p5/1.00 L1_SingleMu18er1p5/1.00
324021,1,2,0.00,HLT_Mu8_IP6_part0_v2/0,OR,L1_SingleMu22/1.00 L1_SingleMu25/1.00 L1_SingleMu6er1p5/0.00 L1_SingleMu7er1p5/0.00 L1_SingleMu8er1p5/0.00 L1_SingleMu9er1p5/0.00 L1_SingleMu10er1p5/0.00 L1_SingleMu12er1p5/0.00 L1_SingleMu14er1p5/0.00 L1_SingleMu18er1p5/0.00
324021,279,3,0.00,HLT_Mu8_IP6_part0_v2/0,OR,L1_SingleMu22/1.00 L1_SingleMu25/1.00 L1_SingleMu6er1p5/0.00 L1_SingleMu7er1p5/0.00 L1_SingleMu8er1p5/0.00 L1_SingleMu9er1p5/0.00 L1_SingleMu10er1p5/0.00 L1_SingleMu12er1p5/1.00 L1_SingleMu14er1p5/0.00 L1_SingleMu18er1p5/0.00
324021,456,4,0.00,HLT_Mu8_IP6_part0_v2/0,OR,L1_SingleMu22/1.00 L1_SingleMu25/1.00 L1_SingleMu6er1p5/0.00 L1_SingleMu7er1p5/0.00 L1_SingleMu8er1p5/0.00 L1_SingleMu9er1p5/0.00 L1_SingleMu10er1p5/1.00 L1_SingleMu12er1p5/1.00 L1_SingleMu14er1p5/1.00 L1_SingleMu18er1p5/1.00
324021,675,5,5.00,HLT_Mu8_IP6_part0_v2/5,OR,L1_SingleMu22/1.00 L1_SingleMu25/1.00 L1_SingleMu6er1p5/0.00 L1_SingleMu7er1p5/0.00 L1_SingleMu8er1p5/0.00 L1_SingleMu9er1p5/1.00 L1_SingleMu10er1p5/1.00 L1_SingleMu12er1p5/1.00 L1_SingleMu14er1p5/1.00 L1_SingleMu18er1p5/1.00
324021,1,2,0.00,HLT_Mu8_IP6_part0_v2/0,OR,L1_SingleMu22/1.00 L1_SingleMu25/1.00 L1_SingleMu6er1p5/0.00 L1_SingleMu7er1p5/0.00 L1_SingleMu8er1p5/0.00 L1_SingleMu9er1p5/0.00 L1_SingleMu10er1p5/0.00 L1_SingleMu12er1p5/0.00 L1_SingleMu14er1p5/0.00 L1_SingleMu18er1p5/0.00
324021,279,3,0.00,HLT_Mu8_IP6_part0_v2/0,OR,L1_SingleMu22/1.00 L1_SingleMu25/1.00 L1_SingleMu6er1p5/0.00 L1_SingleMu7er1p5/0.00 L1_SingleMu8er1p5/0.00 L1_SingleMu9er1p5/0.00 L1_SingleMu10er1p5/0.00 L1_SingleMu12er1p5/1.00 L1_SingleMu14er1p5/0.00 L1_SingleMu18er1p5/0.00
324021,456,4,0.00,HLT_Mu8_IP6_part0_v2/0,OR,L1_SingleMu22/1.00 L1_SingleMu25/1.00 L1_SingleMu6er1p5/0.00 L1_SingleMu7er1p5/0.00 L1_SingleMu8er1p5/0.00 L1_SingleMu9er1p5/0.00 L1_SingleMu10er1p5/1.00 L1_SingleMu12er1p5/1.00 L1_SingleMu14er1p5/1.00 L1_SingleMu18er1p5/1.00
324021,675,5,5.00,HLT_Mu8_IP6_part0_v2/5,OR,L1_SingleMu22/1.00 L1_SingleMu25/1.00 L1_SingleMu6er1p5/0.00 L1_SingleMu7er1p5/0.00 L1_SingleMu8er1p5/0.00 L1_SingleMu9er1p5/1.00 L1_SingleMu10er1p5/1.00 L1_SingleMu12er1p5/1.00 L1_SingleMu14er1p5/1.00 L1_SingleMu18er1p5/1.00
324021,1,2,0.00,HLT_Mu8_IP6_part0_v2/0,OR,L1_SingleMu22/1.00 L1_SingleMu25/1.00 L1_SingleMu6er1p5/0.00 L1_SingleMu7er1p5/0.00 L1_SingleMu8er1p5/0.00 L1_SingleMu9er1p5/0.00 L1_SingleMu10er1p5/0.00 L1_SingleMu12er1p5/0.00 L1_SingleMu14er1p5/0.00 L1_SingleMu18er1p5/0.00
324021,279,3,0.00,HLT_Mu8_IP6_part0_v2/0,OR,L1_SingleMu22/1.00 L1_SingleMu25/1.00 L1_SingleMu6er1p5/0.00 L1_SingleMu7er1p5/0.00 L1_SingleMu8er1p5/0.00 L1_SingleMu9er1p5/0.00 L1_SingleMu10er1p5/0.00 L1_SingleMu12er1p5/1.00 L1_SingleMu14er1p5/0.00 L1_SingleMu18er1p5/0.00
324021,456,4,0.00,HLT_Mu8_IP6_part0_v2/0,OR,L1_SingleMu22/1.00 L1_SingleMu25/1.00 L1_SingleMu6er1p5/0.00 L1_SingleMu7er1p5/0.00 L1_SingleMu8er1p5/0.00 L1_SingleMu9er1p5/0.00 L1_SingleMu10er1p5/1.00 L1_SingleMu12er1p5/1.00 L1_SingleMu14er1p5/1.00 L1_SingleMu18er1p5/1.00
324021,675,5,5.00,HLT_Mu8_IP6_part0_v2/5,OR,L1_SingleMu22/1.00 L1_SingleMu25/1.00 L1_SingleMu6er1p5/0.00 L1_SingleMu7er1p5/0.00 L1_SingleMu8er1p5/0.00 L1_SingleMu9er1p5/1.00 L1_SingleMu10er1p5/1.00 L1_SingleMu12er1p5/1.00 L1_SingleMu14er1p5/1.00 L1_SingleMu18er1p5/1.00
324022,1,5,5.00,HLT_Mu8_IP6_part0_v2/5,OR,L1_SingleMu22/1.00 L1_SingleMu25/1.00 L1_SingleMu6er1p5/0.00 L1_SingleMu7er1p5/0.00 L1_SingleMu8er1p5/0.00 L1_SingleMu9er1p5/1.00 L1_SingleMu10er1p5/1.00 L1_SingleMu12er1p5/1.00 L1_SingleMu14er1p5/1.00 L1_SingleMu18er1p5/1.00
324022,176,6,5.00,HLT_Mu8_IP6_part0_v2/5,OR,L1_SingleMu22/1.00 L1_SingleMu25/1.00 L1_SingleMu6er1p5/0.00 L1_SingleMu7er1p5/0.00 L1_SingleMu8er1p5/1.00 L1_SingleMu9er1p5/1.00 L1_SingleMu10er1p5/1.00 L1_SingleMu12er1p5/1.00 L1_SingleMu14er1p5/1.00 L1_SingleMu18er1p5/1.00
324022,550,7,5.00,HLT_Mu8_IP6_part0_v2/5,OR,L1_SingleMu22/1.00 L1_SingleMu25/1.00 L1_SingleMu6er1p5/0.00 L1_SingleMu7er1p5/1.00 L1_SingleMu8er1p5/1.00 L1_SingleMu9er1p5/1.00 L1_SingleMu10er1p5/1.00 L1_SingleMu12er1p5/1.00 L1_SingleMu14er1p5/1.00 L1_SingleMu18er1p5/1.00
324022,1,5,5.00,HLT_Mu8_IP6_part0_v2/5,OR,L1_SingleMu22/1.00 L1_SingleMu25/1.00 L1_SingleMu6er1p5/0.00 L1_SingleMu7er1p5/0.00 L1_SingleMu8er1p5/0.00 L1_SingleMu9er1p5/1.00 L1_SingleMu10er1p5/1.00 L1_SingleMu12er1p5/1.00 L1_SingleMu14er1p5/1.00 L1_SingleMu18er1p5/1.00
324022,176,6,5.00,HLT_Mu8_IP6_part0_v2/5,OR,L1_SingleMu22/1.00 L1_SingleMu25/1.00 L1_SingleMu6er1p5/0.00 L1_SingleMu7er1p5/0.00 L1_SingleMu8er1p5/1.00 L1_SingleMu9er1p5/1.00 L1_SingleMu10er1p5/1.00 L1_SingleMu12er1p5/1.00 L1_SingleMu14er1p5/1.00 L1_SingleMu18er1p5/1.00
324022,550,7,5.00,HLT_Mu8_IP6_part0_v2/5,OR,L1_SingleMu22/1.00 L1_SingleMu25/1.00 L1_SingleMu6er1p5/0.00 L1_SingleMu7er1p5/1.00 L1_SingleMu8er1p5/1.00 L1_SingleMu9er1p5/1.00 L1_SingleMu10er1p5/1.00 L1_SingleMu12er1p5/1.00 L1_SingleMu14er1p5/1.00 L1_SingleMu18er1p5/1.00
324077,1,2,0.00,HLT_Mu8_IP6_part0_v2/0,OR,L1_SingleMu22/1.00 L1_SingleMu25/1.00 L1_SingleMu6er1p5/0.00 L1_SingleMu7er1p5/0.00 L1_SingleMu8er1p5/0.00 L1_SingleMu9er1p5/0.00 L1_SingleMu10er1p5/0.00 L1_SingleMu12er1p5/0.00 L1_SingleMu14er1p5/0.00 L1_SingleMu18er1p5/0.00
324077,281,3,0.00,HLT_Mu8_IP6_part0_v2/0,OR,L1_SingleMu22/1.00 L1_SingleMu25/1.00 L1_SingleMu6er1p5/0.00 L1_SingleMu7er1p5/0.00 L1_SingleMu8er1p5/0.00 L1_SingleMu9er1p5/0.00 L1_SingleMu10er1p5/0.00 L1_SingleMu12er1p5/1.00 L1_SingleMu14er1p5/0.00 L1_SingleMu18er1p5/0.00
324077,537,4,0.00,HLT_Mu8_IP6_part0_v2/0,OR,L1_SingleMu22/1.00 L1_SingleMu25/1.00 L1_SingleMu6er1p5/0.00 L1_SingleMu7er1p5/0.00 L1_SingleMu8er1p5/0.00 L1_SingleMu9er1p5/0.00 L1_SingleMu10er1p5/1.00 L1_SingleMu12er1p5/1.00 L1_SingleMu14er1p5/1.00 L1_SingleMu18er1p5/1.00
324077,755,5,5.00,HLT_Mu8_IP6_part0_v2/5,OR,L1_SingleMu22/1.00 L1_SingleMu25/1.00 L1_SingleMu6er1p5/0.00 L1_SingleMu7er1p5/0.00 L1_SingleMu8er1p5/0.00 L1_SingleMu9er1p5/1.00 L1_SingleMu10er1p5/1.00 L1_SingleMu12er1p5/1.00 L1_SingleMu14er1p5/1.00 L1_SingleMu18er1p5/1.00
324077,1,2,0.00,HLT_Mu8_IP6_part0_v2/0,OR,L1_SingleMu22/1.00 L1_SingleMu25/1.00 L1_SingleMu6er1p5/0.00 L1_SingleMu7er1p5/0.00 L1_SingleMu8er1p5/0.00 L1_SingleMu9er1p5/0.00 L1_SingleMu10er1p5/0.00 L1_SingleMu12er1p5/0.00 L1_SingleMu14er1p5/0.00 L1_SingleMu18er1p5/0.00
324077,281,3,0.00,HLT_Mu8_IP6_part0_v2/0,OR,L1_SingleMu22/1.00 L1_SingleMu25/1.00 L1_SingleMu6er1p5/0.00 L1_SingleMu7er1p5/0.00 L1_SingleMu8er1p5/0.00 L1_SingleMu9er1p5/0.00 L1_SingleMu10er1p5/0.00 L1_SingleMu12er1p5/1.00 L1_SingleMu14er1p5/0.00 L1_SingleMu18er1p5/0.00
324077,537,4,0.00,HLT_Mu8_IP6_part0_v2/0,OR,L1_SingleMu22/1.00 L1_SingleMu25/1.00 L1_SingleMu6er1p5/0.00 L1_SingleMu7er1p5/0.00 L1_SingleMu8er1p5/0.00 L1_SingleMu9er1p5/0.00 L1_SingleMu10er1p5/1.00 L1_SingleMu12er1p5/1.00 L1_SingleMu14er1p5/1.00 L1_SingleMu18er1p5/1.00
324077,755,5,5.00,HLT_Mu8_IP6_part0_v2/5,OR,L1_SingleMu22/1.00 L1_SingleMu25/1.00 L1_SingleMu6er1p5/0.00 L1_SingleMu7er1p5/0.00 L1_SingleMu8er1p5/0.00 L1_SingleMu9er1p5/1.00 L1_SingleMu10er1p5/1.00 L1_SingleMu12er1p5/1.00 L1_SingleMu14er1p5/1.00 L1_SingleMu18er1p5/1.00
324201,1,2,0.00,HLT_Mu8_IP6_part0_v2/0,OR,L1_SingleMu22/1.00 L1_SingleMu25/1.00 L1_SingleMu6er1p5/0.00 L1_SingleMu7er1p5/0.00 L1_SingleMu8er1p5/0.00 L1_SingleMu9er1p5/0.00 L1_SingleMu10er1p5/0.00 L1_SingleMu12er1p5/0.00 L1_SingleMu14er1p5/0.00 L1_SingleMu18er1p5/0.00
324201,92,3,0.00,HLT_Mu8_IP6_part0_v2/0,OR,L1_SingleMu22/1.00 L1_SingleMu25/1.00 L1_SingleMu6er1p5/0.00 L1_SingleMu7er1p5/0.00 L1_SingleMu8er1p5/0.00 L1_SingleMu9er1p5/0.00 L1_SingleMu10er1p5/0.00 L1_SingleMu12er1p5/1.00 L1_SingleMu14er1p5/0.00 L1_SingleMu18er1p5/0.00
324201,304,4,0.00,HLT_Mu8_IP6_part0_v2/0,OR,L1_SingleMu22/1.00 L1_SingleMu25/1.00 L1_SingleMu6er1p5/0.00 L1_SingleMu7er1p5/0.00 L1_SingleMu8er1p5/0.00 L1_SingleMu9er1p5/0.00 L1_SingleMu10er1p5/1.00 L1_SingleMu12er1p5/1.00 L1_SingleMu14er1p5/1.00 L1_SingleMu18er1p5/1.00
324201,555,5,5.00,HLT_Mu8_IP6_part0_v2/5,OR,L1_SingleMu22/1.00 L1_SingleMu25/1.00 L1_SingleMu6er1p5/0.00 L1_SingleMu7er1p5/0.00 L1_SingleMu8er1p5/0.00 L1_SingleMu9er1p5/1.00 L1_SingleMu10er1p5/1.00 L1_SingleMu12er1p5/1.00 L1_SingleMu14er1p5/1.00 L1_SingleMu18er1p5/1.00
324201,833,6,5.00,HLT_Mu8_IP6_part0_v2/5,OR,L1_SingleMu22/1.00 L1_SingleMu25/1.00 L1_SingleMu6er1p5/0.00 L1_SingleMu7er1p5/0.00 L1_SingleMu8er1p5/1.00 L1_SingleMu9er1p5/1.00 L1_SingleMu10er1p5/1.00 L1_SingleMu12er1p5/1.00 L1_SingleMu14er1p5/1.00 L1_SingleMu18er1p5/1.00
324201,1214,7,5.00,HLT_Mu8_IP6_part0_v2/5,OR,L1_SingleMu22/1.00 L1_SingleMu25/1.00 L1_SingleMu6er1p5/0.00 L1_SingleMu7er1p5/1.00 L1_SingleMu8er1p5/1.00 L1_SingleMu9er1p5/1.00 L1_SingleMu10er1p5/1.00 L1_SingleMu12er1p5/1.00 L1_SingleMu14er1p5/1.00 L1_SingleMu18er1p5/1.00
324201,1,2,0.00,HLT_Mu8_IP6_part0_v2/0,OR,L1_SingleMu22/1.00 L1_SingleMu25/1.00 L1_SingleMu6er1p5/0.00 L1_SingleMu7er1p5/0.00 L1_SingleMu8er1p5/0.00 L1_SingleMu9er1p5/0.00 L1_SingleMu10er1p5/0.00 L1_SingleMu12er1p5/0.00 L1_SingleMu14er1p5/0.00 L1_SingleMu18er1p5/0.00
324201,92,3,0.00,HLT_Mu8_IP6_part0_v2/0,OR,L1_SingleMu22/1.00 L1_SingleMu25/1.00 L1_SingleMu6er1p5/0.00 L1_SingleMu7er1p5/0.00 L1_SingleMu8er1p5/0.00 L1_SingleMu9er1p5/0.00 L1_SingleMu10er1p5/0.00 L1_SingleMu12er1p5/1.00 L1_SingleMu14er1p5/0.00 L1_SingleMu18er1p5/0.00
324201,304,4,0.00,HLT_Mu8_IP6_part0_v2/0,OR,L1_SingleMu22/1.00 L1_SingleMu25/1.00 L1_SingleMu6er1p5/0.00 L1_SingleMu7er1p5/0.00 L1_SingleMu8er1p5/0.00 L1_SingleMu9er1p5/0.00 L1_SingleMu10er1p5/1.00 L1_SingleMu12er1p5/1.00 L1_SingleMu14er1p5/1.00 L1_SingleMu18er1p5/1.00
324201,555,5,5.00,HLT_Mu8_IP6_part0_v2/5,OR,L1_SingleMu22/1.00 L1_SingleMu25/1.00 L1_SingleMu6er1p5/0.00 L1_SingleMu7er1p5/0.00 L1_SingleMu8er1p5/0.00 L1_SingleMu9er1p5/1.00 L1_SingleMu10er1p5/1.00 L1_SingleMu12er1p5/1.00 L1_SingleMu14er1p5/1.00 L1_SingleMu18er1p5/1.00
324201,833,6,5.00,HLT_Mu8_IP6_part0_v2/5,OR,L1_SingleMu22/1.00 L1_SingleMu25/1.00 L1_SingleMu6er1p5/0.00 L1_SingleMu7er1p5/0.00 L1_SingleMu8er1p5/1.00 L1_SingleMu9er1p5/1.00 L1_SingleMu10er1p5/1.00 L1_SingleMu12er1p5/1.00 L1_SingleMu14er1p5/1.00 L1_SingleMu18er1p5/1.00
324201,1214,7,5.00,HLT_Mu8_IP6_part0_v2/5,OR,L1_SingleMu22/1.00 L1_SingleMu25/1.00 L1_SingleMu6er1p5/0.00 L1_SingleMu7er1p5/1.00 L1_SingleMu8er1p5/1.00 L1_SingleMu9er1p5/1.00 L1_SingleMu10er1p5/1.00 L1_SingleMu12er1p5/1.00 L1_SingleMu14er1p5/1.00 L1_SingleMu18er1p5/1.00
324201,1,2,0.00,HLT_Mu8_IP6_part0_v2/0,OR,L1_SingleMu22/1.00 L1_SingleMu25/1.00 L1_SingleMu6er1p5/0.00 L1_SingleMu7er1p5/0.00 L1_SingleMu8er1p5/0.00 L1_SingleMu9er1p5/0.00 L1_SingleMu10er1p5/0.00 L1_SingleMu12er1p5/0.00 L1_SingleMu14er1p5/0.00 L1_SingleMu18er1p5/0.00
324201,92,3,0.00,HLT_Mu8_IP6_part0_v2/0,OR,L1_SingleMu22/1.00 L1_SingleMu25/1.00 L1_SingleMu6er1p5/0.00 L1_SingleMu7er1p5/0.00 L1_SingleMu8er1p5/0.00 L1_SingleMu9er1p5/0.00 L1_SingleMu10er1p5/0.00 L1_SingleMu12er1p5/1.00 L1_SingleMu14er1p5/0.00 L1_SingleMu18er1p5/0.00
324201,304,4,0.00,HLT_Mu8_IP6_part0_v2/0,OR,L1_SingleMu22/1.00 L1_SingleMu25/1.00 L1_SingleMu6er1p5/0.00 L1_SingleMu7er1p5/0.00 L1_SingleMu8er1p5/0.00 L1_SingleMu9er1p5/0.00 L1_SingleMu10er1p5/1.00 L1_SingleMu12er1p5/1.00 L1_SingleMu14er1p5/1.00 L1_SingleMu18er1p5/1.00
324201,555,5,5.00,HLT_Mu8_IP6_part0_v2/5,OR,L1_SingleMu22/1.00 L1_SingleMu25/1.00 L1_SingleMu6er1p5/0.00 L1_SingleMu7er1p5/0.00 L1_SingleMu8er1p5/0.00 L1_SingleMu9er1p5/1.00 L1_SingleMu10er1p5/1.00 L1_SingleMu12er1p5/1.00 L1_SingleMu14er1p5/1.00 L1_SingleMu18er1p5/1.00
324201,833,6,5.00,HLT_Mu8_IP6_part0_v2/5,OR,L1_SingleMu22/1.00 L1_SingleMu25/1.00 L1_SingleMu6er1p5/0.00 L1_SingleMu7er1p5/0.00 L1_SingleMu8er1p5/1.00 L1_SingleMu9er1p5/1.00 L1_SingleMu10er1p5/1.00 L1_SingleMu12er1p5/1.00 L1_SingleMu14er1p5/1.00 L1_SingleMu18er1p5/1.00
324201,1214,7,5.00,HLT_Mu8_IP6_part0_v2/5,OR,L1_SingleMu22/1.00 L1_SingleMu25/1.00 L1_SingleMu6er1p5/0.00 L1_SingleMu7er1p5/1.00 L1_SingleMu8er1p5/1.00 L1_SingleMu9er1p5/1.00 L1_SingleMu10er1p5/1.00 L1_SingleMu12er1p5/1.00 L1_SingleMu14er1p5/1.00 L1_SingleMu18er1p5/1.00
324201,1,2,0.00,HLT_Mu8_IP6_part0_v2/0,OR,L1_SingleMu22/1.00 L1_SingleMu25/1.00 L1_SingleMu6er1p5/0.00 L1_SingleMu7er1p5/0.00 L1_SingleMu8er1p5/0.00 L1_SingleMu9er1p5/0.00 L1_SingleMu10er1p5/0.00 L1_SingleMu12er1p5/0.00 L1_SingleMu14er1p5/0.00 L1_SingleMu18er1p5/0.00
324201,92,3,0.00,HLT_Mu8_IP6_part0_v2/0,OR,L1_SingleMu22/1.00 L1_SingleMu25/1.00 L1_SingleMu6er1p5/0.00 L1_SingleMu7er1p5/0.00 L1_SingleMu8er1p5/0.00 L1_SingleMu9er1p5/0.00 L1_SingleMu10er1p5/0.00 L1_SingleMu12er1p5/1.00 L1_SingleMu14er1p5/0.00 L1_SingleMu18er1p5/0.00
324201,304,4,0.00,HLT_Mu8_IP6_part0_v2/0,OR,L1_SingleMu22/1.00 L1_SingleMu25/1.00 L1_SingleMu6er1p5/0.00 L1_SingleMu7er1p5/0.00 L1_SingleMu8er1p5/0.00 L1_SingleMu9er1p5/0.00 L1_SingleMu10er1p5/1.00 L1_SingleMu12er1p5/1.00 L1_SingleMu14er1p5/1.00 L1_SingleMu18er1p5/1.00
324201,555,5,5.00,HLT_Mu8_IP6_part0_v2/5,OR,L1_SingleMu22/1.00 L1_SingleMu25/1.00 L1_SingleMu6er1p5/0.00 L1_SingleMu7er1p5/0.00 L1_SingleMu8er1p5/0.00 L1_SingleMu9er1p5/1.00 L1_SingleMu10er1p5/1.00 L1_SingleMu12er1p5/1.00 L1_SingleMu14er1p5/1.00 L1_SingleMu18er1p5/1.00
324201,833,6,5.00,HLT_Mu8_IP6_part0_v2/5,OR,L1_SingleMu22/1.00 L1_SingleMu25/1.00 L1_SingleMu6er1p5/0.00 L1_SingleMu7er1p5/0.00 L1_SingleMu8er1p5/1.00 L1_SingleMu9er1p5/1.00 L1_SingleMu10er1p5/1.00 L1_SingleMu12er1p5/1.00 L1_SingleMu14er1p5/1.00 L1_SingleMu18er1p5/1.00
324201,1214,7,5.00,HLT_Mu8_IP6_part0_v2/5,OR,L1_SingleMu22/1.00 L1_SingleMu25/1.00 L1_SingleMu6er1p5/0.00 L1_SingleMu7er1p5/1.00 L1_SingleMu8er1p5/1.00 L1_SingleMu9er1p5/1.00 L1_SingleMu10er1p5/1.00 L1_SingleMu12er1p5/1.00 L1_SingleMu14er1p5/1.00 L1_SingleMu18er1p5/1.00
324202,1,2,0.00,HLT_Mu8_IP6_part0_v2/0,OR,L1_SingleMu22/1.00 L1_SingleMu25/1.00 L1_SingleMu6er1p5/0.00 L1_SingleMu7er1p5/0.00 L1_SingleMu8er1p5/0.00 L1_SingleMu9er1p5/0.00 L1_SingleMu10er1p5/0.00 L1_SingleMu12er1p5/0.00 L1_SingleMu14er1p5/0.00 L1_SingleMu18er1p5/0.00
324202,3,7,5.00,HLT_Mu8_IP6_part0_v2/5,OR,L1_SingleMu22/1.00 L1_SingleMu25/1.00 L1_SingleMu6er1p5/0.00 L1_SingleMu7er1p5/0.00 L1_SingleMu8er1p5/0.00 L1_SingleMu9er1p5/0.00 L1_SingleMu10er1p5/0.00 L1_SingleMu12er1p5/0.00 L1_SingleMu14er1p5/0.00 L1_SingleMu18er1p5/0.00
324205,1,7,5.00,HLT_Mu8_IP6_part0_v2/5,OR,L1_SingleMu22/1.00 L1_SingleMu25/1.00 L1_SingleMu6er1p5/0.00 L1_SingleMu7er1p5/1.00 L1_SingleMu8er1p5/1.00 L1_SingleMu9er1p5/1.00 L1_SingleMu10er1p5/1.00 L1_SingleMu12er1p5/1.00 L1_SingleMu14er1p5/1.00 L1_SingleMu18er1p5/1.00
324206,1,7,5.00,HLT_Mu8_IP6_part0_v2/5,OR,L1_SingleMu22/1.00 L1_SingleMu25/1.00 L1_SingleMu6er1p5/0.00 L1_SingleMu7er1p5/1.00 L1_SingleMu8er1p5/1.00 L1_SingleMu9er1p5/1.00 L1_SingleMu10er1p5/1.00 L1_SingleMu12er1p5/1.00 L1_SingleMu14er1p5/1.00 L1_SingleMu18er1p5/1.00
324206,37,8,5.00,HLT_Mu8_IP6_part0_v2/5,OR,L1_SingleMu22/1.00 L1_SingleMu25/1.00 L1_SingleMu6er1p5/0.00 L1_SingleMu7er1p5/1.00 L1_SingleMu8er1p5/1.00 L1_SingleMu9er1p5/1.00 L1_SingleMu10er1p5/1.00 L1_SingleMu12er1p5/1.00 L1_SingleMu14er1p5/1.00 L1_SingleMu18er1p5/1.00
324207,1,8,5.00,HLT_Mu8_IP6_part0_v2/5,OR,L1_SingleMu22/1.00 L1_SingleMu25/1.00 L1_SingleMu6er1p5/0.00 L1_SingleMu7er1p5/1.00 L1_SingleMu8er1p5/1.00 L1_SingleMu9er1p5/1.00 L1_SingleMu10er1p5/1.00 L1_SingleMu12er1p5/1.00 L1_SingleMu14er1p5/1.00 L1_SingleMu18er1p5/1.00
324209,1,8,5.00,HLT_Mu8_IP6_part0_v2/5,OR,L1_SingleMu22/1.00 L1_SingleMu25/1.00 L1_SingleMu6er1p5/0.00 L1_SingleMu7er1p5/1.00 L1_SingleMu8er1p5/1.00 L1_SingleMu9er1p5/1.00 L1_SingleMu10er1p5/1.00 L1_SingleMu12er1p5/1.00 L1_SingleMu14er1p5/1.00 L1_SingleMu18er1p5/1.00
324237,1,2,0.00,HLT_Mu8_IP6_part0_v2/0,OR,L1_SingleMu22/1.00 L1_SingleMu25/1.00 L1_SingleMu6er1p5/0.00 L1_SingleMu7er1p5/0.00 L1_SingleMu8er1p5/0.00 L1_SingleMu9er1p5/0.00 L1_SingleMu10er1p5/0.00 L1_SingleMu12er1p5/0.00 L1_SingleMu14er1p5/0.00 L1_SingleMu18er1p5/0.00
324237,174,3,0.00,HLT_Mu8_IP6_part0_v2/0,OR,L1_SingleMu22/1.00 L1_SingleMu25/1.00 L1_SingleMu6er1p5/0.00 L1_SingleMu7er1p5/0.00 L1_SingleMu8er1p5/0.00 L1_SingleMu9er1p5/0.00 L1_SingleMu10er1p5/0.00 L1_SingleMu12er1p5/1.00 L1_SingleMu14er1p5/0.00 L1_SingleMu18er1p5/0.00
324245,1,2,0.00,HLT_Mu8_IP6_part0_v2/0,OR,L1_SingleMu22/1.00 L1_SingleMu25/1.00 L1_SingleMu6er1p5/0.00 L1_SingleMu7er1p5/0.00 L1_SingleMu8er1p5/0.00 L1_SingleMu9er1p5/0.00 L1_SingleMu10er1p5/0.00 L1_SingleMu12er1p5/0.00 L1_SingleMu14er1p5/0.00 L1_SingleMu18er1p5/0.00
324245,95,3,0.00,HLT_Mu8_IP6_part0_v2/0,OR,L1_SingleMu22/1.00 L1_SingleMu25/1.00 L1_SingleMu6er1p5/0.00 L1_SingleMu7er1p5/0.00 L1_SingleMu8er1p5/0.00 L1_SingleMu9er1p5/0.00 L1_SingleMu10er1p5/0.00 L1_SingleMu12er1p5/1.00 L1_SingleMu14er1p5/0.00 L1_SingleMu18er1p5/0.00
324245,264,4,0.00,HLT_Mu8_IP6_part0_v2/0,OR,L1_SingleMu22/1.00 L1_SingleMu25/1.00 L1_SingleMu6er1p5/0.00 L1_SingleMu7er1p5/0.00 L1_SingleMu8er1p5/0.00 L1_SingleMu9er1p5/0.00 L1_SingleMu10er1p5/1.00 L1_SingleMu12er1p5/1.00 L1_SingleMu14er1p5/1.00 L1_SingleMu18er1p5/1.00
324245,507,5,5.00,HLT_Mu8_IP6_part0_v2/5,OR,L1_SingleMu22/1.00 L1_SingleMu25/1.00 L1_SingleMu6er1p5/0.00 L1_SingleMu7er1p5/0.00 L1_SingleMu8er1p5/0.00 L1_SingleMu9er1p5/1.00 L1_SingleMu10er1p5/1.00 L1_SingleMu12er1p5/1.00 L1_SingleMu14er1p5/1.00 L1_SingleMu18er1p5/1.00
324245,828,6,5.00,HLT_Mu8_IP6_part0_v2/5,OR,L1_SingleMu22/1.00 L1_SingleMu25/1.00 L1_SingleMu6er1p5/0.00 L1_SingleMu7er1p5/0.00 L1_SingleMu8er1p5/1.00 L1_SingleMu9er1p5/1.00 L1_SingleMu10er1p5/1.00 L1_SingleMu12er1p5/1.00 L1_SingleMu14er1p5/1.00 L1_SingleMu18er1p5/1.00
324245,1264,7,5.00,HLT_Mu8_IP6_part0_v2/5,OR,L1_SingleMu22/1.00 L1_SingleMu25/1.00 L1_SingleMu6er1p5/0.00 L1_SingleMu7er1p5/1.00 L1_SingleMu8er1p5/1.00 L1_SingleMu9er1p5/1.00 L1_SingleMu10er1p5/1.00 L1_SingleMu12er1p5/1.00 L1_SingleMu14er1p5/1.00 L1_SingleMu18er1p5/1.00
324245,1,2,0.00,HLT_Mu8_IP6_part0_v2/0,OR,L1_SingleMu22/1.00 L1_SingleMu25/1.00 L1_SingleMu6er1p5/0.00 L1_SingleMu7er1p5/0.00 L1_SingleMu8er1p5/0.00 L1_SingleMu9er1p5/0.00 L1_SingleMu10er1p5/0.00 L1_SingleMu12er1p5/0.00 L1_SingleMu14er1p5/0.00 L1_SingleMu18er1p5/0.00
324245,95,3,0.00,HLT_Mu8_IP6_part0_v2/0,OR,L1_SingleMu22/1.00 L1_SingleMu25/1.00 L1_SingleMu6er1p5/0.00 L1_SingleMu7er1p5/0.00 L1_SingleMu8er1p5/0.00 L1_SingleMu9er1p5/0.00 L1_SingleMu10er1p5/0.00 L1_SingleMu12er1p5/1.00 L1_SingleMu14er1p5/0.00 L1_SingleMu18er1p5/0.00
324245,264,4,0.00,HLT_Mu8_IP6_part0_v2/0,OR,L1_SingleMu22/1.00 L1_SingleMu25/1.00 L1_SingleMu6er1p5/0.00 L1_SingleMu7er1p5/0.00 L1_SingleMu8er1p5/0.00 L1_SingleMu9er1p5/0.00 L1_SingleMu10er1p5/1.00 L1_SingleMu12er1p5/1.00 L1_SingleMu14er1p5/1.00 L1_SingleMu18er1p5/1.00
324245,507,5,5.00,HLT_Mu8_IP6_part0_v2/5,OR,L1_SingleMu22/1.00 L1_SingleMu25/1.00 L1_SingleMu6er1p5/0.00 L1_SingleMu7er1p5/0.00 L1_SingleMu8er1p5/0.00 L1_SingleMu9er1p5/1.00 L1_SingleMu10er1p5/1.00 L1_SingleMu12er1p5/1.00 L1_SingleMu14er1p5/1.00 L1_SingleMu18er1p5/1.00
324245,828,6,5.00,HLT_Mu8_IP6_part0_v2/5,OR,L1_SingleMu22/1.00 L1_SingleMu25/1.00 L1_SingleMu6er1p5/0.00 L1_SingleMu7er1p5/0.00 L1_SingleMu8er1p5/1.00 L1_SingleMu9er1p5/1.00 L1_SingleMu10er1p5/1.00 L1_SingleMu12er1p5/1.00 L1_SingleMu14er1p5/1.00 L1_SingleMu18er1p5/1.00
324245,1264,7,5.00,HLT_Mu8_IP6_part0_v2/5,OR,L1_SingleMu22/1.00 L1_SingleMu25/1.00 L1_SingleMu6er1p5/0.00 L1_SingleMu7er1p5/1.00 L1_SingleMu8er1p5/1.00 L1_SingleMu9er1p5/1.00 L1_SingleMu10er1p5/1.00 L1_SingleMu12er1p5/1.00 L1_SingleMu14er1p5/1.00 L1_SingleMu18er1p5/1.00
324245,1,2,0.00,HLT_Mu8_IP6_part0_v2/0,OR,L1_SingleMu22/1.00 L1_SingleMu25/1.00 L1_SingleMu6er1p5/0.00 L1_SingleMu7er1p5/0.00 L1_SingleMu8er1p5/0.00 L1_SingleMu9er1p5/0.00 L1_SingleMu10er1p5/0.00 L1_SingleMu12er1p5/0.00 L1_SingleMu14er1p5/0.00 L1_SingleMu18er1p5/0.00
324245,95,3,0.00,HLT_Mu8_IP6_part0_v2/0,OR,L1_SingleMu22/1.00 L1_SingleMu25/1.00 L1_SingleMu6er1p5/0.00 L1_SingleMu7er1p5/0.00 L1_SingleMu8er1p5/0.00 L1_SingleMu9er1p5/0.00 L1_SingleMu10er1p5/0.00 L1_SingleMu12er1p5/1.00 L1_SingleMu14er1p5/0.00 L1_SingleMu18er1p5/0.00
324245,264,4,0.00,HLT_Mu8_IP6_part0_v2/0,OR,L1_SingleMu22/1.00 L1_SingleMu25/1.00 L1_SingleMu6er1p5/0.00 L1_SingleMu7er1p5/0.00 L1_SingleMu8er1p5/0.00 L1_SingleMu9er1p5/0.00 L1_SingleMu10er1p5/1.00 L1_SingleMu12er1p5/1.00 L1_SingleMu14er1p5/1.00 L1_SingleMu18er1p5/1.00
324245,507,5,5.00,HLT_Mu8_IP6_part0_v2/5,OR,L1_SingleMu22/1.00 L1_SingleMu25/1.00 L1_SingleMu6er1p5/0.00 L1_SingleMu7er1p5/0.00 L1_SingleMu8er1p5/0.00 L1_SingleMu9er1p5/1.00 L1_SingleMu10er1p5/1.00 L1_SingleMu12er1p5/1.00 L1_SingleMu14er1p5/1.00 L1_SingleMu18er1p5/1.00
324245,828,6,5.00,HLT_Mu8_IP6_part0_v2/5,OR,L1_SingleMu22/1.00 L1_SingleMu25/1.00 L1_SingleMu6er1p5/0.00 L1_SingleMu7er1p5/0.00 L1_SingleMu8er1p5/1.00 L1_SingleMu9er1p5/1.00 L1_SingleMu10er1p5/1.00 L1_SingleMu12er1p5/1.00 L1_SingleMu14er1p5/1.00 L1_SingleMu18er1p5/1.00
324245,1264,7,5.00,HLT_Mu8_IP6_part0_v2/5,OR,L1_SingleMu22/1.00 L1_SingleMu25/1.00 L1_SingleMu6er1p5/0.00 L1_SingleMu7er1p5/1.00 L1_SingleMu8er1p5/1.00 L1_SingleMu9er1p5/1.00 L1_SingleMu10er1p5/1.00 L1_SingleMu12er1p5/1.00 L1_SingleMu14er1p5/1.00 L1_SingleMu18er1p5/1.00
324245,1,2,0.00,HLT_Mu8_IP6_part0_v2/0,OR,L1_SingleMu22/1.00 L1_SingleMu25/1.00 L1_SingleMu6er1p5/0.00 L1_SingleMu7er1p5/0.00 L1_SingleMu8er1p5/0.00 L1_SingleMu9er1p5/0.00 L1_SingleMu10er1p5/0.00 L1_SingleMu12er1p5/0.00 L1_SingleMu14er1p5/0.00 L1_SingleMu18er1p5/0.00
324245,95,3,0.00,HLT_Mu8_IP6_part0_v2/0,OR,L1_SingleMu22/1.00 L1_SingleMu25/1.00 L1_SingleMu6er1p5/0.00 L1_SingleMu7er1p5/0.00 L1_SingleMu8er1p5/0.00 L1_SingleMu9er1p5/0.00 L1_SingleMu10er1p5/0.00 L1_SingleMu12er1p5/1.00 L1_SingleMu14er1p5/0.00 L1_SingleMu18er1p5/0.00
324245,264,4,0.00,HLT_Mu8_IP6_part0_v2/0,OR,L1_SingleMu22/1.00 L1_SingleMu25/1.00 L1_SingleMu6er1p5/0.00 L1_SingleMu7er1p5/0.00 L1_SingleMu8er1p5/0.00 L1_SingleMu9er1p5/0.00 L1_SingleMu10er1p5/1.00 L1_SingleMu12er1p5/1.00 L1_SingleMu14er1p5/1.00 L1_SingleMu18er1p5/1.00
324245,507,5,5.00,HLT_Mu8_IP6_part0_v2/5,OR,L1_SingleMu22/1.00 L1_SingleMu25/1.00 L1_SingleMu6er1p5/0.00 L1_SingleMu7er1p5/0.00 L1_SingleMu8er1p5/0.00 L1_SingleMu9er1p5/1.00 L1_SingleMu10er1p5/1.00 L1_SingleMu12er1p5/1.00 L1_SingleMu14er1p5/1.00 L1_SingleMu18er1p5/1.00
324245,828,6,5.00,HLT_Mu8_IP6_part0_v2/5,OR,L1_SingleMu22/1.00 L1_SingleMu25/1.00 L1_SingleMu6er1p5/0.00 L1_SingleMu7er1p5/0.00 L1_SingleMu8er1p5/1.00 L1_SingleMu9er1p5/1.00 L1_SingleMu10er1p5/1.00 L1_SingleMu12er1p5/1.00 L1_SingleMu14er1p5/1.00 L1_SingleMu18er1p5/1.00
324245,1264,7,5.00,HLT_Mu8_IP6_part0_v2/5,OR,L1_SingleMu22/1.00 L1_SingleMu25/1.00 L1_SingleMu6er1p5/0.00 L1_SingleMu7er1p5/1.00 L1_SingleMu8er1p5/1.00 L1_SingleMu9er1p5/1.00 L1_SingleMu10er1p5/1.00 L1_SingleMu12er1p5/1.00 L1_SingleMu14er1p5/1.00 L1_SingleMu18er1p5/1.00
324293,1,2,0.00,HLT_Mu8_IP6_part0_v2/0,OR,L1_SingleMu22/1.00 L1_SingleMu25/1.00 L1_SingleMu6er1p5/0.00 L1_SingleMu7er1p5/0.00 L1_SingleMu8er1p5/0.00 L1_SingleMu9er1p5/0.00 L1_SingleMu10er1p5/0.00 L1_SingleMu12er1p5/0.00 L1_SingleMu14er1p5/0.00 L1_SingleMu18er1p5/0.00
324293,161,3,0.00,HLT_Mu8_IP6_part0_v2/0,OR,L1_SingleMu22/1.00 L1_SingleMu25/1.00 L1_SingleMu6er1p5/0.00 L1_SingleMu7er1p5/0.00 L1_SingleMu8er1p5/0.00 L1_SingleMu9er1p5/0.00 L1_SingleMu10er1p5/0.00 L1_SingleMu12er1p5/1.00 L1_SingleMu14er1p5/0.00 L1_SingleMu18er1p5/0.00
324293,341,4,0.00,HLT_Mu8_IP6_part0_v2/0,OR,L1_SingleMu22/1.00 L1_SingleMu25/1.00 L1_SingleMu6er1p5/0.00 L1_SingleMu7er1p5/0.00 L1_SingleMu8er1p5/0.00 L1_SingleMu9er1p5/0.00 L1_SingleMu10er1p5/1.00 L1_SingleMu12er1p5/1.00 L1_SingleMu14er1p5/1.00 L1_SingleMu18er1p5/1.00
324293,611,5,5.00,HLT_Mu8_IP6_part0_v2/5,OR,L1_SingleMu22/1.00 L1_SingleMu25/1.00 L1_SingleMu6er1p5/0.00 L1_SingleMu7er1p5/0.00 L1_SingleMu8er1p5/0.00 L1_SingleMu9er1p5/1.00 L1_SingleMu10er1p5/1.00 L1_SingleMu12er1p5/1.00 L1_SingleMu14er1p5/1.00 L1_SingleMu18er1p5/1.00
324293,889,6,5.00,HLT_Mu8_IP6_part0_v2/5,OR,L1_SingleMu22/1.00 L1_SingleMu25/1.00 L1_SingleMu6er1p5/0.00 L1_SingleMu7er1p5/0.00 L1_SingleMu8er1p5/1.00 L1_SingleMu9er1p5/1.00 L1_SingleMu10er1p5/1.00 L1_SingleMu12er1p5/1.00 L1_SingleMu14er1p5/1.00 L1_SingleMu18er1p5/1.00
324293,1332,7,5.00,HLT_Mu8_IP6_part0_v2/5,OR,L1_SingleMu22/1.00 L1_SingleMu25/1.00 L1_SingleMu6er1p5/0.00 L1_SingleMu7er1p5/1.00 L1_SingleMu8er1p5/1.00 L1_SingleMu9er1p5/1.00 L1_SingleMu10er1p5/1.00 L1_SingleMu12er1p5/1.00 L1_SingleMu14er1p5/1.00 L1_SingleMu18er1p5/1.00
324293,2006,8,5.00,HLT_Mu8_IP6_part0_v2/5,OR,L1_SingleMu22/1.00 L1_SingleMu25/1.00 L1_SingleMu6er1p5/0.00 L1_SingleMu7er1p5/1.00 L1_SingleMu8er1p5/1.00 L1_SingleMu9er1p5/1.00 L1_SingleMu10er1p5/1.00 L1_SingleMu12er1p5/1.00 L1_SingleMu14er1p5/1.00 L1_SingleMu18er1p5/1.00
324293,1,2,0.00,HLT_Mu8_IP6_part0_v2/0,OR,L1_SingleMu22/1.00 L1_SingleMu25/1.00 L1_SingleMu6er1p5/0.00 L1_SingleMu7er1p5/0.00 L1_SingleMu8er1p5/0.00 L1_SingleMu9er1p5/0.00 L1_SingleMu10er1p5/0.00 L1_SingleMu12er1p5/0.00 L1_SingleMu14er1p5/0.00 L1_SingleMu18er1p5/0.00
324293,161,3,0.00,HLT_Mu8_IP6_part0_v2/0,OR,L1_SingleMu22/1.00 L1_SingleMu25/1.00 L1_SingleMu6er1p5/0.00 L1_SingleMu7er1p5/0.00 L1_SingleMu8er1p5/0.00 L1_SingleMu9er1p5/0.00 L1_SingleMu10er1p5/0.00 L1_SingleMu12er1p5/1.00 L1_SingleMu14er1p5/0.00 L1_SingleMu18er1p5/0.00
324293,341,4,0.00,HLT_Mu8_IP6_part0_v2/0,OR,L1_SingleMu22/1.00 L1_SingleMu25/1.00 L1_SingleMu6er1p5/0.00 L1_SingleMu7er1p5/0.00 L1_SingleMu8er1p5/0.00 L1_SingleMu9er1p5/0.00 L1_SingleMu10er1p5/1.00 L1_SingleMu12er1p5/1.00 L1_SingleMu14er1p5/1.00 L1_SingleMu18er1p5/1.00
324293,611,5,5.00,HLT_Mu8_IP6_part0_v2/5,OR,L1_SingleMu22/1.00 L1_SingleMu25/1.00 L1_SingleMu6er1p5/0.00 L1_SingleMu7er1p5/0.00 L1_SingleMu8er1p5/0.00 L1_SingleMu9er1p5/1.00 L1_SingleMu10er1p5/1.00 L1_SingleMu12er1p5/1.00 L1_SingleMu14er1p5/1.00 L1_SingleMu18er1p5/1.00
324293,889,6,5.00,HLT_Mu8_IP6_part0_v2/5,OR,L1_SingleMu22/1.00 L1_SingleMu25/1.00 L1_SingleMu6er1p5/0.00 L1_SingleMu7er1p5/0.00 L1_SingleMu8er1p5/1.00 L1_SingleMu9er1p5/1.00 L1_SingleMu10er1p5/1.00 L1_SingleMu12er1p5/1.00 L1_SingleMu14er1p5/1.00 L1_SingleMu18er1p5/1.00
324293,1332,7,5.00,HLT_Mu8_IP6_part0_v2/5,OR,L1_SingleMu22/1.00 L1_SingleMu25/1.00 L1_SingleMu6er1p5/0.00 L1_SingleMu7er1p5/1.00 L1_SingleMu8er1p5/1.00 L1_SingleMu9er1p5/1.00 L1_SingleMu10er1p5/1.00 L1_SingleMu12er1p5/1.00 L1_SingleMu14er1p5/1.00 L1_SingleMu18er1p5/1.00
324293,2006,8,5.00,HLT_Mu8_IP6_part0_v2/5,OR,L1_SingleMu22/1.00 L1_SingleMu25/1.00 L1_SingleMu6er1p5/0.00 L1_SingleMu7er1p5/1.00 L1_SingleMu8er1p5/1.00 L1_SingleMu9er1p5/1.00 L1_SingleMu10er1p5/1.00 L1_SingleMu12er1p5/1.00 L1_SingleMu14er1p5/1.00 L1_SingleMu18er1p5/1.00
324293,1,2,0.00,HLT_Mu8_IP6_part0_v2/0,OR,L1_SingleMu22/1.00 L1_SingleMu25/1.00 L1_SingleMu6er1p5/0.00 L1_SingleMu7er1p5/0.00 L1_SingleMu8er1p5/0.00 L1_SingleMu9er1p5/0.00 L1_SingleMu10er1p5/0.00 L1_SingleMu12er1p5/0.00 L1_SingleMu14er1p5/0.00 L1_SingleMu18er1p5/0.00
324293,161,3,0.00,HLT_Mu8_IP6_part0_v2/0,OR,L1_SingleMu22/1.00 L1_SingleMu25/1.00 L1_SingleMu6er1p5/0.00 L1_SingleMu7er1p5/0.00 L1_SingleMu8er1p5/0.00 L1_SingleMu9er1p5/0.00 L1_SingleMu10er1p5/0.00 L1_SingleMu12er1p5/1.00 L1_SingleMu14er1p5/0.00 L1_SingleMu18er1p5/0.00
324293,341,4,0.00,HLT_Mu8_IP6_part0_v2/0,OR,L1_SingleMu22/1.00 L1_SingleMu25/1.00 L1_SingleMu6er1p5/0.00 L1_SingleMu7er1p5/0.00 L1_SingleMu8er1p5/0.00 L1_SingleMu9er1p5/0.00 L1_SingleMu10er1p5/1.00 L1_SingleMu12er1p5/1.00 L1_SingleMu14er1p5/1.00 L1_SingleMu18er1p5/1.00
324293,611,5,5.00,HLT_Mu8_IP6_part0_v2/5,OR,L1_SingleMu22/1.00 L1_SingleMu25/1.00 L1_SingleMu6er1p5/0.00 L1_SingleMu7er1p5/0.00 L1_SingleMu8er1p5/0.00 L1_SingleMu9er1p5/1.00 L1_SingleMu10er1p5/1.00 L1_SingleMu12er1p5/1.00 L1_SingleMu14er1p5/1.00 L1_SingleMu18er1p5/1.00
324293,889,6,5.00,HLT_Mu8_IP6_part0_v2/5,OR,L1_SingleMu22/1.00 L1_SingleMu25/1.00 L1_SingleMu6er1p5/0.00 L1_SingleMu7er1p5/0.00 L1_SingleMu8er1p5/1.00 L1_SingleMu9er1p5/1.00 L1_SingleMu10er1p5/1.00 L1_SingleMu12er1p5/1.00 L1_SingleMu14er1p5/1.00 L1_SingleMu18er1p5/1.00
324293,1332,7,5.00,HLT_Mu8_IP6_part0_v2/5,OR,L1_SingleMu22/1.00 L1_SingleMu25/1.00 L1_SingleMu6er1p5/0.00 L1_SingleMu7er1p5/1.00 L1_SingleMu8er1p5/1.00 L1_SingleMu9er1p5/1.00 L1_SingleMu10er1p5/1.00 L1_SingleMu12er1p5/1.00 L1_SingleMu14er1p5/1.00 L1_SingleMu18er1p5/1.00
324293,2006,8,5.00,HLT_Mu8_IP6_part0_v2/5,OR,L1_SingleMu22/1.00 L1_SingleMu25/1.00 L1_SingleMu6er1p5/0.00 L1_SingleMu7er1p5/1.00 L1_SingleMu8er1p5/1.00 L1_SingleMu9er1p5/1.00 L1_SingleMu10er1p5/1.00 L1_SingleMu12er1p5/1.00 L1_SingleMu14er1p5/1.00 L1_SingleMu18er1p5/1.00
324293,1,2,0.00,HLT_Mu8_IP6_part0_v2/0,OR,L1_SingleMu22/1.00 L1_SingleMu25/1.00 L1_SingleMu6er1p5/0.00 L1_SingleMu7er1p5/0.00 L1_SingleMu8er1p5/0.00 L1_SingleMu9er1p5/0.00 L1_SingleMu10er1p5/0.00 L1_SingleMu12er1p5/0.00 L1_SingleMu14er1p5/0.00 L1_SingleMu18er1p5/0.00
324293,161,3,0.00,HLT_Mu8_IP6_part0_v2/0,OR,L1_SingleMu22/1.00 L1_SingleMu25/1.00 L1_SingleMu6er1p5/0.00 L1_SingleMu7er1p5/0.00 L1_SingleMu8er1p5/0.00 L1_SingleMu9er1p5/0.00 L1_SingleMu10er1p5/0.00 L1_SingleMu12er1p5/1.00 L1_SingleMu14er1p5/0.00 L1_SingleMu18er1p5/0.00
324293,341,4,0.00,HLT_Mu8_IP6_part0_v2/0,OR,L1_SingleMu22/1.00 L1_SingleMu25/1.00 L1_SingleMu6er1p5/0.00 L1_SingleMu7er1p5/0.00 L1_SingleMu8er1p5/0.00 L1_SingleMu9er1p5/0.00 L1_SingleMu10er1p5/1.00 L1_SingleMu12er1p5/1.00 L1_SingleMu14er1p5/1.00 L1_SingleMu18er1p5/1.00
324293,611,5,5.00,HLT_Mu8_IP6_part0_v2/5,OR,L1_SingleMu22/1.00 L1_SingleMu25/1.00 L1_SingleMu6er1p5/0.00 L1_SingleMu7er1p5/0.00 L1_SingleMu8er1p5/0.00 L1_SingleMu9er1p5/1.00 L1_SingleMu10er1p5/1.00 L1_SingleMu12er1p5/1.00 L1_SingleMu14er1p5/1.00 L1_SingleMu18er1p5/1.00
324293,889,6,5.00,HLT_Mu8_IP6_part0_v2/5,OR,L1_SingleMu22/1.00 L1_SingleMu25/1.00 L1_SingleMu6er1p5/0.00 L1_SingleMu7er1p5/0.00 L1_SingleMu8er1p5/1.00 L1_SingleMu9er1p5/1.00 L1_SingleMu10er1p5/1.00 L1_SingleMu12er1p5/1.00 L1_SingleMu14er1p5/1.00 L1_SingleMu18er1p5/1.00
324293,1332,7,5.00,HLT_Mu8_IP6_part0_v2/5,OR,L1_SingleMu22/1.00 L1_SingleMu25/1.00 L1_SingleMu6er1p5/0.00 L1_SingleMu7er1p5/1.00 L1_SingleMu8er1p5/1.00 L1_SingleMu9er1p5/1.00 L1_SingleMu10er1p5/1.00 L1_SingleMu12er1p5/1.00 L1_SingleMu14er1p5/1.00 L1_SingleMu18er1p5/1.00
324293,2006,8,5.00,HLT_Mu8_IP6_part0_v2/5,OR,L1_SingleMu22/1.00 L1_SingleMu25/1.00 L1_SingleMu6er1p5/0.00 L1_SingleMu7er1p5/1.00 L1_SingleMu8er1p5/1.00 L1_SingleMu9er1p5/1.00 L1_SingleMu10er1p5/1.00 L1_SingleMu12er1p5/1.00 L1_SingleMu14er1p5/1.00 L1_SingleMu18er1p5/1.00
324315,1,2,0.00,HLT_Mu8_IP6_part0_v2/0,OR,L1_SingleMu22/1.00 L1_SingleMu25/1.00 L1_SingleMu6er1p5/0.00 L1_SingleMu7er1p5/0.00 L1_SingleMu8er1p5/0.00 L1_SingleMu9er1p5/0.00 L1_SingleMu10er1p5/0.00 L1_SingleMu12er1p5/0.00 L1_SingleMu14er1p5/0.00 L1_SingleMu18er1p5/0.00
324315,64,3,0.00,HLT_Mu8_IP6_part0_v2/0,OR,L1_SingleMu22/1.00 L1_SingleMu25/1.00 L1_SingleMu6er1p5/0.00 L1_SingleMu7er1p5/0.00 L1_SingleMu8er1p5/0.00 L1_SingleMu9er1p5/0.00 L1_SingleMu10er1p5/0.00 L1_SingleMu12er1p5/1.00 L1_SingleMu14er1p5/0.00 L1_SingleMu18er1p5/0.00
324318,1,4,0.00,HLT_Mu8_IP6_part0_v2/0,OR,L1_SingleMu22/1.00 L1_SingleMu25/1.00 L1_SingleMu6er1p5/0.00 L1_SingleMu7er1p5/0.00 L1_SingleMu8er1p5/0.00 L1_SingleMu9er1p5/0.00 L1_SingleMu10er1p5/1.00 L1_SingleMu12er1p5/1.00 L1_SingleMu14er1p5/1.00 L1_SingleMu18er1p5/1.00
324318,182,5,5.00,HLT_Mu8_IP6_part0_v2/5,OR,L1_SingleMu22/1.00 L1_SingleMu25/1.00 L1_SingleMu6er1p5/0.00 L1_SingleMu7er1p5/0.00 L1_SingleMu8er1p5/0.00 L1_SingleMu9er1p5/1.00 L1_SingleMu10er1p5/1.00 L1_SingleMu12er1p5/1.00 L1_SingleMu14er1p5/1.00 L1_SingleMu18er1p5/1.00
324318,1,4,0.00,HLT_Mu8_IP6_part0_v2/0,OR,L1_SingleMu22/1.00 L1_SingleMu25/1.00 L1_SingleMu6er1p5/0.00 L1_SingleMu7er1p5/0.00 L1_SingleMu8er1p5/0.00 L1_SingleMu9er1p5/0.00 L1_SingleMu10er1p5/1.00 L1_SingleMu12er1p5/1.00 L1_SingleMu14er1p5/1.00 L1_SingleMu18er1p5/1.00
324318,182,5,5.00,HLT_Mu8_IP6_part0_v2/5,OR,L1_SingleMu22/1.00 L1_SingleMu25/1.00 L1_SingleMu6er1p5/0.00 L1_SingleMu7er1p5/0.00 L1_SingleMu8er1p5/0.00 L1_SingleMu9er1p5/1.00 L1_SingleMu10er1p5/1.00 L1_SingleMu12er1p5/1.00 L1_SingleMu14er1p5/1.00 L1_SingleMu18er1p5/1.00
324420,1,2,0.00,HLT_Mu8_IP6_part0_v2/0,OR,L1_SingleMu22/1.00 L1_SingleMu25/1.00 L1_SingleMu6er1p5/0.00 L1_SingleMu7er1p5/0.00 L1_SingleMu8er1p5/0.00 L1_SingleMu9er1p5/0.00 L1_SingleMu10er1p5/0.00 L1_SingleMu12er1p5/0.00 L1_SingleMu14er1p5/0.00 L1_SingleMu18er1p5/0.00
324420,4,3,0.00,HLT_Mu8_IP6_part0_v2/0,OR,L1_SingleMu22/1.00 L1_SingleMu25/1.00 L1_SingleMu6er1p5/0.00 L1_SingleMu7er1p5/0.00 L1_SingleMu8er1p5/0.00 L1_SingleMu9er1p5/0.00 L1_SingleMu10er1p5/0.00 L1_SingleMu12er1p5/1.00 L1_SingleMu14er1p5/0.00 L1_SingleMu18er1p5/0.00
324420,268,4,0.00,HLT_Mu8_IP6_part0_v2/0,OR,L1_SingleMu22/1.00 L1_SingleMu25/1.00 L1_SingleMu6er1p5/0.00 L1_SingleMu7er1p5/0.00 L1_SingleMu8er1p5/0.00 L1_SingleMu9er1p5/0.00 L1_SingleMu10er1p5/1.00 L1_SingleMu12er1p5/1.00 L1_SingleMu14er1p5/1.00 L1_SingleMu18er1p5/1.00
324420,527,5,5.00,HLT_Mu8_IP6_part0_v2/5,OR,L1_SingleMu22/1.00 L1_SingleMu25/1.00 L1_SingleMu6er1p5/0.00 L1_SingleMu7er1p5/0.00 L1_SingleMu8er1p5/0.00 L1_SingleMu9er1p5/1.00 L1_SingleMu10er1p5/1.00 L1_SingleMu12er1p5/1.00 L1_SingleMu14er1p5/1.00 L1_SingleMu18er1p5/1.00
324420,1,2,0.00,HLT_Mu8_IP6_part0_v2/0,OR,L1_SingleMu22/1.00 L1_SingleMu25/1.00 L1_SingleMu6er1p5/0.00 L1_SingleMu7er1p5/0.00 L1_SingleMu8er1p5/0.00 L1_SingleMu9er1p5/0.00 L1_SingleMu10er1p5/0.00 L1_SingleMu12er1p5/0.00 L1_SingleMu14er1p5/0.00 L1_SingleMu18er1p5/0.00
324420,4,3,0.00,HLT_Mu8_IP6_part0_v2/0,OR,L1_SingleMu22/1.00 L1_SingleMu25/1.00 L1_SingleMu6er1p5/0.00 L1_SingleMu7er1p5/0.00 L1_SingleMu8er1p5/0.00 L1_SingleMu9er1p5/0.00 L1_SingleMu10er1p5/0.00 L1_SingleMu12er1p5/1.00 L1_SingleMu14er1p5/0.00 L1_SingleMu18er1p5/0.00
324420,268,4,0.00,HLT_Mu8_IP6_part0_v2/0,OR,L1_SingleMu22/1.00 L1_SingleMu25/1.00 L1_SingleMu6er1p5/0.00 L1_SingleMu7er1p5/0.00 L1_SingleMu8er1p5/0.00 L1_SingleMu9er1p5/0.00 L1_SingleMu10er1p5/1.00 L1_SingleMu12er1p5/1.00 L1_SingleMu14er1p5/1.00 L1_SingleMu18er1p5/1.00
324420,527,5,5.00,HLT_Mu8_IP6_part0_v2/5,OR,L1_SingleMu22/1.00 L1_SingleMu25/1.00 L1_SingleMu6er1p5/0.00 L1_SingleMu7er1p5/0.00 L1_SingleMu8er1p5/0.00 L1_SingleMu9er1p5/1.00 L1_SingleMu10er1p5/1.00 L1_SingleMu12er1p5/1.00 L1_SingleMu14er1p5/1.00 L1_SingleMu18er1p5/1.00
324420,1,2,0.00,HLT_Mu8_IP6_part0_v2/0,OR,L1_SingleMu22/1.00 L1_SingleMu25/1.00 L1_SingleMu6er1p5/0.00 L1_SingleMu7er1p5/0.00 L1_SingleMu8er1p5/0.00 L1_SingleMu9er1p5/0.00 L1_SingleMu10er1p5/0.00 L1_SingleMu12er1p5/0.00 L1_SingleMu14er1p5/0.00 L1_SingleMu18er1p5/0.00
324420,4,3,0.00,HLT_Mu8_IP6_part0_v2/0,OR,L1_SingleMu22/1.00 L1_SingleMu25/1.00 L1_SingleMu6er1p5/0.00 L1_SingleMu7er1p5/0.00 L1_SingleMu8er1p5/0.00 L1_SingleMu9er1p5/0.00 L1_SingleMu10er1p5/0.00 L1_SingleMu12er1p5/1.00 L1_SingleMu14er1p5/0.00 L1_SingleMu18er1p5/0.00
324420,268,4,0.00,HLT_Mu8_IP6_part0_v2/0,OR,L1_SingleMu22/1.00 L1_SingleMu25/1.00 L1_SingleMu6er1p5/0.00 L1_SingleMu7er1p5/0.00 L1_SingleMu8er1p5/0.00 L1_SingleMu9er1p5/0.00 L1_SingleMu10er1p5/1.00 L1_SingleMu12er1p5/1.00 L1_SingleMu14er1p5/1.00 L1_SingleMu18er1p5/1.00
324420,527,5,5.00,HLT_Mu8_IP6_part0_v2/5,OR,L1_SingleMu22/1.00 L1_SingleMu25/1.00 L1_SingleMu6er1p5/0.00 L1_SingleMu7er1p5/0.00 L1_SingleMu8er1p5/0.00 L1_SingleMu9er1p5/1.00 L1_SingleMu10er1p5/1.00 L1_SingleMu12er1p5/1.00 L1_SingleMu14er1p5/1.00 L1_SingleMu18er1p5/1.00
324729,1,11,5.00,HLT_Mu8_IP6_part0_v2/5,OR,L1_SingleMu22/1.00 L1_SingleMu25/1.00 L1_SingleMu6er1p5/0.00 L1_SingleMu7er1p5/0.00 L1_SingleMu8er1p5/1.00 L1_SingleMu9er1p5/1.00 L1_SingleMu10er1p5/1.00 L1_SingleMu12er1p5/1.00 L1_SingleMu14er1p5/1.00 L1_SingleMu18er1p5/1.00
324747,1,2,0.00,HLT_Mu8_IP6_part0_v2/0,OR,L1_SingleMu22/1.00 L1_SingleMu25/1.00 L1_SingleMu6er1p5/0.00 L1_SingleMu7er1p5/0.00 L1_SingleMu8er1p5/0.00 L1_SingleMu9er1p5/0.00 L1_SingleMu10er1p5/0.00 L1_SingleMu12er1p5/0.00 L1_SingleMu14er1p5/0.00 L1_SingleMu18er1p5/0.00
324747,103,3,0.00,HLT_Mu8_IP6_part0_v2/0,OR,L1_SingleMu22/1.00 L1_SingleMu25/1.00 L1_SingleMu6er1p5/0.00 L1_SingleMu7er1p5/0.00 L1_SingleMu8er1p5/0.00 L1_SingleMu9er1p5/0.00 L1_SingleMu10er1p5/0.00 L1_SingleMu12er1p5/1.00 L1_SingleMu14er1p5/0.00 L1_SingleMu18er1p5/0.00
324747,106,2,0.00,HLT_Mu8_IP6_part0_v2/0,OR,L1_SingleMu22/1.00 L1_SingleMu25/1.00 L1_SingleMu6er1p5/0.00 L1_SingleMu7er1p5/0.00 L1_SingleMu8er1p5/0.00 L1_SingleMu9er1p5/0.00 L1_SingleMu10er1p5/0.00 L1_SingleMu12er1p5/0.00 L1_SingleMu14er1p5/0.00 L1_SingleMu18er1p5/0.00
324747,205,3,0.00,HLT_Mu8_IP6_part0_v2/0,OR,L1_SingleMu22/1.00 L1_SingleMu25/1.00 L1_SingleMu6er1p5/0.00 L1_SingleMu7er1p5/0.00 L1_SingleMu8er1p5/0.00 L1_SingleMu9er1p5/0.00 L1_SingleMu10er1p5/0.00 L1_SingleMu12er1p5/1.00 L1_SingleMu14er1p5/0.00 L1_SingleMu18er1p5/0.00
324747,364,4,0.00,HLT_Mu8_IP6_part0_v2/0,OR,L1_SingleMu22/1.00 L1_SingleMu25/1.00 L1_SingleMu6er1p5/0.00 L1_SingleMu7er1p5/0.00 L1_SingleMu8er1p5/0.00 L1_SingleMu9er1p5/0.00 L1_SingleMu10er1p5/1.00 L1_SingleMu12er1p5/1.00 L1_SingleMu14er1p5/1.00 L1_SingleMu18er1p5/1.00
324747,563,5,5.00,HLT_Mu8_IP6_part0_v2/5,OR,L1_SingleMu22/1.00 L1_SingleMu25/1.00 L1_SingleMu6er1p5/0.00 L1_SingleMu7er1p5/0.00 L1_SingleMu8er1p5/0.00 L1_SingleMu9er1p5/1.00 L1_SingleMu10er1p5/1.00 L1_SingleMu12er1p5/1.00 L1_SingleMu14er1p5/1.00 L1_SingleMu18er1p5/1.00
324747,858,6,5.00,HLT_Mu8_IP6_part0_v2/5,OR,L1_SingleMu22/1.00 L1_SingleMu25/1.00 L1_SingleMu6er1p5/0.00 L1_SingleMu7er1p5/0.00 L1_SingleMu8er1p5/1.00 L1_SingleMu9er1p5/1.00 L1_SingleMu10er1p5/1.00 L1_SingleMu12er1p5/1.00 L1_SingleMu14er1p5/1.00 L1_SingleMu18er1p5/1.00
324747,1,2,0.00,HLT_Mu8_IP6_part0_v2/0,OR,L1_SingleMu22/1.00 L1_SingleMu25/1.00 L1_SingleMu6er1p5/0.00 L1_SingleMu7er1p5/0.00 L1_SingleMu8er1p5/0.00 L1_SingleMu9er1p5/0.00 L1_SingleMu10er1p5/0.00 L1_SingleMu12er1p5/0.00 L1_SingleMu14er1p5/0.00 L1_SingleMu18er1p5/0.00
324747,103,3,0.00,HLT_Mu8_IP6_part0_v2/0,OR,L1_SingleMu22/1.00 L1_SingleMu25/1.00 L1_SingleMu6er1p5/0.00 L1_SingleMu7er1p5/0.00 L1_SingleMu8er1p5/0.00 L1_SingleMu9er1p5/0.00 L1_SingleMu10er1p5/0.00 L1_SingleMu12er1p5/1.00 L1_SingleMu14er1p5/0.00 L1_SingleMu18er1p5/0.00
324747,106,2,0.00,HLT_Mu8_IP6_part0_v2/0,OR,L1_SingleMu22/1.00 L1_SingleMu25/1.00 L1_SingleMu6er1p5/0.00 L1_SingleMu7er1p5/0.00 L1_SingleMu8er1p5/0.00 L1_SingleMu9er1p5/0.00 L1_SingleMu10er1p5/0.00 L1_SingleMu12er1p5/0.00 L1_SingleMu14er1p5/0.00 L1_SingleMu18er1p5/0.00
324747,205,3,0.00,HLT_Mu8_IP6_part0_v2/0,OR,L1_SingleMu22/1.00 L1_SingleMu25/1.00 L1_SingleMu6er1p5/0.00 L1_SingleMu7er1p5/0.00 L1_SingleMu8er1p5/0.00 L1_SingleMu9er1p5/0.00 L1_SingleMu10er1p5/0.00 L1_SingleMu12er1p5/1.00 L1_SingleMu14er1p5/0.00 L1_SingleMu18er1p5/0.00
324747,364,4,0.00,HLT_Mu8_IP6_part0_v2/0,OR,L1_SingleMu22/1.00 L1_SingleMu25/1.00 L1_SingleMu6er1p5/0.00 L1_SingleMu7er1p5/0.00 L1_SingleMu8er1p5/0.00 L1_SingleMu9er1p5/0.00 L1_SingleMu10er1p5/1.00 L1_SingleMu12er1p5/1.00 L1_SingleMu14er1p5/1.00 L1_SingleMu18er1p5/1.00
324747,563,5,5.00,HLT_Mu8_IP6_part0_v2/5,OR,L1_SingleMu22/1.00 L1_SingleMu25/1.00 L1_SingleMu6er1p5/0.00 L1_SingleMu7er1p5/0.00 L1_SingleMu8er1p5/0.00 L1_SingleMu9er1p5/1.00 L1_SingleMu10er1p5/1.00 L1_SingleMu12er1p5/1.00 L1_SingleMu14er1p5/1.00 L1_SingleMu18er1p5/1.00
324747,858,6,5.00,HLT_Mu8_IP6_part0_v2/5,OR,L1_SingleMu22/1.00 L1_SingleMu25/1.00 L1_SingleMu6er1p5/0.00 L1_SingleMu7er1p5/0.00 L1_SingleMu8er1p5/1.00 L1_SingleMu9er1p5/1.00 L1_SingleMu10er1p5/1.00 L1_SingleMu12er1p5/1.00 L1_SingleMu14er1p5/1.00 L1_SingleMu18er1p5/1.00
324747,1,2,0.00,HLT_Mu8_IP6_part0_v2/0,OR,L1_SingleMu22/1.00 L1_SingleMu25/1.00 L1_SingleMu6er1p5/0.00 L1_SingleMu7er1p5/0.00 L1_SingleMu8er1p5/0.00 L1_SingleMu9er1p5/0.00 L1_SingleMu10er1p5/0.00 L1_SingleMu12er1p5/0.00 L1_SingleMu14er1p5/0.00 L1_SingleMu18er1p5/0.00
324747,103,3,0.00,HLT_Mu8_IP6_part0_v2/0,OR,L1_SingleMu22/1.00 L1_SingleMu25/1.00 L1_SingleMu6er1p5/0.00 L1_SingleMu7er1p5/0.00 L1_SingleMu8er1p5/0.00 L1_SingleMu9er1p5/0.00 L1_SingleMu10er1p5/0.00 L1_SingleMu12er1p5/1.00 L1_SingleMu14er1p5/0.00 L1_SingleMu18er1p5/0.00
324747,106,2,0.00,HLT_Mu8_IP6_part0_v2/0,OR,L1_SingleMu22/1.00 L1_SingleMu25/1.00 L1_SingleMu6er1p5/0.00 L1_SingleMu7er1p5/0.00 L1_SingleMu8er1p5/0.00 L1_SingleMu9er1p5/0.00 L1_SingleMu10er1p5/0.00 L1_SingleMu12er1p5/0.00 L1_SingleMu14er1p5/0.00 L1_SingleMu18er1p5/0.00
324747,205,3,0.00,HLT_Mu8_IP6_part0_v2/0,OR,L1_SingleMu22/1.00 L1_SingleMu25/1.00 L1_SingleMu6er1p5/0.00 L1_SingleMu7er1p5/0.00 L1_SingleMu8er1p5/0.00 L1_SingleMu9er1p5/0.00 L1_SingleMu10er1p5/0.00 L1_SingleMu12er1p5/1.00 L1_SingleMu14er1p5/0.00 L1_SingleMu18er1p5/0.00
324747,364,4,0.00,HLT_Mu8_IP6_part0_v2/0,OR,L1_SingleMu22/1.00 L1_SingleMu25/1.00 L1_SingleMu6er1p5/0.00 L1_SingleMu7er1p5/0.00 L1_SingleMu8er1p5/0.00 L1_SingleMu9er1p5/0.00 L1_SingleMu10er1p5/1.00 L1_SingleMu12er1p5/1.00 L1_SingleMu14er1p5/1.00 L1_SingleMu18er1p5/1.00
324747,563,5,5.00,HLT_Mu8_IP6_part0_v2/5,OR,L1_SingleMu22/1.00 L1_SingleMu25/1.00 L1_SingleMu6er1p5/0.00 L1_SingleMu7er1p5/0.00 L1_SingleMu8er1p5/0.00 L1_SingleMu9er1p5/1.00 L1_SingleMu10er1p5/1.00 L1_SingleMu12er1p5/1.00 L1_SingleMu14er1p5/1.00 L1_SingleMu18er1p5/1.00
324747,858,6,5.00,HLT_Mu8_IP6_part0_v2/5,OR,L1_SingleMu22/1.00 L1_SingleMu25/1.00 L1_SingleMu6er1p5/0.00 L1_SingleMu7er1p5/0.00 L1_SingleMu8er1p5/1.00 L1_SingleMu9er1p5/1.00 L1_SingleMu10er1p5/1.00 L1_SingleMu12er1p5/1.00 L1_SingleMu14er1p5/1.00 L1_SingleMu18er1p5/1.00
324747,1,2,0.00,HLT_Mu8_IP6_part0_v2/0,OR,L1_SingleMu22/1.00 L1_SingleMu25/1.00 L1_SingleMu6er1p5/0.00 L1_SingleMu7er1p5/0.00 L1_SingleMu8er1p5/0.00 L1_SingleMu9er1p5/0.00 L1_SingleMu10er1p5/0.00 L1_SingleMu12er1p5/0.00 L1_SingleMu14er1p5/0.00 L1_SingleMu18er1p5/0.00
324747,103,3,0.00,HLT_Mu8_IP6_part0_v2/0,OR,L1_SingleMu22/1.00 L1_SingleMu25/1.00 L1_SingleMu6er1p5/0.00 L1_SingleMu7er1p5/0.00 L1_SingleMu8er1p5/0.00 L1_SingleMu9er1p5/0.00 L1_SingleMu10er1p5/0.00 L1_SingleMu12er1p5/1.00 L1_SingleMu14er1p5/0.00 L1_SingleMu18er1p5/0.00
324747,106,2,0.00,HLT_Mu8_IP6_part0_v2/0,OR,L1_SingleMu22/1.00 L1_SingleMu25/1.00 L1_SingleMu6er1p5/0.00 L1_SingleMu7er1p5/0.00 L1_SingleMu8er1p5/0.00 L1_SingleMu9er1p5/0.00 L1_SingleMu10er1p5/0.00 L1_SingleMu12er1p5/0.00 L1_SingleMu14er1p5/0.00 L1_SingleMu18er1p5/0.00
324747,205,3,0.00,HLT_Mu8_IP6_part0_v2/0,OR,L1_SingleMu22/1.00 L1_SingleMu25/1.00 L1_SingleMu6er1p5/0.00 L1_SingleMu7er1p5/0.00 L1_SingleMu8er1p5/0.00 L1_SingleMu9er1p5/0.00 L1_SingleMu10er1p5/0.00 L1_SingleMu12er1p5/1.00 L1_SingleMu14er1p5/0.00 L1_SingleMu18er1p5/0.00
324747,364,4,0.00,HLT_Mu8_IP6_part0_v2/0,OR,L1_SingleMu22/1.00 L1_SingleMu25/1.00 L1_SingleMu6er1p5/0.00 L1_SingleMu7er1p5/0.00 L1_SingleMu8er1p5/0.00 L1_SingleMu9er1p5/0.00 L1_SingleMu10er1p5/1.00 L1_SingleMu12er1p5/1.00 L1_SingleMu14er1p5/1.00 L1_SingleMu18er1p5/1.00
324747,563,5,5.00,HLT_Mu8_IP6_part0_v2/5,OR,L1_SingleMu22/1.00 L1_SingleMu25/1.00 L1_SingleMu6er1p5/0.00 L1_SingleMu7er1p5/0.00 L1_SingleMu8er1p5/0.00 L1_SingleMu9er1p5/1.00 L1_SingleMu10er1p5/1.00 L1_SingleMu12er1p5/1.00 L1_SingleMu14er1p5/1.00 L1_SingleMu18er1p5/1.00
324747,858,6,5.00,HLT_Mu8_IP6_part0_v2/5,OR,L1_SingleMu22/1.00 L1_SingleMu25/1.00 L1_SingleMu6er1p5/0.00 L1_SingleMu7er1p5/0.00 L1_SingleMu8er1p5/1.00 L1_SingleMu9er1p5/1.00 L1_SingleMu10er1p5/1.00 L1_SingleMu12er1p5/1.00 L1_SingleMu14er1p5/1.00 L1_SingleMu18er1p5/1.00
324764,1,6,5.00,HLT_Mu8_IP6_part0_v2/5,OR,L1_SingleMu22/1.00 L1_SingleMu25/1.00 L1_SingleMu6er1p5/0.00 L1_SingleMu7er1p5/0.00 L1_SingleMu8er1p5/1.00 L1_SingleMu9er1p5/1.00 L1_SingleMu10er1p5/1.00 L1_SingleMu12er1p5/1.00 L1_SingleMu14er1p5/1.00 L1_SingleMu18er1p5/1.00
324765,1,6,5.00,HLT_Mu8_IP6_part0_v2/5,OR,L1_SingleMu22/1.00 L1_SingleMu25/1.00 L1_SingleMu6er1p5/0.00 L1_SingleMu7er1p5/0.00 L1_SingleMu8er1p5/1.00 L1_SingleMu9er1p5/1.00 L1_SingleMu10er1p5/1.00 L1_SingleMu12er1p5/1.00 L1_SingleMu14er1p5/1.00 L1_SingleMu18er1p5/1.00
324765,42,7,5.00,HLT_Mu8_IP6_part0_v2/5,OR,L1_SingleMu22/1.00 L1_SingleMu25/1.00 L1_SingleMu6er1p5/0.00 L1_SingleMu7er1p5/1.00 L1_SingleMu8er1p5/1.00 L1_SingleMu9er1p5/1.00 L1_SingleMu10er1p5/1.00 L1_SingleMu12er1p5/1.00 L1_SingleMu14er1p5/1.00 L1_SingleMu18er1p5/1.00
324769,1,7,5.00,HLT_Mu8_IP6_part0_v2/5,OR,L1_SingleMu22/1.00 L1_SingleMu25/1.00 L1_SingleMu6er1p5/0.00 L1_SingleMu7er1p5/1.00 L1_SingleMu8er1p5/1.00 L1_SingleMu9er1p5/1.00 L1_SingleMu10er1p5/1.00 L1_SingleMu12er1p5/1.00 L1_SingleMu14er1p5/1.00 L1_SingleMu18er1p5/1.00
324769,244,8,5.00,HLT_Mu8_IP6_part0_v2/5,OR,L1_SingleMu22/1.00 L1_SingleMu25/1.00 L1_SingleMu6er1p5/0.00 L1_SingleMu7er1p5/1.00 L1_SingleMu8er1p5/1.00 L1_SingleMu9er1p5/1.00 L1_SingleMu10er1p5/1.00 L1_SingleMu12er1p5/1.00 L1_SingleMu14er1p5/1.00 L1_SingleMu18er1p5/1.00
324772,1,8,5.00,HLT_Mu8_IP6_part0_v2/5,OR,L1_SingleMu22/1.00 L1_SingleMu25/1.00 L1_SingleMu6er1p5/0.00 L1_SingleMu7er1p5/1.00 L1_SingleMu8er1p5/1.00 L1_SingleMu9er1p5/1.00 L1_SingleMu10er1p5/1.00 L1_SingleMu12er1p5/1.00 L1_SingleMu14er1p5/1.00 L1_SingleMu18er1p5/1.00
324785,1,2,0.00,HLT_Mu8_IP6_part0_v2/0,OR,L1_SingleMu22/1.00 L1_SingleMu25/1.00 L1_SingleMu6er1p5/0.00 L1_SingleMu7er1p5/0.00 L1_SingleMu8er1p5/0.00 L1_SingleMu9er1p5/0.00 L1_SingleMu10er1p5/0.00 L1_SingleMu12er1p5/0.00 L1_SingleMu14er1p5/0.00 L1_SingleMu18er1p5/0.00
324785,123,3,0.00,HLT_Mu8_IP6_part0_v2/0,OR,L1_SingleMu22/1.00 L1_SingleMu25/1.00 L1_SingleMu6er1p5/0.00 L1_SingleMu7er1p5/0.00 L1_SingleMu8er1p5/0.00 L1_SingleMu9er1p5/0.00 L1_SingleMu10er1p5/0.00 L1_SingleMu12er1p5/1.00 L1_SingleMu14er1p5/0.00 L1_SingleMu18er1p5/0.00
324785,157,2,0.00,HLT_Mu8_IP6_part0_v2/0,OR,L1_SingleMu22/1.00 L1_SingleMu25/1.00 L1_SingleMu6er1p5/0.00 L1_SingleMu7er1p5/0.00 L1_SingleMu8er1p5/0.00 L1_SingleMu9er1p5/0.00 L1_SingleMu10er1p5/0.00 L1_SingleMu12er1p5/0.00 L1_SingleMu14er1p5/0.00 L1_SingleMu18er1p5/0.00
324785,195,3,0.00,HLT_Mu8_IP6_part0_v2/0,OR,L1_SingleMu22/1.00 L1_SingleMu25/1.00 L1_SingleMu6er1p5/0.00 L1_SingleMu7er1p5/0.00 L1_SingleMu8er1p5/0.00 L1_SingleMu9er1p5/0.00 L1_SingleMu10er1p5/0.00 L1_SingleMu12er1p5/1.00 L1_SingleMu14er1p5/0.00 L1_SingleMu18er1p5/0.00
324785,335,4,0.00,HLT_Mu8_IP6_part0_v2/0,OR,L1_SingleMu22/1.00 L1_SingleMu25/1.00 L1_SingleMu6er1p5/0.00 L1_SingleMu7er1p5/0.00 L1_SingleMu8er1p5/0.00 L1_SingleMu9er1p5/0.00 L1_SingleMu10er1p5/1.00 L1_SingleMu12er1p5/1.00 L1_SingleMu14er1p5/1.00 L1_SingleMu18er1p5/1.00
324785,550,5,5.00,HLT_Mu8_IP6_part0_v2/5,OR,L1_SingleMu22/1.00 L1_SingleMu25/1.00 L1_SingleMu6er1p5/0.00 L1_SingleMu7er1p5/0.00 L1_SingleMu8er1p5/0.00 L1_SingleMu9er1p5/1.00 L1_SingleMu10er1p5/1.00 L1_SingleMu12er1p5/1.00 L1_SingleMu14er1p5/1.00 L1_SingleMu18er1p5/1.00
324785,1,2,0.00,HLT_Mu8_IP6_part0_v2/0,OR,L1_SingleMu22/1.00 L1_SingleMu25/1.00 L1_SingleMu6er1p5/0.00 L1_SingleMu7er1p5/0.00 L1_SingleMu8er1p5/0.00 L1_SingleMu9er1p5/0.00 L1_SingleMu10er1p5/0.00 L1_SingleMu12er1p5/0.00 L1_SingleMu14er1p5/0.00 L1_SingleMu18er1p5/0.00
324785,123,3,0.00,HLT_Mu8_IP6_part0_v2/0,OR,L1_SingleMu22/1.00 L1_SingleMu25/1.00 L1_SingleMu6er1p5/0.00 L1_SingleMu7er1p5/0.00 L1_SingleMu8er1p5/0.00 L1_SingleMu9er1p5/0.00 L1_SingleMu10er1p5/0.00 L1_SingleMu12er1p5/1.00 L1_SingleMu14er1p5/0.00 L1_SingleMu18er1p5/0.00
324785,157,2,0.00,HLT_Mu8_IP6_part0_v2/0,OR,L1_SingleMu22/1.00 L1_SingleMu25/1.00 L1_SingleMu6er1p5/0.00 L1_SingleMu7er1p5/0.00 L1_SingleMu8er1p5/0.00 L1_SingleMu9er1p5/0.00 L1_SingleMu10er1p5/0.00 L1_SingleMu12er1p5/0.00 L1_SingleMu14er1p5/0.00 L1_SingleMu18er1p5/0.00
324785,195,3,0.00,HLT_Mu8_IP6_part0_v2/0,OR,L1_SingleMu22/1.00 L1_SingleMu25/1.00 L1_SingleMu6er1p5/0.00 L1_SingleMu7er1p5/0.00 L1_SingleMu8er1p5/0.00 L1_SingleMu9er1p5/0.00 L1_SingleMu10er1p5/0.00 L1_SingleMu12er1p5/1.00 L1_SingleMu14er1p5/0.00 L1_SingleMu18er1p5/0.00
324785,335,4,0.00,HLT_Mu8_IP6_part0_v2/0,OR,L1_SingleMu22/1.00 L1_SingleMu25/1.00 L1_SingleMu6er1p5/0.00 L1_SingleMu7er1p5/0.00 L1_SingleMu8er1p5/0.00 L1_SingleMu9er1p5/0.00 L1_SingleMu10er1p5/1.00 L1_SingleMu12er1p5/1.00 L1_SingleMu14er1p5/1.00 L1_SingleMu18er1p5/1.00
324785,550,5,5.00,HLT_Mu8_IP6_part0_v2/5,OR,L1_SingleMu22/1.00 L1_SingleMu25/1.00 L1_SingleMu6er1p5/0.00 L1_SingleMu7er1p5/0.00 L1_SingleMu8er1p5/0.00 L1_SingleMu9er1p5/1.00 L1_SingleMu10er1p5/1.00 L1_SingleMu12er1p5/1.00 L1_SingleMu14er1p5/1.00 L1_SingleMu18er1p5/1.00
324785,1,2,0.00,HLT_Mu8_IP6_part0_v2/0,OR,L1_SingleMu22/1.00 L1_SingleMu25/1.00 L1_SingleMu6er1p5/0.00 L1_SingleMu7er1p5/0.00 L1_SingleMu8er1p5/0.00 L1_SingleMu9er1p5/0.00 L1_SingleMu10er1p5/0.00 L1_SingleMu12er1p5/0.00 L1_SingleMu14er1p5/0.00 L1_SingleMu18er1p5/0.00
324785,123,3,0.00,HLT_Mu8_IP6_part0_v2/0,OR,L1_SingleMu22/1.00 L1_SingleMu25/1.00 L1_SingleMu6er1p5/0.00 L1_SingleMu7er1p5/0.00 L1_SingleMu8er1p5/0.00 L1_SingleMu9er1p5/0.00 L1_SingleMu10er1p5/0.00 L1_SingleMu12er1p5/1.00 L1_SingleMu14er1p5/0.00 L1_SingleMu18er1p5/0.00
324785,157,2,0.00,HLT_Mu8_IP6_part0_v2/0,OR,L1_SingleMu22/1.00 L1_SingleMu25/1.00 L1_SingleMu6er1p5/0.00 L1_SingleMu7er1p5/0.00 L1_SingleMu8er1p5/0.00 L1_SingleMu9er1p5/0.00 L1_SingleMu10er1p5/0.00 L1_SingleMu12er1p5/0.00 L1_SingleMu14er1p5/0.00 L1_SingleMu18er1p5/0.00
324785,195,3,0.00,HLT_Mu8_IP6_part0_v2/0,OR,L1_SingleMu22/1.00 L1_SingleMu25/1.00 L1_SingleMu6er1p5/0.00 L1_SingleMu7er1p5/0.00 L1_SingleMu8er1p5/0.00 L1_SingleMu9er1p5/0.00 L1_SingleMu10er1p5/0.00 L1_SingleMu12er1p5/1.00 L1_SingleMu14er1p5/0.00 L1_SingleMu18er1p5/0.00
324785,335,4,0.00,HLT_Mu8_IP6_part0_v2/0,OR,L1_SingleMu22/1.00 L1_SingleMu25/1.00 L1_SingleMu6er1p5/0.00 L1_SingleMu7er1p5/0.00 L1_SingleMu8er1p5/0.00 L1_SingleMu9er1p5/0.00 L1_SingleMu10er1p5/1.00 L1_SingleMu12er1p5/1.00 L1_SingleMu14er1p5/1.00 L1_SingleMu18er1p5/1.00
324785,550,5,5.00,HLT_Mu8_IP6_part0_v2/5,OR,L1_SingleMu22/1.00 L1_SingleMu25/1.00 L1_SingleMu6er1p5/0.00 L1_SingleMu7er1p5/0.00 L1_SingleMu8er1p5/0.00 L1_SingleMu9er1p5/1.00 L1_SingleMu10er1p5/1.00 L1_SingleMu12er1p5/1.00 L1_SingleMu14er1p5/1.00 L1_SingleMu18er1p5/1.00
324791,1,5,5.00,HLT_Mu8_IP6_part0_v2/5,OR,L1_SingleMu22/1.00 L1_SingleMu25/1.00 L1_SingleMu6er1p5/0.00 L1_SingleMu7er1p5/0.00 L1_SingleMu8er1p5/0.00 L1_SingleMu9er1p5/1.00 L1_SingleMu10er1p5/1.00 L1_SingleMu12er1p5/1.00 L1_SingleMu14er1p5/1.00 L1_SingleMu18er1p5/1.00
324791,179,6,5.00,HLT_Mu8_IP6_part0_v2/5,OR,L1_SingleMu22/1.00 L1_SingleMu25/1.00 L1_SingleMu6er1p5/0.00 L1_SingleMu7er1p5/0.00 L1_SingleMu8er1p5/1.00 L1_SingleMu9er1p5/1.00 L1_SingleMu10er1p5/1.00 L1_SingleMu12er1p5/1.00 L1_SingleMu14er1p5/1.00 L1_SingleMu18er1p5/1.00
324791,618,7,5.00,HLT_Mu8_IP6_part0_v2/5,OR,L1_SingleMu22/1.00 L1_SingleMu25/1.00 L1_SingleMu6er1p5/0.00 L1_SingleMu7er1p5/1.00 L1_SingleMu8er1p5/1.00 L1_SingleMu9er1p5/1.00 L1_SingleMu10er1p5/1.00 L1_SingleMu12er1p5/1.00 L1_SingleMu14er1p5/1.00 L1_SingleMu18er1p5/1.00
324791,1,5,5.00,HLT_Mu8_IP6_part0_v2/5,OR,L1_SingleMu22/1.00 L1_SingleMu25/1.00 L1_SingleMu6er1p5/0.00 L1_SingleMu7er1p5/0.00 L1_SingleMu8er1p5/0.00 L1_SingleMu9er1p5/1.00 L1_SingleMu10er1p5/1.00 L1_SingleMu12er1p5/1.00 L1_SingleMu14er1p5/1.00 L1_SingleMu18er1p5/1.00
324791,179,6,5.00,HLT_Mu8_IP6_part0_v2/5,OR,L1_SingleMu22/1.00 L1_SingleMu25/1.00 L1_SingleMu6er1p5/0.00 L1_SingleMu7er1p5/0.00 L1_SingleMu8er1p5/1.00 L1_SingleMu9er1p5/1.00 L1_SingleMu10er1p5/1.00 L1_SingleMu12er1p5/1.00 L1_SingleMu14er1p5/1.00 L1_SingleMu18er1p5/1.00
324791,618,7,5.00,HLT_Mu8_IP6_part0_v2/5,OR,L1_SingleMu22/1.00 L1_SingleMu25/1.00 L1_SingleMu6er1p5/0.00 L1_SingleMu7er1p5/1.00 L1_SingleMu8er1p5/1.00 L1_SingleMu9er1p5/1.00 L1_SingleMu10er1p5/1.00 L1_SingleMu12er1p5/1.00 L1_SingleMu14er1p5/1.00 L1_SingleMu18er1p5/1.00
324835,1,2,0.00,HLT_Mu8_IP6_part0_v2/0,OR,L1_SingleMu22/1.00 L1_SingleMu25/1.00 L1_SingleMu6er1p5/0.00 L1_SingleMu7er1p5/0.00 L1_SingleMu8er1p5/0.00 L1_SingleMu9er1p5/0.00 L1_SingleMu10er1p5/0.00 L1_SingleMu12er1p5/0.00 L1_SingleMu14er1p5/0.00 L1_SingleMu18er1p5/0.00
324835,156,3,0.00,HLT_Mu8_IP6_part0_v2/0,OR,L1_SingleMu22/1.00 L1_SingleMu25/1.00 L1_SingleMu6er1p5/0.00 L1_SingleMu7er1p5/0.00 L1_SingleMu8er1p5/0.00 L1_SingleMu9er1p5/0.00 L1_SingleMu10er1p5/0.00 L1_SingleMu12er1p5/1.00 L1_SingleMu14er1p5/0.00 L1_SingleMu18er1p5/0.00
324840,1,3,0.00,HLT_Mu8_IP6_part0_v2/0,OR,L1_SingleMu22/1.00 L1_SingleMu25/1.00 L1_SingleMu6er1p5/0.00 L1_SingleMu7er1p5/0.00 L1_SingleMu8er1p5/0.00 L1_SingleMu9er1p5/0.00 L1_SingleMu10er1p5/0.00 L1_SingleMu12er1p5/1.00 L1_SingleMu14er1p5/0.00 L1_SingleMu18er1p5/0.00
324840,9,4,0.00,HLT_Mu8_IP6_part0_v2/0,OR,L1_SingleMu22/1.00 L1_SingleMu25/1.00 L1_SingleMu6er1p5/0.00 L1_SingleMu7er1p5/0.00 L1_SingleMu8er1p5/0.00 L1_SingleMu9er1p5/0.00 L1_SingleMu10er1p5/1.00 L1_SingleMu12er1p5/1.00 L1_SingleMu14er1p5/1.00 L1_SingleMu18er1p5/1.00
324840,1,3,0.00,HLT_Mu8_IP6_part0_v2/0,OR,L1_SingleMu22/1.00 L1_SingleMu25/1.00 L1_SingleMu6er1p5/0.00 L1_SingleMu7er1p5/0.00 L1_SingleMu8er1p5/0.00 L1_SingleMu9er1p5/0.00 L1_SingleMu10er1p5/0.00 L1_SingleMu12er1p5/1.00 L1_SingleMu14er1p5/0.00 L1_SingleMu18er1p5/0.00
324840,9,4,0.00,HLT_Mu8_IP6_part0_v2/0,OR,L1_SingleMu22/1.00 L1_SingleMu25/1.00 L1_SingleMu6er1p5/0.00 L1_SingleMu7er1p5/0.00 L1_SingleMu8er1p5/0.00 L1_SingleMu9er1p5/0.00 L1_SingleMu10er1p5/1.00 L1_SingleMu12er1p5/1.00 L1_SingleMu14er1p5/1.00 L1_SingleMu18er1p5/1.00
324841,1,4,0.00,HLT_Mu8_IP6_part0_v2/0,OR,L1_SingleMu22/1.00 L1_SingleMu25/1.00 L1_SingleMu6er1p5/0.00 L1_SingleMu7er1p5/0.00 L1_SingleMu8er1p5/0.00 L1_SingleMu9er1p5/0.00 L1_SingleMu10er1p5/1.00 L1_SingleMu12er1p5/1.00 L1_SingleMu14er1p5/1.00 L1_SingleMu18er1p5/1.00
324841,123,5,5.00,HLT_Mu8_IP6_part0_v2/5,OR,L1_SingleMu22/1.00 L1_SingleMu25/1.00 L1_SingleMu6er1p5/0.00 L1_SingleMu7er1p5/0.00 L1_SingleMu8er1p5/0.00 L1_SingleMu9er1p5/1.00 L1_SingleMu10er1p5/1.00 L1_SingleMu12er1p5/1.00 L1_SingleMu14er1p5/1.00 L1_SingleMu18er1p5/1.00
324841,450,6,5.00,HLT_Mu8_IP6_part0_v2/5,OR,L1_SingleMu22/1.00 L1_SingleMu25/1.00 L1_SingleMu6er1p5/0.00 L1_SingleMu7er1p5/0.00 L1_SingleMu8er1p5/1.00 L1_SingleMu9er1p5/1.00 L1_SingleMu10er1p5/1.00 L1_SingleMu12er1p5/1.00 L1_SingleMu14er1p5/1.00 L1_SingleMu18er1p5/1.00
324841,897,7,5.00,HLT_Mu8_IP6_part0_v2/5,OR,L1_SingleMu22/1.00 L1_SingleMu25/1.00 L1_SingleMu6er1p5/0.00 L1_SingleMu7er1p5/1.00 L1_SingleMu8er1p5/1.00 L1_SingleMu9er1p5/1.00 L1_SingleMu10er1p5/1.00 L1_SingleMu12er1p5/1.00 L1_SingleMu14er1p5/1.00 L1_SingleMu18er1p5/1.00
324841,1,4,0.00,HLT_Mu8_IP6_part0_v2/0,OR,L1_SingleMu22/1.00 L1_SingleMu25/1.00 L1_SingleMu6er1p5/0.00 L1_SingleMu7er1p5/0.00 L1_SingleMu8er1p5/0.00 L1_SingleMu9er1p5/0.00 L1_SingleMu10er1p5/1.00 L1_SingleMu12er1p5/1.00 L1_SingleMu14er1p5/1.00 L1_SingleMu18er1p5/1.00
324841,123,5,5.00,HLT_Mu8_IP6_part0_v2/5,OR,L1_SingleMu22/1.00 L1_SingleMu25/1.00 L1_SingleMu6er1p5/0.00 L1_SingleMu7er1p5/0.00 L1_SingleMu8er1p5/0.00 L1_SingleMu9er1p5/1.00 L1_SingleMu10er1p5/1.00 L1_SingleMu12er1p5/1.00 L1_SingleMu14er1p5/1.00 L1_SingleMu18er1p5/1.00
324841,450,6,5.00,HLT_Mu8_IP6_part0_v2/5,OR,L1_SingleMu22/1.00 L1_SingleMu25/1.00 L1_SingleMu6er1p5/0.00 L1_SingleMu7er1p5/0.00 L1_SingleMu8er1p5/1.00 L1_SingleMu9er1p5/1.00 L1_SingleMu10er1p5/1.00 L1_SingleMu12er1p5/1.00 L1_SingleMu14er1p5/1.00 L1_SingleMu18er1p5/1.00
324841,897,7,5.00,HLT_Mu8_IP6_part0_v2/5,OR,L1_SingleMu22/1.00 L1_SingleMu25/1.00 L1_SingleMu6er1p5/0.00 L1_SingleMu7er1p5/1.00 L1_SingleMu8er1p5/1.00 L1_SingleMu9er1p5/1.00 L1_SingleMu10er1p5/1.00 L1_SingleMu12er1p5/1.00 L1_SingleMu14er1p5/1.00 L1_SingleMu18er1p5/1.00
324841,1,4,0.00,HLT_Mu8_IP6_part0_v2/0,OR,L1_SingleMu22/1.00 L1_SingleMu25/1.00 L1_SingleMu6er1p5/0.00 L1_SingleMu7er1p5/0.00 L1_SingleMu8er1p5/0.00 L1_SingleMu9er1p5/0.00 L1_SingleMu10er1p5/1.00 L1_SingleMu12er1p5/1.00 L1_SingleMu14er1p5/1.00 L1_SingleMu18er1p5/1.00
324841,123,5,5.00,HLT_Mu8_IP6_part0_v2/5,OR,L1_SingleMu22/1.00 L1_SingleMu25/1.00 L1_SingleMu6er1p5/0.00 L1_SingleMu7er1p5/0.00 L1_SingleMu8er1p5/0.00 L1_SingleMu9er1p5/1.00 L1_SingleMu10er1p5/1.00 L1_SingleMu12er1p5/1.00 L1_SingleMu14er1p5/1.00 L1_SingleMu18er1p5/1.00
324841,450,6,5.00,HLT_Mu8_IP6_part0_v2/5,OR,L1_SingleMu22/1.00 L1_SingleMu25/1.00 L1_SingleMu6er1p5/0.00 L1_SingleMu7er1p5/0.00 L1_SingleMu8er1p5/1.00 L1_SingleMu9er1p5/1.00 L1_SingleMu10er1p5/1.00 L1_SingleMu12er1p5/1.00 L1_SingleMu14er1p5/1.00 L1_SingleMu18er1p5/1.00
324841,897,7,5.00,HLT_Mu8_IP6_part0_v2/5,OR,L1_SingleMu22/1.00 L1_SingleMu25/1.00 L1_SingleMu6er1p5/0.00 L1_SingleMu7er1p5/1.00 L1_SingleMu8er1p5/1.00 L1_SingleMu9er1p5/1.00 L1_SingleMu10er1p5/1.00 L1_SingleMu12er1p5/1.00 L1_SingleMu14er1p5/1.00 L1_SingleMu18er1p5/1.00
324846,1,7,5.00,HLT_Mu8_IP6_part0_v2/5,OR,L1_SingleMu22/1.00 L1_SingleMu25/1.00 L1_SingleMu6er1p5/0.00 L1_SingleMu7er1p5/1.00 L1_SingleMu8er1p5/1.00 L1_SingleMu9er1p5/1.00 L1_SingleMu10er1p5/1.00 L1_SingleMu12er1p5/1.00 L1_SingleMu14er1p5/1.00 L1_SingleMu18er1p5/1.00
324846,261,8,5.00,HLT_Mu8_IP6_part0_v2/5,OR,L1_SingleMu22/1.00 L1_SingleMu25/1.00 L1_SingleMu6er1p5/0.00 L1_SingleMu7er1p5/1.00 L1_SingleMu8er1p5/1.00 L1_SingleMu9er1p5/1.00 L1_SingleMu10er1p5/1.00 L1_SingleMu12er1p5/1.00 L1_SingleMu14er1p5/1.00 L1_SingleMu18er1p5/1.00
324878,1,0,0.00,HLT_Mu8_IP6_part0_v2/0,OR,L1_SingleMu22/0.00 L1_SingleMu25/0.00 L1_SingleMu6er1p5/0.00 L1_SingleMu7er1p5/0.00 L1_SingleMu8er1p5/0.00 L1_SingleMu9er1p5/0.00 L1_SingleMu10er1p5/0.00 L1_SingleMu12er1p5/0.00 L1_SingleMu14er1p5/0.00 L1_SingleMu18er1p5/0.00
324878,14,2,0.00,HLT_Mu8_IP6_part0_v2/0,OR,L1_SingleMu22/1.00 L1_SingleMu25/1.00 L1_SingleMu6er1p5/0.00 L1_SingleMu7er1p5/0.00 L1_SingleMu8er1p5/0.00 L1_SingleMu9er1p5/0.00 L1_SingleMu10er1p5/0.00 L1_SingleMu12er1p5/0.00 L1_SingleMu14er1p5/0.00 L1_SingleMu18er1p5/0.00
324878,107,3,0.00,HLT_Mu8_IP6_part0_v2/0,OR,L1_SingleMu22/1.00 L1_SingleMu25/1.00 L1_SingleMu6er1p5/0.00 L1_SingleMu7er1p5/0.00 L1_SingleMu8er1p5/0.00 L1_SingleMu9er1p5/0.00 L1_SingleMu10er1p5/0.00 L1_SingleMu12er1p5/1.00 L1_SingleMu14er1p5/0.00 L1_SingleMu18er1p5/0.00
324878,190,4,0.00,HLT_Mu8_IP6_part0_v2/0,OR,L1_SingleMu22/1.00 L1_SingleMu25/1.00 L1_SingleMu6er1p5/0.00 L1_SingleMu7er1p5/0.00 L1_SingleMu8er1p5/0.00 L1_SingleMu9er1p5/0.00 L1_SingleMu10er1p5/1.00 L1_SingleMu12er1p5/1.00 L1_SingleMu14er1p5/1.00 L1_SingleMu18er1p5/1.00
324878,474,5,5.00,HLT_Mu8_IP6_part0_v2/5,OR,L1_SingleMu22/1.00 L1_SingleMu25/1.00 L1_SingleMu6er1p5/0.00 L1_SingleMu7er1p5/0.00 L1_SingleMu8er1p5/0.00 L1_SingleMu9er1p5/1.00 L1_SingleMu10er1p5/1.00 L1_SingleMu12er1p5/1.00 L1_SingleMu14er1p5/1.00 L1_SingleMu18er1p5/1.00
324878,778,6,5.00,HLT_Mu8_IP6_part0_v2/5,OR,L1_SingleMu22/1.00 L1_SingleMu25/1.00 L1_SingleMu6er1p5/0.00 L1_SingleMu7er1p5/0.00 L1_SingleMu8er1p5/1.00 L1_SingleMu9er1p5/1.00 L1_SingleMu10er1p5/1.00 L1_SingleMu12er1p5/1.00 L1_SingleMu14er1p5/1.00 L1_SingleMu18er1p5/1.00
324878,1063,7,5.00,HLT_Mu8_IP6_part0_v2/5,OR,L1_SingleMu22/1.00 L1_SingleMu25/1.00 L1_SingleMu6er1p5/0.00 L1_SingleMu7er1p5/1.00 L1_SingleMu8er1p5/1.00 L1_SingleMu9er1p5/1.00 L1_SingleMu10er1p5/1.00 L1_SingleMu12er1p5/1.00 L1_SingleMu14er1p5/1.00 L1_SingleMu18er1p5/1.00
324878,1,0,0.00,HLT_Mu8_IP6_part0_v2/0,OR,L1_SingleMu22/0.00 L1_SingleMu25/0.00 L1_SingleMu6er1p5/0.00 L1_SingleMu7er1p5/0.00 L1_SingleMu8er1p5/0.00 L1_SingleMu9er1p5/0.00 L1_SingleMu10er1p5/0.00 L1_SingleMu12er1p5/0.00 L1_SingleMu14er1p5/0.00 L1_SingleMu18er1p5/0.00
324878,14,2,0.00,HLT_Mu8_IP6_part0_v2/0,OR,L1_SingleMu22/1.00 L1_SingleMu25/1.00 L1_SingleMu6er1p5/0.00 L1_SingleMu7er1p5/0.00 L1_SingleMu8er1p5/0.00 L1_SingleMu9er1p5/0.00 L1_SingleMu10er1p5/0.00 L1_SingleMu12er1p5/0.00 L1_SingleMu14er1p5/0.00 L1_SingleMu18er1p5/0.00
324878,107,3,0.00,HLT_Mu8_IP6_part0_v2/0,OR,L1_SingleMu22/1.00 L1_SingleMu25/1.00 L1_SingleMu6er1p5/0.00 L1_SingleMu7er1p5/0.00 L1_SingleMu8er1p5/0.00 L1_SingleMu9er1p5/0.00 L1_SingleMu10er1p5/0.00 L1_SingleMu12er1p5/1.00 L1_SingleMu14er1p5/0.00 L1_SingleMu18er1p5/0.00
324878,190,4,0.00,HLT_Mu8_IP6_part0_v2/0,OR,L1_SingleMu22/1.00 L1_SingleMu25/1.00 L1_SingleMu6er1p5/0.00 L1_SingleMu7er1p5/0.00 L1_SingleMu8er1p5/0.00 L1_SingleMu9er1p5/0.00 L1_SingleMu10er1p5/1.00 L1_SingleMu12er1p5/1.00 L1_SingleMu14er1p5/1.00 L1_SingleMu18er1p5/1.00
324878,474,5,5.00,HLT_Mu8_IP6_part0_v2/5,OR,L1_SingleMu22/1.00 L1_SingleMu25/1.00 L1_SingleMu6er1p5/0.00 L1_SingleMu7er1p5/0.00 L1_SingleMu8er1p5/0.00 L1_SingleMu9er1p5/1.00 L1_SingleMu10er1p5/1.00 L1_SingleMu12er1p5/1.00 L1_SingleMu14er1p5/1.00 L1_SingleMu18er1p5/1.00
324878,778,6,5.00,HLT_Mu8_IP6_part0_v2/5,OR,L1_SingleMu22/1.00 L1_SingleMu25/1.00 L1_SingleMu6er1p5/0.00 L1_SingleMu7er1p5/0.00 L1_SingleMu8er1p5/1.00 L1_SingleMu9er1p5/1.00 L1_SingleMu10er1p5/1.00 L1_SingleMu12er1p5/1.00 L1_SingleMu14er1p5/1.00 L1_SingleMu18er1p5/1.00
324878,1063,7,5.00,HLT_Mu8_IP6_part0_v2/5,OR,L1_SingleMu22/1.00 L1_SingleMu25/1.00 L1_SingleMu6er1p5/0.00 L1_SingleMu7er1p5/1.00 L1_SingleMu8er1p5/1.00 L1_SingleMu9er1p5/1.00 L1_SingleMu10er1p5/1.00 L1_SingleMu12er1p5/1.00 L1_SingleMu14er1p5/1.00 L1_SingleMu18er1p5/1.00
324878,1,0,0.00,HLT_Mu8_IP6_part0_v2/0,OR,L1_SingleMu22/0.00 L1_SingleMu25/0.00 L1_SingleMu6er1p5/0.00 L1_SingleMu7er1p5/0.00 L1_SingleMu8er1p5/0.00 L1_SingleMu9er1p5/0.00 L1_SingleMu10er1p5/0.00 L1_SingleMu12er1p5/0.00 L1_SingleMu14er1p5/0.00 L1_SingleMu18er1p5/0.00
324878,14,2,0.00,HLT_Mu8_IP6_part0_v2/0,OR,L1_SingleMu22/1.00 L1_SingleMu25/1.00 L1_SingleMu6er1p5/0.00 L1_SingleMu7er1p5/0.00 L1_SingleMu8er1p5/0.00 L1_SingleMu9er1p5/0.00 L1_SingleMu10er1p5/0.00 L1_SingleMu12er1p5/0.00 L1_SingleMu14er1p5/0.00 L1_SingleMu18er1p5/0.00
324878,107,3,0.00,HLT_Mu8_IP6_part0_v2/0,OR,L1_SingleMu22/1.00 L1_SingleMu25/1.00 L1_SingleMu6er1p5/0.00 L1_SingleMu7er1p5/0.00 L1_SingleMu8er1p5/0.00 L1_SingleMu9er1p5/0.00 L1_SingleMu10er1p5/0.00 L1_SingleMu12er1p5/1.00 L1_SingleMu14er1p5/0.00 L1_SingleMu18er1p5/0.00
324878,190,4,0.00,HLT_Mu8_IP6_part0_v2/0,OR,L1_SingleMu22/1.00 L1_SingleMu25/1.00 L1_SingleMu6er1p5/0.00 L1_SingleMu7er1p5/0.00 L1_SingleMu8er1p5/0.00 L1_SingleMu9er1p5/0.00 L1_SingleMu10er1p5/1.00 L1_SingleMu12er1p5/1.00 L1_SingleMu14er1p5/1.00 L1_SingleMu18er1p5/1.00
324878,474,5,5.00,HLT_Mu8_IP6_part0_v2/5,OR,L1_SingleMu22/1.00 L1_SingleMu25/1.00 L1_SingleMu6er1p5/0.00 L1_SingleMu7er1p5/0.00 L1_SingleMu8er1p5/0.00 L1_SingleMu9er1p5/1.00 L1_SingleMu10er1p5/1.00 L1_SingleMu12er1p5/1.00 L1_SingleMu14er1p5/1.00 L1_SingleMu18er1p5/1.00
324878,778,6,5.00,HLT_Mu8_IP6_part0_v2/5,OR,L1_SingleMu22/1.00 L1_SingleMu25/1.00 L1_SingleMu6er1p5/0.00 L1_SingleMu7er1p5/0.00 L1_SingleMu8er1p5/1.00 L1_SingleMu9er1p5/1.00 L1_SingleMu10er1p5/1.00 L1_SingleMu12er1p5/1.00 L1_SingleMu14er1p5/1.00 L1_SingleMu18er1p5/1.00
324878,1063,7,5.00,HLT_Mu8_IP6_part0_v2/5,OR,L1_SingleMu22/1.00 L1_SingleMu25/1.00 L1_SingleMu6er1p5/0.00 L1_SingleMu7er1p5/1.00 L1_SingleMu8er1p5/1.00 L1_SingleMu9er1p5/1.00 L1_SingleMu10er1p5/1.00 L1_SingleMu12er1p5/1.00 L1_SingleMu14er1p5/1.00 L1_SingleMu18er1p5/1.00
324878,1,0,0.00,HLT_Mu8_IP6_part0_v2/0,OR,L1_SingleMu22/0.00 L1_SingleMu25/0.00 L1_SingleMu6er1p5/0.00 L1_SingleMu7er1p5/0.00 L1_SingleMu8er1p5/0.00 L1_SingleMu9er1p5/0.00 L1_SingleMu10er1p5/0.00 L1_SingleMu12er1p5/0.00 L1_SingleMu14er1p5/0.00 L1_SingleMu18er1p5/0.00
324878,14,2,0.00,HLT_Mu8_IP6_part0_v2/0,OR,L1_SingleMu22/1.00 L1_SingleMu25/1.00 L1_SingleMu6er1p5/0.00 L1_SingleMu7er1p5/0.00 L1_SingleMu8er1p5/0.00 L1_SingleMu9er1p5/0.00 L1_SingleMu10er1p5/0.00 L1_SingleMu12er1p5/0.00 L1_SingleMu14er1p5/0.00 L1_SingleMu18er1p5/0.00
324878,107,3,0.00,HLT_Mu8_IP6_part0_v2/0,OR,L1_SingleMu22/1.00 L1_SingleMu25/1.00 L1_SingleMu6er1p5/0.00 L1_SingleMu7er1p5/0.00 L1_SingleMu8er1p5/0.00 L1_SingleMu9er1p5/0.00 L1_SingleMu10er1p5/0.00 L1_SingleMu12er1p5/1.00 L1_SingleMu14er1p5/0.00 L1_SingleMu18er1p5/0.00
324878,190,4,0.00,HLT_Mu8_IP6_part0_v2/0,OR,L1_SingleMu22/1.00 L1_SingleMu25/1.00 L1_SingleMu6er1p5/0.00 L1_SingleMu7er1p5/0.00 L1_SingleMu8er1p5/0.00 L1_SingleMu9er1p5/0.00 L1_SingleMu10er1p5/1.00 L1_SingleMu12er1p5/1.00 L1_SingleMu14er1p5/1.00 L1_SingleMu18er1p5/1.00
324878,474,5,5.00,HLT_Mu8_IP6_part0_v2/5,OR,L1_SingleMu22/1.00 L1_SingleMu25/1.00 L1_SingleMu6er1p5/0.00 L1_SingleMu7er1p5/0.00 L1_SingleMu8er1p5/0.00 L1_SingleMu9er1p5/1.00 L1_SingleMu10er1p5/1.00 L1_SingleMu12er1p5/1.00 L1_SingleMu14er1p5/1.00 L1_SingleMu18er1p5/1.00
324878,778,6,5.00,HLT_Mu8_IP6_part0_v2/5,OR,L1_SingleMu22/1.00 L1_SingleMu25/1.00 L1_SingleMu6er1p5/0.00 L1_SingleMu7er1p5/0.00 L1_SingleMu8er1p5/1.00 L1_SingleMu9er1p5/1.00 L1_SingleMu10er1p5/1.00 L1_SingleMu12er1p5/1.00 L1_SingleMu14er1p5/1.00 L1_SingleMu18er1p5/1.00
324878,1063,7,5.00,HLT_Mu8_IP6_part0_v2/5,OR,L1_SingleMu22/1.00 L1_SingleMu25/1.00 L1_SingleMu6er1p5/0.00 L1_SingleMu7er1p5/1.00 L1_SingleMu8er1p5/1.00 L1_SingleMu9er1p5/1.00 L1_SingleMu10er1p5/1.00 L1_SingleMu12er1p5/1.00 L1_SingleMu14er1p5/1.00 L1_SingleMu18er1p5/1.00
324897,1,0,0.00,HLT_Mu8_IP6_part0_v2/0,OR,L1_SingleMu22/0.00 L1_SingleMu25/0.00 L1_SingleMu6er1p5/0.00 L1_SingleMu7er1p5/0.00 L1_SingleMu8er1p5/0.00 L1_SingleMu9er1p5/0.00 L1_SingleMu10er1p5/0.00 L1_SingleMu12er1p5/0.00 L1_SingleMu14er1p5/0.00 L1_SingleMu18er1p5/0.00
324897,13,2,0.00,HLT_Mu8_IP6_part0_v2/0,OR,L1_SingleMu22/1.00 L1_SingleMu25/1.00 L1_SingleMu6er1p5/0.00 L1_SingleMu7er1p5/0.00 L1_SingleMu8er1p5/0.00 L1_SingleMu9er1p5/0.00 L1_SingleMu10er1p5/0.00 L1_SingleMu12er1p5/0.00 L1_SingleMu14er1p5/0.00 L1_SingleMu18er1p5/0.00
324897,135,3,0.00,HLT_Mu8_IP6_part0_v2/0,OR,L1_SingleMu22/1.00 L1_SingleMu25/1.00 L1_SingleMu6er1p5/0.00 L1_SingleMu7er1p5/0.00 L1_SingleMu8er1p5/0.00 L1_SingleMu9er1p5/0.00 L1_SingleMu10er1p5/0.00 L1_SingleMu12er1p5/1.00 L1_SingleMu14er1p5/0.00 L1_SingleMu18er1p5/0.00
324970,1,2,0.00,HLT_Mu8_IP6_part0_v2/0,OR,L1_SingleMu22/1.00 L1_SingleMu25/1.00 L1_SingleMu6er1p5/0.00 L1_SingleMu7er1p5/0.00 L1_SingleMu8er1p5/0.00 L1_SingleMu9er1p5/0.00 L1_SingleMu10er1p5/0.00 L1_SingleMu12er1p5/0.00 L1_SingleMu14er1p5/0.00 L1_SingleMu18er1p5/0.00
324970,181,3,0.00,HLT_Mu8_IP6_part0_v2/0,OR,L1_SingleMu22/1.00 L1_SingleMu25/1.00 L1_SingleMu6er1p5/0.00 L1_SingleMu7er1p5/0.00 L1_SingleMu8er1p5/0.00 L1_SingleMu9er1p5/0.00 L1_SingleMu10er1p5/0.00 L1_SingleMu12er1p5/1.00 L1_SingleMu14er1p5/0.00 L1_SingleMu18er1p5/0.00
324970,359,4,0.00,HLT_Mu8_IP6_part0_v2/0,OR,L1_SingleMu22/1.00 L1_SingleMu25/1.00 L1_SingleMu6er1p5/0.00 L1_SingleMu7er1p5/0.00 L1_SingleMu8er1p5/0.00 L1_SingleMu9er1p5/0.00 L1_SingleMu10er1p5/1.00 L1_SingleMu12er1p5/1.00 L1_SingleMu14er1p5/1.00 L1_SingleMu18er1p5/1.00
324970,461,5,5.00,HLT_Mu8_IP6_part0_v2/5,OR,L1_SingleMu22/1.00 L1_SingleMu25/1.00 L1_SingleMu6er1p5/0.00 L1_SingleMu7er1p5/0.00 L1_SingleMu8er1p5/0.00 L1_SingleMu9er1p5/1.00 L1_SingleMu10er1p5/1.00 L1_SingleMu12er1p5/1.00 L1_SingleMu14er1p5/1.00 L1_SingleMu18er1p5/1.00
324970,745,6,5.00,HLT_Mu8_IP6_part0_v2/5,OR,L1_SingleMu22/1.00 L1_SingleMu25/1.00 L1_SingleMu6er1p5/0.00 L1_SingleMu7er1p5/0.00 L1_SingleMu8er1p5/1.00 L1_SingleMu9er1p5/1.00 L1_SingleMu10er1p5/1.00 L1_SingleMu12er1p5/1.00 L1_SingleMu14er1p5/1.00 L1_SingleMu18er1p5/1.00
324970,1174,7,5.00,HLT_Mu8_IP6_part0_v2/5,OR,L1_SingleMu22/1.00 L1_SingleMu25/1.00 L1_SingleMu6er1p5/0.00 L1_SingleMu7er1p5/1.00 L1_SingleMu8er1p5/1.00 L1_SingleMu9er1p5/1.00 L1_SingleMu10er1p5/1.00 L1_SingleMu12er1p5/1.00 L1_SingleMu14er1p5/1.00 L1_SingleMu18er1p5/1.00
324970,1934,8,5.00,HLT_Mu8_IP6_part0_v2/5,OR,L1_SingleMu22/1.00 L1_SingleMu25/1.00 L1_SingleMu6er1p5/0.00 L1_SingleMu7er1p5/1.00 L1_SingleMu8er1p5/1.00 L1_SingleMu9er1p5/1.00 L1_SingleMu10er1p5/1.00 L1_SingleMu12er1p5/1.00 L1_SingleMu14er1p5/1.00 L1_SingleMu18er1p5/1.00
324970,1,2,0.00,HLT_Mu8_IP6_part0_v2/0,OR,L1_SingleMu22/1.00 L1_SingleMu25/1.00 L1_SingleMu6er1p5/0.00 L1_SingleMu7er1p5/0.00 L1_SingleMu8er1p5/0.00 L1_SingleMu9er1p5/0.00 L1_SingleMu10er1p5/0.00 L1_SingleMu12er1p5/0.00 L1_SingleMu14er1p5/0.00 L1_SingleMu18er1p5/0.00
324970,181,3,0.00,HLT_Mu8_IP6_part0_v2/0,OR,L1_SingleMu22/1.00 L1_SingleMu25/1.00 L1_SingleMu6er1p5/0.00 L1_SingleMu7er1p5/0.00 L1_SingleMu8er1p5/0.00 L1_SingleMu9er1p5/0.00 L1_SingleMu10er1p5/0.00 L1_SingleMu12er1p5/1.00 L1_SingleMu14er1p5/0.00 L1_SingleMu18er1p5/0.00
324970,359,4,0.00,HLT_Mu8_IP6_part0_v2/0,OR,L1_SingleMu22/1.00 L1_SingleMu25/1.00 L1_SingleMu6er1p5/0.00 L1_SingleMu7er1p5/0.00 L1_SingleMu8er1p5/0.00 L1_SingleMu9er1p5/0.00 L1_SingleMu10er1p5/1.00 L1_SingleMu12er1p5/1.00 L1_SingleMu14er1p5/1.00 L1_SingleMu18er1p5/1.00
324970,461,5,5.00,HLT_Mu8_IP6_part0_v2/5,OR,L1_SingleMu22/1.00 L1_SingleMu25/1.00 L1_SingleMu6er1p5/0.00 L1_SingleMu7er1p5/0.00 L1_SingleMu8er1p5/0.00 L1_SingleMu9er1p5/1.00 L1_SingleMu10er1p5/1.00 L1_SingleMu12er1p5/1.00 L1_SingleMu14er1p5/1.00 L1_SingleMu18er1p5/1.00
324970,745,6,5.00,HLT_Mu8_IP6_part0_v2/5,OR,L1_SingleMu22/1.00 L1_SingleMu25/1.00 L1_SingleMu6er1p5/0.00 L1_SingleMu7er1p5/0.00 L1_SingleMu8er1p5/1.00 L1_SingleMu9er1p5/1.00 L1_SingleMu10er1p5/1.00 L1_SingleMu12er1p5/1.00 L1_SingleMu14er1p5/1.00 L1_SingleMu18er1p5/1.00
324970,1174,7,5.00,HLT_Mu8_IP6_part0_v2/5,OR,L1_SingleMu22/1.00 L1_SingleMu25/1.00 L1_SingleMu6er1p5/0.00 L1_SingleMu7er1p5/1.00 L1_SingleMu8er1p5/1.00 L1_SingleMu9er1p5/1.00 L1_SingleMu10er1p5/1.00 L1_SingleMu12er1p5/1.00 L1_SingleMu14er1p5/1.00 L1_SingleMu18er1p5/1.00
324970,1934,8,5.00,HLT_Mu8_IP6_part0_v2/5,OR,L1_SingleMu22/1.00 L1_SingleMu25/1.00 L1_SingleMu6er1p5/0.00 L1_SingleMu7er1p5/1.00 L1_SingleMu8er1p5/1.00 L1_SingleMu9er1p5/1.00 L1_SingleMu10er1p5/1.00 L1_SingleMu12er1p5/1.00 L1_SingleMu14er1p5/1.00 L1_SingleMu18er1p5/1.00
324970,1,2,0.00,HLT_Mu8_IP6_part0_v2/0,OR,L1_SingleMu22/1.00 L1_SingleMu25/1.00 L1_SingleMu6er1p5/0.00 L1_SingleMu7er1p5/0.00 L1_SingleMu8er1p5/0.00 L1_SingleMu9er1p5/0.00 L1_SingleMu10er1p5/0.00 L1_SingleMu12er1p5/0.00 L1_SingleMu14er1p5/0.00 L1_SingleMu18er1p5/0.00
324970,181,3,0.00,HLT_Mu8_IP6_part0_v2/0,OR,L1_SingleMu22/1.00 L1_SingleMu25/1.00 L1_SingleMu6er1p5/0.00 L1_SingleMu7er1p5/0.00 L1_SingleMu8er1p5/0.00 L1_SingleMu9er1p5/0.00 L1_SingleMu10er1p5/0.00 L1_SingleMu12er1p5/1.00 L1_SingleMu14er1p5/0.00 L1_SingleMu18er1p5/0.00
324970,359,4,0.00,HLT_Mu8_IP6_part0_v2/0,OR,L1_SingleMu22/1.00 L1_SingleMu25/1.00 L1_SingleMu6er1p5/0.00 L1_SingleMu7er1p5/0.00 L1_SingleMu8er1p5/0.00 L1_SingleMu9er1p5/0.00 L1_SingleMu10er1p5/1.00 L1_SingleMu12er1p5/1.00 L1_SingleMu14er1p5/1.00 L1_SingleMu18er1p5/1.00
324970,461,5,5.00,HLT_Mu8_IP6_part0_v2/5,OR,L1_SingleMu22/1.00 L1_SingleMu25/1.00 L1_SingleMu6er1p5/0.00 L1_SingleMu7er1p5/0.00 L1_SingleMu8er1p5/0.00 L1_SingleMu9er1p5/1.00 L1_SingleMu10er1p5/1.00 L1_SingleMu12er1p5/1.00 L1_SingleMu14er1p5/1.00 L1_SingleMu18er1p5/1.00
324970,745,6,5.00,HLT_Mu8_IP6_part0_v2/5,OR,L1_SingleMu22/1.00 L1_SingleMu25/1.00 L1_SingleMu6er1p5/0.00 L1_SingleMu7er1p5/0.00 L1_SingleMu8er1p5/1.00 L1_SingleMu9er1p5/1.00 L1_SingleMu10er1p5/1.00 L1_SingleMu12er1p5/1.00 L1_SingleMu14er1p5/1.00 L1_SingleMu18er1p5/1.00
324970,1174,7,5.00,HLT_Mu8_IP6_part0_v2/5,OR,L1_SingleMu22/1.00 L1_SingleMu25/1.00 L1_SingleMu6er1p5/0.00 L1_SingleMu7er1p5/1.00 L1_SingleMu8er1p5/1.00 L1_SingleMu9er1p5/1.00 L1_SingleMu10er1p5/1.00 L1_SingleMu12er1p5/1.00 L1_SingleMu14er1p5/1.00 L1_SingleMu18er1p5/1.00
324970,1934,8,5.00,HLT_Mu8_IP6_part0_v2/5,OR,L1_SingleMu22/1.00 L1_SingleMu25/1.00 L1_SingleMu6er1p5/0.00 L1_SingleMu7er1p5/1.00 L1_SingleMu8er1p5/1.00 L1_SingleMu9er1p5/1.00 L1_SingleMu10er1p5/1.00 L1_SingleMu12er1p5/1.00 L1_SingleMu14er1p5/1.00 L1_SingleMu18er1p5/1.00
324970,1,2,0.00,HLT_Mu8_IP6_part0_v2/0,OR,L1_SingleMu22/1.00 L1_SingleMu25/1.00 L1_SingleMu6er1p5/0.00 L1_SingleMu7er1p5/0.00 L1_SingleMu8er1p5/0.00 L1_SingleMu9er1p5/0.00 L1_SingleMu10er1p5/0.00 L1_SingleMu12er1p5/0.00 L1_SingleMu14er1p5/0.00 L1_SingleMu18er1p5/0.00
324970,181,3,0.00,HLT_Mu8_IP6_part0_v2/0,OR,L1_SingleMu22/1.00 L1_SingleMu25/1.00 L1_SingleMu6er1p5/0.00 L1_SingleMu7er1p5/0.00 L1_SingleMu8er1p5/0.00 L1_SingleMu9er1p5/0.00 L1_SingleMu10er1p5/0.00 L1_SingleMu12er1p5/1.00 L1_SingleMu14er1p5/0.00 L1_SingleMu18er1p5/0.00
324970,359,4,0.00,HLT_Mu8_IP6_part0_v2/0,OR,L1_SingleMu22/1.00 L1_SingleMu25/1.00 L1_SingleMu6er1p5/0.00 L1_SingleMu7er1p5/0.00 L1_SingleMu8er1p5/0.00 L1_SingleMu9er1p5/0.00 L1_SingleMu10er1p5/1.00 L1_SingleMu12er1p5/1.00 L1_SingleMu14er1p5/1.00 L1_SingleMu18er1p5/1.00
324970,461,5,5.00,HLT_Mu8_IP6_part0_v2/5,OR,L1_SingleMu22/1.00 L1_SingleMu25/1.00 L1_SingleMu6er1p5/0.00 L1_SingleMu7er1p5/0.00 L1_SingleMu8er1p5/0.00 L1_SingleMu9er1p5/1.00 L1_SingleMu10er1p5/1.00 L1_SingleMu12er1p5/1.00 L1_SingleMu14er1p5/1.00 L1_SingleMu18er1p5/1.00
324970,745,6,5.00,HLT_Mu8_IP6_part0_v2/5,OR,L1_SingleMu22/1.00 L1_SingleMu25/1.00 L1_SingleMu6er1p5/0.00 L1_SingleMu7er1p5/0.00 L1_SingleMu8er1p5/1.00 L1_SingleMu9er1p5/1.00 L1_SingleMu10er1p5/1.00 L1_SingleMu12er1p5/1.00 L1_SingleMu14er1p5/1.00 L1_SingleMu18er1p5/1.00
324970,1174,7,5.00,HLT_Mu8_IP6_part0_v2/5,OR,L1_SingleMu22/1.00 L1_SingleMu25/1.00 L1_SingleMu6er1p5/0.00 L1_SingleMu7er1p5/1.00 L1_SingleMu8er1p5/1.00 L1_SingleMu9er1p5/1.00 L1_SingleMu10er1p5/1.00 L1_SingleMu12er1p5/1.00 L1_SingleMu14er1p5/1.00 L1_SingleMu18er1p5/1.00
324970,1934,8,5.00,HLT_Mu8_IP6_part0_v2/5,OR,L1_SingleMu22/1.00 L1_SingleMu25/1.00 L1_SingleMu6er1p5/0.00 L1_SingleMu7er1p5/1.00 L1_SingleMu8er1p5/1.00 L1_SingleMu9er1p5/1.00 L1_SingleMu10er1p5/1.00 L1_SingleMu12er1p5/1.00 L1_SingleMu14er1p5/1.00 L1_SingleMu18er1p5/1.00
324980,1,0,0.00,HLT_Mu8_IP6_part0_v2/0,OR,L1_SingleMu22/0.00 L1_SingleMu25/0.00 L1_SingleMu6er1p5/0.00 L1_SingleMu7er1p5/0.00 L1_SingleMu8er1p5/0.00 L1_SingleMu9er1p5/0.00 L1_SingleMu10er1p5/0.00 L1_SingleMu12er1p5/0.00 L1_SingleMu14er1p5/0.00 L1_SingleMu18er1p5/0.00
324980,25,2,0.00,HLT_Mu8_IP6_part0_v2/0,OR,L1_SingleMu22/1.00 L1_SingleMu25/1.00 L1_SingleMu6er1p5/0.00 L1_SingleMu7er1p5/0.00 L1_SingleMu8er1p5/0.00 L1_SingleMu9er1p5/0.00 L1_SingleMu10er1p5/0.00 L1_SingleMu12er1p5/0.00 L1_SingleMu14er1p5/0.00 L1_SingleMu18er1p5/0.00
324980,205,3,0.00,HLT_Mu8_IP6_part0_v2/0,OR,L1_SingleMu22/1.00 L1_SingleMu25/1.00 L1_SingleMu6er1p5/0.00 L1_SingleMu7er1p5/0.00 L1_SingleMu8er1p5/0.00 L1_SingleMu9er1p5/0.00 L1_SingleMu10er1p5/0.00 L1_SingleMu12er1p5/1.00 L1_SingleMu14er1p5/0.00 L1_SingleMu18er1p5/0.00
324980,371,4,0.00,HLT_Mu8_IP6_part0_v2/0,OR,L1_SingleMu22/1.00 L1_SingleMu25/1.00 L1_SingleMu6er1p5/0.00 L1_SingleMu7er1p5/0.00 L1_SingleMu8er1p5/0.00 L1_SingleMu9er1p5/0.00 L1_SingleMu10er1p5/1.00 L1_SingleMu12er1p5/1.00 L1_SingleMu14er1p5/1.00 L1_SingleMu18er1p5/1.00
324980,617,5,5.00,HLT_Mu8_IP6_part0_v2/5,OR,L1_SingleMu22/1.00 L1_SingleMu25/1.00 L1_SingleMu6er1p5/0.00 L1_SingleMu7er1p5/0.00 L1_SingleMu8er1p5/0.00 L1_SingleMu9er1p5/1.00 L1_SingleMu10er1p5/1.00 L1_SingleMu12er1p5/1.00 L1_SingleMu14er1p5/1.00 L1_SingleMu18er1p5/1.00
324980,908,6,5.00,HLT_Mu8_IP6_part0_v2/5,OR,L1_SingleMu22/1.00 L1_SingleMu25/1.00 L1_SingleMu6er1p5/0.00 L1_SingleMu7er1p5/0.00 L1_SingleMu8er1p5/1.00 L1_SingleMu9er1p5/1.00 L1_SingleMu10er1p5/1.00 L1_SingleMu12er1p5/1.00 L1_SingleMu14er1p5/1.00 L1_SingleMu18er1p5/1.00
324980,1371,7,5.00,HLT_Mu8_IP6_part0_v2/5,OR,L1_SingleMu22/1.00 L1_SingleMu25/1.00 L1_SingleMu6er1p5/0.00 L1_SingleMu7er1p5/1.00 L1_SingleMu8er1p5/1.00 L1_SingleMu9er1p5/1.00 L1_SingleMu10er1p5/1.00 L1_SingleMu12er1p5/1.00 L1_SingleMu14er1p5/1.00 L1_SingleMu18er1p5/1.00
324980,2129,8,5.00,HLT_Mu8_IP6_part0_v2/5,OR,L1_SingleMu22/1.00 L1_SingleMu25/1.00 L1_SingleMu6er1p5/0.00 L1_SingleMu7er1p5/1.00 L1_SingleMu8er1p5/1.00 L1_SingleMu9er1p5/1.00 L1_SingleMu10er1p5/1.00 L1_SingleMu12er1p5/1.00 L1_SingleMu14er1p5/1.00 L1_SingleMu18er1p5/1.00
324980,1,0,0.00,HLT_Mu8_IP6_part0_v2/0,OR,L1_SingleMu22/0.00 L1_SingleMu25/0.00 L1_SingleMu6er1p5/0.00 L1_SingleMu7er1p5/0.00 L1_SingleMu8er1p5/0.00 L1_SingleMu9er1p5/0.00 L1_SingleMu10er1p5/0.00 L1_SingleMu12er1p5/0.00 L1_SingleMu14er1p5/0.00 L1_SingleMu18er1p5/0.00
324980,25,2,0.00,HLT_Mu8_IP6_part0_v2/0,OR,L1_SingleMu22/1.00 L1_SingleMu25/1.00 L1_SingleMu6er1p5/0.00 L1_SingleMu7er1p5/0.00 L1_SingleMu8er1p5/0.00 L1_SingleMu9er1p5/0.00 L1_SingleMu10er1p5/0.00 L1_SingleMu12er1p5/0.00 L1_SingleMu14er1p5/0.00 L1_SingleMu18er1p5/0.00
324980,205,3,0.00,HLT_Mu8_IP6_part0_v2/0,OR,L1_SingleMu22/1.00 L1_SingleMu25/1.00 L1_SingleMu6er1p5/0.00 L1_SingleMu7er1p5/0.00 L1_SingleMu8er1p5/0.00 L1_SingleMu9er1p5/0.00 L1_SingleMu10er1p5/0.00 L1_SingleMu12er1p5/1.00 L1_SingleMu14er1p5/0.00 L1_SingleMu18er1p5/0.00
324980,371,4,0.00,HLT_Mu8_IP6_part0_v2/0,OR,L1_SingleMu22/1.00 L1_SingleMu25/1.00 L1_SingleMu6er1p5/0.00 L1_SingleMu7er1p5/0.00 L1_SingleMu8er1p5/0.00 L1_SingleMu9er1p5/0.00 L1_SingleMu10er1p5/1.00 L1_SingleMu12er1p5/1.00 L1_SingleMu14er1p5/1.00 L1_SingleMu18er1p5/1.00
324980,617,5,5.00,HLT_Mu8_IP6_part0_v2/5,OR,L1_SingleMu22/1.00 L1_SingleMu25/1.00 L1_SingleMu6er1p5/0.00 L1_SingleMu7er1p5/0.00 L1_SingleMu8er1p5/0.00 L1_SingleMu9er1p5/1.00 L1_SingleMu10er1p5/1.00 L1_SingleMu12er1p5/1.00 L1_SingleMu14er1p5/1.00 L1_SingleMu18er1p5/1.00
324980,908,6,5.00,HLT_Mu8_IP6_part0_v2/5,OR,L1_SingleMu22/1.00 L1_SingleMu25/1.00 L1_SingleMu6er1p5/0.00 L1_SingleMu7er1p5/0.00 L1_SingleMu8er1p5/1.00 L1_SingleMu9er1p5/1.00 L1_SingleMu10er1p5/1.00 L1_SingleMu12er1p5/1.00 L1_SingleMu14er1p5/1.00 L1_SingleMu18er1p5/1.00
324980,1371,7,5.00,HLT_Mu8_IP6_part0_v2/5,OR,L1_SingleMu22/1.00 L1_SingleMu25/1.00 L1_SingleMu6er1p5/0.00 L1_SingleMu7er1p5/1.00 L1_SingleMu8er1p5/1.00 L1_SingleMu9er1p5/1.00 L1_SingleMu10er1p5/1.00 L1_SingleMu12er1p5/1.00 L1_SingleMu14er1p5/1.00 L1_SingleMu18er1p5/1.00
324980,2129,8,5.00,HLT_Mu8_IP6_part0_v2/5,OR,L1_SingleMu22/1.00 L1_SingleMu25/1.00 L1_SingleMu6er1p5/0.00 L1_SingleMu7er1p5/1.00 L1_SingleMu8er1p5/1.00 L1_SingleMu9er1p5/1.00 L1_SingleMu10er1p5/1.00 L1_SingleMu12er1p5/1.00 L1_SingleMu14er1p5/1.00 L1_SingleMu18er1p5/1.00
324980,1,0,0.00,HLT_Mu8_IP6_part0_v2/0,OR,L1_SingleMu22/0.00 L1_SingleMu25/0.00 L1_SingleMu6er1p5/0.00 L1_SingleMu7er1p5/0.00 L1_SingleMu8er1p5/0.00 L1_SingleMu9er1p5/0.00 L1_SingleMu10er1p5/0.00 L1_SingleMu12er1p5/0.00 L1_SingleMu14er1p5/0.00 L1_SingleMu18er1p5/0.00
324980,25,2,0.00,HLT_Mu8_IP6_part0_v2/0,OR,L1_SingleMu22/1.00 L1_SingleMu25/1.00 L1_SingleMu6er1p5/0.00 L1_SingleMu7er1p5/0.00 L1_SingleMu8er1p5/0.00 L1_SingleMu9er1p5/0.00 L1_SingleMu10er1p5/0.00 L1_SingleMu12er1p5/0.00 L1_SingleMu14er1p5/0.00 L1_SingleMu18er1p5/0.00
324980,205,3,0.00,HLT_Mu8_IP6_part0_v2/0,OR,L1_SingleMu22/1.00 L1_SingleMu25/1.00 L1_SingleMu6er1p5/0.00 L1_SingleMu7er1p5/0.00 L1_SingleMu8er1p5/0.00 L1_SingleMu9er1p5/0.00 L1_SingleMu10er1p5/0.00 L1_SingleMu12er1p5/1.00 L1_SingleMu14er1p5/0.00 L1_SingleMu18er1p5/0.00
324980,371,4,0.00,HLT_Mu8_IP6_part0_v2/0,OR,L1_SingleMu22/1.00 L1_SingleMu25/1.00 L1_SingleMu6er1p5/0.00 L1_SingleMu7er1p5/0.00 L1_SingleMu8er1p5/0.00 L1_SingleMu9er1p5/0.00 L1_SingleMu10er1p5/1.00 L1_SingleMu12er1p5/1.00 L1_SingleMu14er1p5/1.00 L1_SingleMu18er1p5/1.00
324980,617,5,5.00,HLT_Mu8_IP6_part0_v2/5,OR,L1_SingleMu22/1.00 L1_SingleMu25/1.00 L1_SingleMu6er1p5/0.00 L1_SingleMu7er1p5/0.00 L1_SingleMu8er1p5/0.00 L1_SingleMu9er1p5/1.00 L1_SingleMu10er1p5/1.00 L1_SingleMu12er1p5/1.00 L1_SingleMu14er1p5/1.00 L1_SingleMu18er1p5/1.00
324980,908,6,5.00,HLT_Mu8_IP6_part0_v2/5,OR,L1_SingleMu22/1.00 L1_SingleMu25/1.00 L1_SingleMu6er1p5/0.00 L1_SingleMu7er1p5/0.00 L1_SingleMu8er1p5/1.00 L1_SingleMu9er1p5/1.00 L1_SingleMu10er1p5/1.00 L1_SingleMu12er1p5/1.00 L1_SingleMu14er1p5/1.00 L1_SingleMu18er1p5/1.00
324980,1371,7,5.00,HLT_Mu8_IP6_part0_v2/5,OR,L1_SingleMu22/1.00 L1_SingleMu25/1.00 L1_SingleMu6er1p5/0.00 L1_SingleMu7er1p5/1.00 L1_SingleMu8er1p5/1.00 L1_SingleMu9er1p5/1.00 L1_SingleMu10er1p5/1.00 L1_SingleMu12er1p5/1.00 L1_SingleMu14er1p5/1.00 L1_SingleMu18er1p5/1.00
324980,2129,8,5.00,HLT_Mu8_IP6_part0_v2/5,OR,L1_SingleMu22/1.00 L1_SingleMu25/1.00 L1_SingleMu6er1p5/0.00 L1_SingleMu7er1p5/1.00 L1_SingleMu8er1p5/1.00 L1_SingleMu9er1p5/1.00 L1_SingleMu10er1p5/1.00 L1_SingleMu12er1p5/1.00 L1_SingleMu14er1p5/1.00 L1_SingleMu18er1p5/1.00
324980,1,0,0.00,HLT_Mu8_IP6_part0_v2/0,OR,L1_SingleMu22/0.00 L1_SingleMu25/0.00 L1_SingleMu6er1p5/0.00 L1_SingleMu7er1p5/0.00 L1_SingleMu8er1p5/0.00 L1_SingleMu9er1p5/0.00 L1_SingleMu10er1p5/0.00 L1_SingleMu12er1p5/0.00 L1_SingleMu14er1p5/0.00 L1_SingleMu18er1p5/0.00
324980,25,2,0.00,HLT_Mu8_IP6_part0_v2/0,OR,L1_SingleMu22/1.00 L1_SingleMu25/1.00 L1_SingleMu6er1p5/0.00 L1_SingleMu7er1p5/0.00 L1_SingleMu8er1p5/0.00 L1_SingleMu9er1p5/0.00 L1_SingleMu10er1p5/0.00 L1_SingleMu12er1p5/0.00 L1_SingleMu14er1p5/0.00 L1_SingleMu18er1p5/0.00
324980,205,3,0.00,HLT_Mu8_IP6_part0_v2/0,OR,L1_SingleMu22/1.00 L1_SingleMu25/1.00 L1_SingleMu6er1p5/0.00 L1_SingleMu7er1p5/0.00 L1_SingleMu8er1p5/0.00 L1_SingleMu9er1p5/0.00 L1_SingleMu10er1p5/0.00 L1_SingleMu12er1p5/1.00 L1_SingleMu14er1p5/0.00 L1_SingleMu18er1p5/0.00
324980,371,4,0.00,HLT_Mu8_IP6_part0_v2/0,OR,L1_SingleMu22/1.00 L1_SingleMu25/1.00 L1_SingleMu6er1p5/0.00 L1_SingleMu7er1p5/0.00 L1_SingleMu8er1p5/0.00 L1_SingleMu9er1p5/0.00 L1_SingleMu10er1p5/1.00 L1_SingleMu12er1p5/1.00 L1_SingleMu14er1p5/1.00 L1_SingleMu18er1p5/1.00
324980,617,5,5.00,HLT_Mu8_IP6_part0_v2/5,OR,L1_SingleMu22/1.00 L1_SingleMu25/1.00 L1_SingleMu6er1p5/0.00 L1_SingleMu7er1p5/0.00 L1_SingleMu8er1p5/0.00 L1_SingleMu9er1p5/1.00 L1_SingleMu10er1p5/1.00 L1_SingleMu12er1p5/1.00 L1_SingleMu14er1p5/1.00 L1_SingleMu18er1p5/1.00
324980,908,6,5.00,HLT_Mu8_IP6_part0_v2/5,OR,L1_SingleMu22/1.00 L1_SingleMu25/1.00 L1_SingleMu6er1p5/0.00 L1_SingleMu7er1p5/0.00 L1_SingleMu8er1p5/1.00 L1_SingleMu9er1p5/1.00 L1_SingleMu10er1p5/1.00 L1_SingleMu12er1p5/1.00 L1_SingleMu14er1p5/1.00 L1_SingleMu18er1p5/1.00
324980,1371,7,5.00,HLT_Mu8_IP6_part0_v2/5,OR,L1_SingleMu22/1.00 L1_SingleMu25/1.00 L1_SingleMu6er1p5/0.00 L1_SingleMu7er1p5/1.00 L1_SingleMu8er1p5/1.00 L1_SingleMu9er1p5/1.00 L1_SingleMu10er1p5/1.00 L1_SingleMu12er1p5/1.00 L1_SingleMu14er1p5/1.00 L1_SingleMu18er1p5/1.00
324980,2129,8,5.00,HLT_Mu8_IP6_part0_v2/5,OR,L1_SingleMu22/1.00 L1_SingleMu25/1.00 L1_SingleMu6er1p5/0.00 L1_SingleMu7er1p5/1.00 L1_SingleMu8er1p5/1.00 L1_SingleMu9er1p5/1.00 L1_SingleMu10er1p5/1.00 L1_SingleMu12er1p5/1.00 L1_SingleMu14er1p5/1.00 L1_SingleMu18er1p5/1.00
324997,1,0,0.00,HLT_Mu8_IP6_part0_v2/0,OR,L1_SingleMu22/0.00 L1_SingleMu25/0.00 L1_SingleMu6er1p5/0.00 L1_SingleMu7er1p5/0.00 L1_SingleMu8er1p5/0.00 L1_SingleMu9er1p5/0.00 L1_SingleMu10er1p5/0.00 L1_SingleMu12er1p5/0.00 L1_SingleMu14er1p5/0.00 L1_SingleMu18er1p5/0.00
324997,29,2,0.00,HLT_Mu8_IP6_part0_v2/0,OR,L1_SingleMu22/1.00 L1_SingleMu25/1.00 L1_SingleMu6er1p5/0.00 L1_SingleMu7er1p5/0.00 L1_SingleMu8er1p5/0.00 L1_SingleMu9er1p5/0.00 L1_SingleMu10er1p5/0.00 L1_SingleMu12er1p5/0.00 L1_SingleMu14er1p5/0.00 L1_SingleMu18er1p5/0.00
324997,116,3,0.00,HLT_Mu8_IP6_part0_v2/0,OR,L1_SingleMu22/1.00 L1_SingleMu25/1.00 L1_SingleMu6er1p5/0.00 L1_SingleMu7er1p5/0.00 L1_SingleMu8er1p5/0.00 L1_SingleMu9er1p5/0.00 L1_SingleMu10er1p5/0.00 L1_SingleMu12er1p5/1.00 L1_SingleMu14er1p5/0.00 L1_SingleMu18er1p5/0.00
324998,1,3,0.00,HLT_Mu8_IP6_part0_v2/0,OR,L1_SingleMu22/1.00 L1_SingleMu25/1.00 L1_SingleMu6er1p5/0.00 L1_SingleMu7er1p5/0.00 L1_SingleMu8er1p5/0.00 L1_SingleMu9er1p5/0.00 L1_SingleMu10er1p5/0.00 L1_SingleMu12er1p5/1.00 L1_SingleMu14er1p5/0.00 L1_SingleMu18er1p5/0.00
324998,133,4,0.00,HLT_Mu8_IP6_part0_v2/0,OR,L1_SingleMu22/1.00 L1_SingleMu25/1.00 L1_SingleMu6er1p5/0.00 L1_SingleMu7er1p5/0.00 L1_SingleMu8er1p5/0.00 L1_SingleMu9er1p5/0.00 L1_SingleMu10er1p5/1.00 L1_SingleMu12er1p5/1.00 L1_SingleMu14er1p5/1.00 L1_SingleMu18er1p5/1.00
324998,1,3,0.00,HLT_Mu8_IP6_part0_v2/0,OR,L1_SingleMu22/1.00 L1_SingleMu25/1.00 L1_SingleMu6er1p5/0.00 L1_SingleMu7er1p5/0.00 L1_SingleMu8er1p5/0.00 L1_SingleMu9er1p5/0.00 L1_SingleMu10er1p5/0.00 L1_SingleMu12er1p5/1.00 L1_SingleMu14er1p5/0.00 L1_SingleMu18er1p5/0.00
324998,133,4,0.00,HLT_Mu8_IP6_part0_v2/0,OR,L1_SingleMu22/1.00 L1_SingleMu25/1.00 L1_SingleMu6er1p5/0.00 L1_SingleMu7er1p5/0.00 L1_SingleMu8er1p5/0.00 L1_SingleMu9er1p5/0.00 L1_SingleMu10er1p5/1.00 L1_SingleMu12er1p5/1.00 L1_SingleMu14er1p5/1.00 L1_SingleMu18er1p5/1.00
324999,1,4,0.00,HLT_Mu8_IP6_part0_v2/0,OR,L1_SingleMu22/1.00 L1_SingleMu25/1.00 L1_SingleMu6er1p5/0.00 L1_SingleMu7er1p5/0.00 L1_SingleMu8er1p5/0.00 L1_SingleMu9er1p5/0.00 L1_SingleMu10er1p5/1.00 L1_SingleMu12er1p5/1.00 L1_SingleMu14er1p5/1.00 L1_SingleMu18er1p5/1.00
324999,6,5,5.00,HLT_Mu8_IP6_part0_v2/5,OR,L1_SingleMu22/1.00 L1_SingleMu25/1.00 L1_SingleMu6er1p5/0.00 L1_SingleMu7er1p5/0.00 L1_SingleMu8er1p5/0.00 L1_SingleMu9er1p5/1.00 L1_SingleMu10er1p5/1.00 L1_SingleMu12er1p5/1.00 L1_SingleMu14er1p5/1.00 L1_SingleMu18er1p5/1.00
324999,1,4,0.00,HLT_Mu8_IP6_part0_v2/0,OR,L1_SingleMu22/1.00 L1_SingleMu25/1.00 L1_SingleMu6er1p5/0.00 L1_SingleMu7er1p5/0.00 L1_SingleMu8er1p5/0.00 L1_SingleMu9er1p5/0.00 L1_SingleMu10er1p5/1.00 L1_SingleMu12er1p5/1.00 L1_SingleMu14er1p5/1.00 L1_SingleMu18er1p5/1.00
324999,6,5,5.00,HLT_Mu8_IP6_part0_v2/5,OR,L1_SingleMu22/1.00 L1_SingleMu25/1.00 L1_SingleMu6er1p5/0.00 L1_SingleMu7er1p5/0.00 L1_SingleMu8er1p5/0.00 L1_SingleMu9er1p5/1.00 L1_SingleMu10er1p5/1.00 L1_SingleMu12er1p5/1.00 L1_SingleMu14er1p5/1.00 L1_SingleMu18er1p5/1.00
325000,1,5,5.00,HLT_Mu8_IP6_part0_v2/5,OR,L1_SingleMu22/1.00 L1_SingleMu25/1.00 L1_SingleMu6er1p5/0.00 L1_SingleMu7er1p5/0.00 L1_SingleMu8er1p5/0.00 L1_SingleMu9er1p5/1.00 L1_SingleMu10er1p5/1.00 L1_SingleMu12er1p5/1.00 L1_SingleMu14er1p5/1.00 L1_SingleMu18er1p5/1.00
325000,261,6,5.00,HLT_Mu8_IP6_part0_v2/5,OR,L1_SingleMu22/1.00 L1_SingleMu25/1.00 L1_SingleMu6er1p5/0.00 L1_SingleMu7er1p5/0.00 L1_SingleMu8er1p5/1.00 L1_SingleMu9er1p5/1.00 L1_SingleMu10er1p5/1.00 L1_SingleMu12er1p5/1.00 L1_SingleMu14er1p5/1.00 L1_SingleMu18er1p5/1.00
325000,1,5,5.00,HLT_Mu8_IP6_part0_v2/5,OR,L1_SingleMu22/1.00 L1_SingleMu25/1.00 L1_SingleMu6er1p5/0.00 L1_SingleMu7er1p5/0.00 L1_SingleMu8er1p5/0.00 L1_SingleMu9er1p5/1.00 L1_SingleMu10er1p5/1.00 L1_SingleMu12er1p5/1.00 L1_SingleMu14er1p5/1.00 L1_SingleMu18er1p5/1.00
325000,261,6,5.00,HLT_Mu8_IP6_part0_v2/5,OR,L1_SingleMu22/1.00 L1_SingleMu25/1.00 L1_SingleMu6er1p5/0.00 L1_SingleMu7er1p5/0.00 L1_SingleMu8er1p5/1.00 L1_SingleMu9er1p5/1.00 L1_SingleMu10er1p5/1.00 L1_SingleMu12er1p5/1.00 L1_SingleMu14er1p5/1.00 L1_SingleMu18er1p5/1.00
325001,1,6,5.00,HLT_Mu8_IP6_part0_v2/5,OR,L1_SingleMu22/1.00 L1_SingleMu25/1.00 L1_SingleMu6er1p5/0.00 L1_SingleMu7er1p5/0.00 L1_SingleMu8er1p5/1.00 L1_SingleMu9er1p5/1.00 L1_SingleMu10er1p5/1.00 L1_SingleMu12er1p5/1.00 L1_SingleMu14er1p5/1.00 L1_SingleMu18er1p5/1.00
325001,343,7,5.00,HLT_Mu8_IP6_part0_v2/5,OR,L1_SingleMu22/1.00 L1_SingleMu25/1.00 L1_SingleMu6er1p5/0.00 L1_SingleMu7er1p5/1.00 L1_SingleMu8er1p5/1.00 L1_SingleMu9er1p5/1.00 L1_SingleMu10er1p5/1.00 L1_SingleMu12er1p5/1.00 L1_SingleMu14er1p5/1.00 L1_SingleMu18er1p5/1.00
325022,1,0,0.00,HLT_Mu8_IP6_part0_v2/0,OR,L1_SingleMu22/0.00 L1_SingleMu25/0.00 L1_SingleMu6er1p5/0.00 L1_SingleMu7er1p5/0.00 L1_SingleMu8er1p5/0.00 L1_SingleMu9er1p5/0.00 L1_SingleMu10er1p5/0.00 L1_SingleMu12er1p5/0.00 L1_SingleMu14er1p5/0.00 L1_SingleMu18er1p5/0.00
325022,17,2,0.00,HLT_Mu8_IP6_part0_v2/0,OR,L1_SingleMu22/1.00 L1_SingleMu25/1.00 L1_SingleMu6er1p5/0.00 L1_SingleMu7er1p5/0.00 L1_SingleMu8er1p5/0.00 L1_SingleMu9er1p5/0.00 L1_SingleMu10er1p5/0.00 L1_SingleMu12er1p5/0.00 L1_SingleMu14er1p5/0.00 L1_SingleMu18er1p5/0.00
325022,38,1,0.00,HLT_Mu8_IP6_part0_v2/0,OR,L1_SingleMu22/1.00 L1_SingleMu25/1.00 L1_SingleMu6er1p5/0.00 L1_SingleMu7er1p5/0.00 L1_SingleMu8er1p5/0.00 L1_SingleMu9er1p5/0.00 L1_SingleMu10er1p5/0.00 L1_SingleMu12er1p5/0.00 L1_SingleMu14er1p5/0.00 L1_SingleMu18er1p5/0.00
325022,64,2,0.00,HLT_Mu8_IP6_part0_v2/0,OR,L1_SingleMu22/1.00 L1_SingleMu25/1.00 L1_SingleMu6er1p5/0.00 L1_SingleMu7er1p5/0.00 L1_SingleMu8er1p5/0.00 L1_SingleMu9er1p5/0.00 L1_SingleMu10er1p5/0.00 L1_SingleMu12er1p5/0.00 L1_SingleMu14er1p5/0.00 L1_SingleMu18er1p5/0.00
325022,378,3,0.00,HLT_Mu8_IP6_part0_v2/0,OR,L1_SingleMu22/1.00 L1_SingleMu25/1.00 L1_SingleMu6er1p5/0.00 L1_SingleMu7er1p5/0.00 L1_SingleMu8er1p5/0.00 L1_SingleMu9er1p5/0.00 L1_SingleMu10er1p5/0.00 L1_SingleMu12er1p5/1.00 L1_SingleMu14er1p5/0.00 L1_SingleMu18er1p5/0.00
325022,387,9,0.00,HLT_Mu8_IP6_part0_v2/0,OR,L1_SingleMu22/1.00 L1_SingleMu25/1.00 L1_SingleMu6er1p5/0.00 L1_SingleMu7er1p5/0.00 L1_SingleMu8er1p5/0.00 L1_SingleMu9er1p5/0.00 L1_SingleMu10er1p5/0.00 L1_SingleMu12er1p5/0.00 L1_SingleMu14er1p5/0.00 L1_SingleMu18er1p5/0.00
325022,1317,6,5.00,HLT_Mu8_IP6_part0_v2/5,OR,L1_SingleMu22/1.00 L1_SingleMu25/1.00 L1_SingleMu6er1p5/0.00 L1_SingleMu7er1p5/0.00 L1_SingleMu8er1p5/1.00 L1_SingleMu9er1p5/1.00 L1_SingleMu10er1p5/1.00 L1_SingleMu12er1p5/1.00 L1_SingleMu14er1p5/1.00 L1_SingleMu18er1p5/1.00
325022,1485,7,5.00,HLT_Mu8_IP6_part0_v2/5,OR,L1_SingleMu22/1.00 L1_SingleMu25/1.00 L1_SingleMu6er1p5/0.00 L1_SingleMu7er1p5/1.00 L1_SingleMu8er1p5/1.00 L1_SingleMu9er1p5/1.00 L1_SingleMu10er1p5/1.00 L1_SingleMu12er1p5/1.00 L1_SingleMu14er1p5/1.00 L1_SingleMu18er1p5/1.00
325022,1,0,0.00,HLT_Mu8_IP6_part0_v2/0,OR,L1_SingleMu22/0.00 L1_SingleMu25/0.00 L1_SingleMu6er1p5/0.00 L1_SingleMu7er1p5/0.00 L1_SingleMu8er1p5/0.00 L1_SingleMu9er1p5/0.00 L1_SingleMu10er1p5/0.00 L1_SingleMu12er1p5/0.00 L1_SingleMu14er1p5/0.00 L1_SingleMu18er1p5/0.00
325022,17,2,0.00,HLT_Mu8_IP6_part0_v2/0,OR,L1_SingleMu22/1.00 L1_SingleMu25/1.00 L1_SingleMu6er1p5/0.00 L1_SingleMu7er1p5/0.00 L1_SingleMu8er1p5/0.00 L1_SingleMu9er1p5/0.00 L1_SingleMu10er1p5/0.00 L1_SingleMu12er1p5/0.00 L1_SingleMu14er1p5/0.00 L1_SingleMu18er1p5/0.00
325022,38,1,0.00,HLT_Mu8_IP6_part0_v2/0,OR,L1_SingleMu22/1.00 L1_SingleMu25/1.00 L1_SingleMu6er1p5/0.00 L1_SingleMu7er1p5/0.00 L1_SingleMu8er1p5/0.00 L1_SingleMu9er1p5/0.00 L1_SingleMu10er1p5/0.00 L1_SingleMu12er1p5/0.00 L1_SingleMu14er1p5/0.00 L1_SingleMu18er1p5/0.00
325022,64,2,0.00,HLT_Mu8_IP6_part0_v2/0,OR,L1_SingleMu22/1.00 L1_SingleMu25/1.00 L1_SingleMu6er1p5/0.00 L1_SingleMu7er1p5/0.00 L1_SingleMu8er1p5/0.00 L1_SingleMu9er1p5/0.00 L1_SingleMu10er1p5/0.00 L1_SingleMu12er1p5/0.00 L1_SingleMu14er1p5/0.00 L1_SingleMu18er1p5/0.00
325022,378,3,0.00,HLT_Mu8_IP6_part0_v2/0,OR,L1_SingleMu22/1.00 L1_SingleMu25/1.00 L1_SingleMu6er1p5/0.00 L1_SingleMu7er1p5/0.00 L1_SingleMu8er1p5/0.00 L1_SingleMu9er1p5/0.00 L1_SingleMu10er1p5/0.00 L1_SingleMu12er1p5/1.00 L1_SingleMu14er1p5/0.00 L1_SingleMu18er1p5/0.00
325022,387,9,0.00,HLT_Mu8_IP6_part0_v2/0,OR,L1_SingleMu22/1.00 L1_SingleMu25/1.00 L1_SingleMu6er1p5/0.00 L1_SingleMu7er1p5/0.00 L1_SingleMu8er1p5/0.00 L1_SingleMu9er1p5/0.00 L1_SingleMu10er1p5/0.00 L1_SingleMu12er1p5/0.00 L1_SingleMu14er1p5/0.00 L1_SingleMu18er1p5/0.00
325022,1317,6,5.00,HLT_Mu8_IP6_part0_v2/5,OR,L1_SingleMu22/1.00 L1_SingleMu25/1.00 L1_SingleMu6er1p5/0.00 L1_SingleMu7er1p5/0.00 L1_SingleMu8er1p5/1.00 L1_SingleMu9er1p5/1.00 L1_SingleMu10er1p5/1.00 L1_SingleMu12er1p5/1.00 L1_SingleMu14er1p5/1.00 L1_SingleMu18er1p5/1.00
325022,1485,7,5.00,HLT_Mu8_IP6_part0_v2/5,OR,L1_SingleMu22/1.00 L1_SingleMu25/1.00 L1_SingleMu6er1p5/0.00 L1_SingleMu7er1p5/1.00 L1_SingleMu8er1p5/1.00 L1_SingleMu9er1p5/1.00 L1_SingleMu10er1p5/1.00 L1_SingleMu12er1p5/1.00 L1_SingleMu14er1p5/1.00 L1_SingleMu18er1p5/1.00
325057,1,0,0.00,HLT_Mu8_IP6_part0_v2/0,OR,L1_SingleMu22/0.00 L1_SingleMu25/0.00 L1_SingleMu6er1p5/0.00 L1_SingleMu7er1p5/0.00 L1_SingleMu8er1p5/0.00 L1_SingleMu9er1p5/0.00 L1_SingleMu10er1p5/0.00 L1_SingleMu12er1p5/0.00 L1_SingleMu14er1p5/0.00 L1_SingleMu18er1p5/0.00
325057,22,2,0.00,HLT_Mu8_IP6_part0_v2/0,OR,L1_SingleMu22/1.00 L1_SingleMu25/1.00 L1_SingleMu6er1p5/0.00 L1_SingleMu7er1p5/0.00 L1_SingleMu8er1p5/0.00 L1_SingleMu9er1p5/0.00 L1_SingleMu10er1p5/0.00 L1_SingleMu12er1p5/0.00 L1_SingleMu14er1p5/0.00 L1_SingleMu18er1p5/0.00
325057,181,3,0.00,HLT_Mu8_IP6_part0_v2/0,OR,L1_SingleMu22/1.00 L1_SingleMu25/1.00 L1_SingleMu6er1p5/0.00 L1_SingleMu7er1p5/0.00 L1_SingleMu8er1p5/0.00 L1_SingleMu9er1p5/0.00 L1_SingleMu10er1p5/0.00 L1_SingleMu12er1p5/1.00 L1_SingleMu14er1p5/0.00 L1_SingleMu18er1p5/0.00
325057,368,4,0.00,HLT_Mu8_IP6_part0_v2/0,OR,L1_SingleMu22/1.00 L1_SingleMu25/1.00 L1_SingleMu6er1p5/0.00 L1_SingleMu7er1p5/0.00 L1_SingleMu8er1p5/0.00 L1_SingleMu9er1p5/0.00 L1_SingleMu10er1p5/1.00 L1_SingleMu12er1p5/1.00 L1_SingleMu14er1p5/1.00 L1_SingleMu18er1p5/1.00
325057,1,0,0.00,HLT_Mu8_IP6_part0_v2/0,OR,L1_SingleMu22/0.00 L1_SingleMu25/0.00 L1_SingleMu6er1p5/0.00 L1_SingleMu7er1p5/0.00 L1_SingleMu8er1p5/0.00 L1_SingleMu9er1p5/0.00 L1_SingleMu10er1p5/0.00 L1_SingleMu12er1p5/0.00 L1_SingleMu14er1p5/0.00 L1_SingleMu18er1p5/0.00
325057,22,2,0.00,HLT_Mu8_IP6_part0_v2/0,OR,L1_SingleMu22/1.00 L1_SingleMu25/1.00 L1_SingleMu6er1p5/0.00 L1_SingleMu7er1p5/0.00 L1_SingleMu8er1p5/0.00 L1_SingleMu9er1p5/0.00 L1_SingleMu10er1p5/0.00 L1_SingleMu12er1p5/0.00 L1_SingleMu14er1p5/0.00 L1_SingleMu18er1p5/0.00
325057,181,3,0.00,HLT_Mu8_IP6_part0_v2/0,OR,L1_SingleMu22/1.00 L1_SingleMu25/1.00 L1_SingleMu6er1p5/0.00 L1_SingleMu7er1p5/0.00 L1_SingleMu8er1p5/0.00 L1_SingleMu9er1p5/0.00 L1_SingleMu10er1p5/0.00 L1_SingleMu12er1p5/1.00 L1_SingleMu14er1p5/0.00 L1_SingleMu18er1p5/0.00
325057,368,4,0.00,HLT_Mu8_IP6_part0_v2/0,OR,L1_SingleMu22/1.00 L1_SingleMu25/1.00 L1_SingleMu6er1p5/0.00 L1_SingleMu7er1p5/0.00 L1_SingleMu8er1p5/0.00 L1_SingleMu9er1p5/0.00 L1_SingleMu10er1p5/1.00 L1_SingleMu12er1p5/1.00 L1_SingleMu14er1p5/1.00 L1_SingleMu18er1p5/1.00
325099,1,2,0.00,HLT_Mu8_IP6_part0_v2/0,OR,L1_SingleMu22/1.00 L1_SingleMu25/1.00 L1_SingleMu6er1p5/0.00 L1_SingleMu7er1p5/0.00 L1_SingleMu8er1p5/0.00 L1_SingleMu9er1p5/0.00 L1_SingleMu10er1p5/0.00 L1_SingleMu12er1p5/0.00 L1_SingleMu14er1p5/0.00 L1_SingleMu18er1p5/0.00
325099,106,3,0.00,HLT_Mu8_IP6_part0_v2/0,OR,L1_SingleMu22/1.00 L1_SingleMu25/1.00 L1_SingleMu6er1p5/0.00 L1_SingleMu7er1p5/0.00 L1_SingleMu8er1p5/0.00 L1_SingleMu9er1p5/0.00 L1_SingleMu10er1p5/0.00 L1_SingleMu12er1p5/1.00 L1_SingleMu14er1p5/0.00 L1_SingleMu18er1p5/0.00
325099,328,4,0.00,HLT_Mu8_IP6_part0_v2/0,OR,L1_SingleMu22/1.00 L1_SingleMu25/1.00 L1_SingleMu6er1p5/0.00 L1_SingleMu7er1p5/0.00 L1_SingleMu8er1p5/0.00 L1_SingleMu9er1p5/0.00 L1_SingleMu10er1p5/1.00 L1_SingleMu12er1p5/1.00 L1_SingleMu14er1p5/1.00 L1_SingleMu18er1p5/1.00
325099,1,2,0.00,HLT_Mu8_IP6_part0_v2/0,OR,L1_SingleMu22/1.00 L1_SingleMu25/1.00 L1_SingleMu6er1p5/0.00 L1_SingleMu7er1p5/0.00 L1_SingleMu8er1p5/0.00 L1_SingleMu9er1p5/0.00 L1_SingleMu10er1p5/0.00 L1_SingleMu12er1p5/0.00 L1_SingleMu14er1p5/0.00 L1_SingleMu18er1p5/0.00
325099,106,3,0.00,HLT_Mu8_IP6_part0_v2/0,OR,L1_SingleMu22/1.00 L1_SingleMu25/1.00 L1_SingleMu6er1p5/0.00 L1_SingleMu7er1p5/0.00 L1_SingleMu8er1p5/0.00 L1_SingleMu9er1p5/0.00 L1_SingleMu10er1p5/0.00 L1_SingleMu12er1p5/1.00 L1_SingleMu14er1p5/0.00 L1_SingleMu18er1p5/0.00
325099,328,4,0.00,HLT_Mu8_IP6_part0_v2/0,OR,L1_SingleMu22/1.00 L1_SingleMu25/1.00 L1_SingleMu6er1p5/0.00 L1_SingleMu7er1p5/0.00 L1_SingleMu8er1p5/0.00 L1_SingleMu9er1p5/0.00 L1_SingleMu10er1p5/1.00 L1_SingleMu12er1p5/1.00 L1_SingleMu14er1p5/1.00 L1_SingleMu18er1p5/1.00
325100,1,4,0.00,HLT_Mu8_IP6_part0_v2/0,OR,L1_SingleMu22/1.00 L1_SingleMu25/1.00 L1_SingleMu6er1p5/0.00 L1_SingleMu7er1p5/0.00 L1_SingleMu8er1p5/0.00 L1_SingleMu9er1p5/0.00 L1_SingleMu10er1p5/1.00 L1_SingleMu12er1p5/1.00 L1_SingleMu14er1p5/1.00 L1_SingleMu18er1p5/1.00
325100,184,5,5.00,HLT_Mu8_IP6_part0_v2/5,OR,L1_SingleMu22/1.00 L1_SingleMu25/1.00 L1_SingleMu6er1p5/0.00 L1_SingleMu7er1p5/0.00 L1_SingleMu8er1p5/0.00 L1_SingleMu9er1p5/1.00 L1_SingleMu10er1p5/1.00 L1_SingleMu12er1p5/1.00 L1_SingleMu14er1p5/1.00 L1_SingleMu18er1p5/1.00
325100,1,4,0.00,HLT_Mu8_IP6_part0_v2/0,OR,L1_SingleMu22/1.00 L1_SingleMu25/1.00 L1_SingleMu6er1p5/0.00 L1_SingleMu7er1p5/0.00 L1_SingleMu8er1p5/0.00 L1_SingleMu9er1p5/0.00 L1_SingleMu10er1p5/1.00 L1_SingleMu12er1p5/1.00 L1_SingleMu14er1p5/1.00 L1_SingleMu18er1p5/1.00
325100,184,5,5.00,HLT_Mu8_IP6_part0_v2/5,OR,L1_SingleMu22/1.00 L1_SingleMu25/1.00 L1_SingleMu6er1p5/0.00 L1_SingleMu7er1p5/0.00 L1_SingleMu8er1p5/0.00 L1_SingleMu9er1p5/1.00 L1_SingleMu10er1p5/1.00 L1_SingleMu12er1p5/1.00 L1_SingleMu14er1p5/1.00 L1_SingleMu18er1p5/1.00
325101,1,5,5.00,HLT_Mu8_IP6_part0_v2/5,OR,L1_SingleMu22/1.00 L1_SingleMu25/1.00 L1_SingleMu6er1p5/0.00 L1_SingleMu7er1p5/0.00 L1_SingleMu8er1p5/0.00 L1_SingleMu9er1p5/1.00 L1_SingleMu10er1p5/1.00 L1_SingleMu12er1p5/1.00 L1_SingleMu14er1p5/1.00 L1_SingleMu18er1p5/1.00
325101,245,6,5.00,HLT_Mu8_IP6_part0_v2/5,OR,L1_SingleMu22/1.00 L1_SingleMu25/1.00 L1_SingleMu6er1p5/0.00 L1_SingleMu7er1p5/0.00 L1_SingleMu8er1p5/1.00 L1_SingleMu9er1p5/1.00 L1_SingleMu10er1p5/1.00 L1_SingleMu12er1p5/1.00 L1_SingleMu14er1p5/1.00 L1_SingleMu18er1p5/1.00
325101,1,5,5.00,HLT_Mu8_IP6_part0_v2/5,OR,L1_SingleMu22/1.00 L1_SingleMu25/1.00 L1_SingleMu6er1p5/0.00 L1_SingleMu7er1p5/0.00 L1_SingleMu8er1p5/0.00 L1_SingleMu9er1p5/1.00 L1_SingleMu10er1p5/1.00 L1_SingleMu12er1p5/1.00 L1_SingleMu14er1p5/1.00 L1_SingleMu18er1p5/1.00
325101,245,6,5.00,HLT_Mu8_IP6_part0_v2/5,OR,L1_SingleMu22/1.00 L1_SingleMu25/1.00 L1_SingleMu6er1p5/0.00 L1_SingleMu7er1p5/0.00 L1_SingleMu8er1p5/1.00 L1_SingleMu9er1p5/1.00 L1_SingleMu10er1p5/1.00 L1_SingleMu12er1p5/1.00 L1_SingleMu14er1p5/1.00 L1_SingleMu18er1p5/1.00
325110,1,2,0.00,HLT_Mu8_IP6_part0_v2/0,OR,L1_SingleMu22/1.00 L1_SingleMu25/1.00 L1_SingleMu6er1p5/0.00 L1_SingleMu7er1p5/0.00 L1_SingleMu8er1p5/0.00 L1_SingleMu9er1p5/0.00 L1_SingleMu10er1p5/0.00 L1_SingleMu12er1p5/0.00 L1_SingleMu14er1p5/0.00 L1_SingleMu18er1p5/0.00
325110,3,7,5.00,HLT_Mu8_IP6_part0_v2/5,OR,L1_SingleMu22/1.00 L1_SingleMu25/1.00 L1_SingleMu6er1p5/0.00 L1_SingleMu7er1p5/0.00 L1_SingleMu8er1p5/0.00 L1_SingleMu9er1p5/0.00 L1_SingleMu10er1p5/0.00 L1_SingleMu12er1p5/0.00 L1_SingleMu14er1p5/0.00 L1_SingleMu18er1p5/0.00
325117,1,0,0.00,HLT_Mu8_IP6_part0_v2/0,OR,L1_SingleMu22/0.00 L1_SingleMu25/0.00 L1_SingleMu6er1p5/0.00 L1_SingleMu7er1p5/0.00 L1_SingleMu8er1p5/0.00 L1_SingleMu9er1p5/0.00 L1_SingleMu10er1p5/0.00 L1_SingleMu12er1p5/0.00 L1_SingleMu14er1p5/0.00 L1_SingleMu18er1p5/0.00
325117,3,7,5.00,HLT_Mu8_IP6_part0_v2/5,OR,L1_SingleMu22/1.00 L1_SingleMu25/1.00 L1_SingleMu6er1p5/0.00 L1_SingleMu7er1p5/1.00 L1_SingleMu8er1p5/1.00 L1_SingleMu9er1p5/1.00 L1_SingleMu10er1p5/1.00 L1_SingleMu12er1p5/1.00 L1_SingleMu14er1p5/1.00 L1_SingleMu18er1p5/1.00
325159,1,0,0.00,HLT_Mu8_IP6_part0_v2/0,OR,L1_SingleMu22/0.00 L1_SingleMu25/0.00 L1_SingleMu6er1p5/0.00 L1_SingleMu7er1p5/0.00 L1_SingleMu8er1p5/0.00 L1_SingleMu9er1p5/0.00 L1_SingleMu10er1p5/0.00 L1_SingleMu12er1p5/0.00 L1_SingleMu14er1p5/0.00 L1_SingleMu18er1p5/0.00
325159,2,2,0.00,HLT_Mu8_IP6_part0_v2/0,OR,L1_SingleMu22/1.00 L1_SingleMu25/1.00 L1_SingleMu6er1p5/0.00 L1_SingleMu7er1p5/0.00 L1_SingleMu8er1p5/0.00 L1_SingleMu9er1p5/0.00 L1_SingleMu10er1p5/0.00 L1_SingleMu12er1p5/0.00 L1_SingleMu14er1p5/0.00 L1_SingleMu18er1p5/0.00
325159,70,4,0.00,HLT_Mu8_IP6_part0_v2/0,OR,L1_SingleMu22/1.00 L1_SingleMu25/1.00 L1_SingleMu6er1p5/0.00 L1_SingleMu7er1p5/0.00 L1_SingleMu8er1p5/0.00 L1_SingleMu9er1p5/0.00 L1_SingleMu10er1p5/1.00 L1_SingleMu12er1p5/1.00 L1_SingleMu14er1p5/1.00 L1_SingleMu18er1p5/1.00
325159,236,5,5.00,HLT_Mu8_IP6_part0_v2/5,OR,L1_SingleMu22/1.00 L1_SingleMu25/1.00 L1_SingleMu6er1p5/0.00 L1_SingleMu7er1p5/0.00 L1_SingleMu8er1p5/0.00 L1_SingleMu9er1p5/1.00 L1_SingleMu10er1p5/1.00 L1_SingleMu12er1p5/1.00 L1_SingleMu14er1p5/1.00 L1_SingleMu18er1p5/1.00
325159,1,0,0.00,HLT_Mu8_IP6_part0_v2/0,OR,L1_SingleMu22/0.00 L1_SingleMu25/0.00 L1_SingleMu6er1p5/0.00 L1_SingleMu7er1p5/0.00 L1_SingleMu8er1p5/0.00 L1_SingleMu9er1p5/0.00 L1_SingleMu10er1p5/0.00 L1_SingleMu12er1p5/0.00 L1_SingleMu14er1p5/0.00 L1_SingleMu18er1p5/0.00
325159,2,2,0.00,HLT_Mu8_IP6_part0_v2/0,OR,L1_SingleMu22/1.00 L1_SingleMu25/1.00 L1_SingleMu6er1p5/0.00 L1_SingleMu7er1p5/0.00 L1_SingleMu8er1p5/0.00 L1_SingleMu9er1p5/0.00 L1_SingleMu10er1p5/0.00 L1_SingleMu12er1p5/0.00 L1_SingleMu14er1p5/0.00 L1_SingleMu18er1p5/0.00
325159,70,4,0.00,HLT_Mu8_IP6_part0_v2/0,OR,L1_SingleMu22/1.00 L1_SingleMu25/1.00 L1_SingleMu6er1p5/0.00 L1_SingleMu7er1p5/0.00 L1_SingleMu8er1p5/0.00 L1_SingleMu9er1p5/0.00 L1_SingleMu10er1p5/1.00 L1_SingleMu12er1p5/1.00 L1_SingleMu14er1p5/1.00 L1_SingleMu18er1p5/1.00
325159,236,5,5.00,HLT_Mu8_IP6_part0_v2/5,OR,L1_SingleMu22/1.00 L1_SingleMu25/1.00 L1_SingleMu6er1p5/0.00 L1_SingleMu7er1p5/0.00 L1_SingleMu8er1p5/0.00 L1_SingleMu9er1p5/1.00 L1_SingleMu10er1p5/1.00 L1_SingleMu12er1p5/1.00 L1_SingleMu14er1p5/1.00 L1_SingleMu18er1p5/1.00
325168,1,5,5.00,HLT_Mu8_IP6_part0_v2/5,OR,L1_SingleMu22/1.00 L1_SingleMu25/1.00 L1_SingleMu6er1p5/0.00 L1_SingleMu7er1p5/0.00 L1_SingleMu8er1p5/0.00 L1_SingleMu9er1p5/1.00 L1_SingleMu10er1p5/1.00 L1_SingleMu12er1p5/1.00 L1_SingleMu14er1p5/1.00 L1_SingleMu18er1p5/1.00
325169,1,5,5.00,HLT_Mu8_IP6_part0_v2/5,OR,L1_SingleMu22/1.00 L1_SingleMu25/1.00 L1_SingleMu6er1p5/0.00 L1_SingleMu7er1p5/0.00 L1_SingleMu8er1p5/0.00 L1_SingleMu9er1p5/1.00 L1_SingleMu10er1p5/1.00 L1_SingleMu12er1p5/1.00 L1_SingleMu14er1p5/1.00 L1_SingleMu18er1p5/1.00
325170,1,5,5.00,HLT_Mu8_IP6_part0_v2/5,OR,L1_SingleMu22/1.00 L1_SingleMu25/1.00 L1_SingleMu6er1p5/0.00 L1_SingleMu7er1p5/0.00 L1_SingleMu8er1p5/0.00 L1_SingleMu9er1p5/1.00 L1_SingleMu10er1p5/1.00 L1_SingleMu12er1p5/1.00 L1_SingleMu14er1p5/1.00 L1_SingleMu18er1p5/1.00
325170,197,6,5.00,HLT_Mu8_IP6_part0_v2/5,OR,L1_SingleMu22/1.00 L1_SingleMu25/1.00 L1_SingleMu6er1p5/0.00 L1_SingleMu7er1p5/0.00 L1_SingleMu8er1p5/1.00 L1_SingleMu9er1p5/1.00 L1_SingleMu10er1p5/1.00 L1_SingleMu12er1p5/1.00 L1_SingleMu14er1p5/1.00 L1_SingleMu18er1p5/1.00
325170,222,5,5.00,HLT_Mu8_IP6_part0_v2/5,OR,L1_SingleMu22/1.00 L1_SingleMu25/1.00 L1_SingleMu6er1p5/0.00 L1_SingleMu7er1p5/0.00 L1_SingleMu8er1p5/0.00 L1_SingleMu9er1p5/1.00 L1_SingleMu10er1p5/1.00 L1_SingleMu12er1p5/1.00 L1_SingleMu14er1p5/1.00 L1_SingleMu18er1p5/1.00
325170,333,6,5.00,HLT_Mu8_IP6_part0_v2/5,OR,L1_SingleMu22/1.00 L1_SingleMu25/1.00 L1_SingleMu6er1p5/0.00 L1_SingleMu7er1p5/0.00 L1_SingleMu8er1p5/1.00 L1_SingleMu9er1p5/1.00 L1_SingleMu10er1p5/1.00 L1_SingleMu12er1p5/1.00 L1_SingleMu14er1p5/1.00 L1_SingleMu18er1p5/1.00
325170,703,7,5.00,HLT_Mu8_IP6_part0_v2/5,OR,L1_SingleMu22/1.00 L1_SingleMu25/1.00 L1_SingleMu6er1p5/0.00 L1_SingleMu7er1p5/1.00 L1_SingleMu8er1p5/1.00 L1_SingleMu9er1p5/1.00 L1_SingleMu10er1p5/1.00 L1_SingleMu12er1p5/1.00 L1_SingleMu14er1p5/1.00 L1_SingleMu18er1p5/1.00
325170,1,5,5.00,HLT_Mu8_IP6_part0_v2/5,OR,L1_SingleMu22/1.00 L1_SingleMu25/1.00 L1_SingleMu6er1p5/0.00 L1_SingleMu7er1p5/0.00 L1_SingleMu8er1p5/0.00 L1_SingleMu9er1p5/1.00 L1_SingleMu10er1p5/1.00 L1_SingleMu12er1p5/1.00 L1_SingleMu14er1p5/1.00 L1_SingleMu18er1p5/1.00
325170,197,6,5.00,HLT_Mu8_IP6_part0_v2/5,OR,L1_SingleMu22/1.00 L1_SingleMu25/1.00 L1_SingleMu6er1p5/0.00 L1_SingleMu7er1p5/0.00 L1_SingleMu8er1p5/1.00 L1_SingleMu9er1p5/1.00 L1_SingleMu10er1p5/1.00 L1_SingleMu12er1p5/1.00 L1_SingleMu14er1p5/1.00 L1_SingleMu18er1p5/1.00
325170,222,5,5.00,HLT_Mu8_IP6_part0_v2/5,OR,L1_SingleMu22/1.00 L1_SingleMu25/1.00 L1_SingleMu6er1p5/0.00 L1_SingleMu7er1p5/0.00 L1_SingleMu8er1p5/0.00 L1_SingleMu9er1p5/1.00 L1_SingleMu10er1p5/1.00 L1_SingleMu12er1p5/1.00 L1_SingleMu14er1p5/1.00 L1_SingleMu18er1p5/1.00
325170,333,6,5.00,HLT_Mu8_IP6_part0_v2/5,OR,L1_SingleMu22/1.00 L1_SingleMu25/1.00 L1_SingleMu6er1p5/0.00 L1_SingleMu7er1p5/0.00 L1_SingleMu8er1p5/1.00 L1_SingleMu9er1p5/1.00 L1_SingleMu10er1p5/1.00 L1_SingleMu12er1p5/1.00 L1_SingleMu14er1p5/1.00 L1_SingleMu18er1p5/1.00
325170,703,7,5.00,HLT_Mu8_IP6_part0_v2/5,OR,L1_SingleMu22/1.00 L1_SingleMu25/1.00 L1_SingleMu6er1p5/0.00 L1_SingleMu7er1p5/1.00 L1_SingleMu8er1p5/1.00 L1_SingleMu9er1p5/1.00 L1_SingleMu10er1p5/1.00 L1_SingleMu12er1p5/1.00 L1_SingleMu14er1p5/1.00 L1_SingleMu18er1p5/1.00
325172,1,0,0.00,HLT_Mu8_IP6_part0_v2/0,OR,L1_SingleMu22/0.00 L1_SingleMu25/0.00 L1_SingleMu6er1p5/0.00 L1_SingleMu7er1p5/0.00 L1_SingleMu8er1p5/0.00 L1_SingleMu9er1p5/0.00 L1_SingleMu10er1p5/0.00 L1_SingleMu12er1p5/0.00 L1_SingleMu14er1p5/0.00 L1_SingleMu18er1p5/0.00
325172,4,7,5.00,HLT_Mu8_IP6_part0_v2/5,OR,L1_SingleMu22/1.00 L1_SingleMu25/1.00 L1_SingleMu6er1p5/0.00 L1_SingleMu7er1p5/1.00 L1_SingleMu8er1p5/1.00 L1_SingleMu9er1p5/1.00 L1_SingleMu10er1p5/1.00 L1_SingleMu12er1p5/1.00 L1_SingleMu14er1p5/1.00 L1_SingleMu18er1p5/1.00
325172,353,8,5.00,HLT_Mu8_IP6_part0_v2/5,OR,L1_SingleMu22/1.00 L1_SingleMu25/1.00 L1_SingleMu6er1p5/0.00 L1_SingleMu7er1p5/1.00 L1_SingleMu8er1p5/1.00 L1_SingleMu9er1p5/1.00 L1_SingleMu10er1p5/1.00 L1_SingleMu12er1p5/1.00 L1_SingleMu14er1p5/1.00 L1_SingleMu18er1p5/1.00
